Observation id,Observation date,Description,Observation type,Source,Time offset (s),Coding duration,Media duration (s),FPS (frame/s),Coder ID Initials,Arena Site,Deployement Period,Subject,Observation duration by subject by observation,Behavior,Behavioral category,Modifier #1,Modifier #2,Modifier #3,Modifier #4,Modifier #5,Behavior type,Start (s),Stop (s),Duration (s),Media file name,Image index start,Image index stop,Image file path start,Image file path stop,Comment start,Comment stop
2026-HC-BBC-A-B__2026-01-13_17-13-41,2026-08-06 16:37:21.345,,Media file,player #1:teressa_sync_filtered_videos\HC-BBC\Deployement period 1\2026-HC-BBC-A-B__2026-01-13_17-13-41.mp4,0.0,97.700,148.567,30.000,TW,BBC, 1,Balthasar,99.5,handling HC,food handling,None,bucket 1,None,None,None,STATE,42.133,62.967,20.834,teressa_sync_filtered_videos\HC-BBC\Deployement period 1\2026-HC-BBC-A-B__2026-01-13_17-13-41.mp4,1264,1889,,,,
2026-HC-BBC-A-B__2026-01-13_17-13-41,2026-08-06 16:37:21.345,,Media file,player #1:teressa_sync_filtered_videos\HC-BBC\Deployement period 1\2026-HC-BBC-A-B__2026-01-13_17-13-41.mp4,0.0,97.700,148.567,30.000,TW,BBC, 1,Balthasar,99.5,manipulate with hand(s),food processing - non-tool use,"adjust grip,pull with hand",None,,,,STATE,42.667,46.800,4.133,teressa_sync_filtered_videos\HC-BBC\Deployement period 1\2026-HC-BBC-A-B__2026-01-13_17-13-41.mp4,1280,1404,,,,
2026-HC-BBC-A-B__2026-01-13_17-13-41,2026-08-06 16:37:21.345,,Media file,player #1:teressa_sync_filtered_videos\HC-BBC\Deployement period 1\2026-HC-BBC-A-B__2026-01-13_17-13-41.mp4,0.0,97.700,148.567,30.000,TW,BBC, 1,Balthasar,99.5,bite and pull with teeth,food processing - non-tool use,,,,,,STATE,46.933,47.800,0.867,teressa_sync_filtered_videos\HC-BBC\Deployement period 1\2026-HC-BBC-A-B__2026-01-13_17-13-41.mp4,1408,1434,,,,
2026-HC-BBC-A-B__2026-01-13_17-13-41,2026-08-06 16:37:21.345,,Media file,player #1:teressa_sync_filtered_videos\HC-BBC\Deployement period 1\2026-HC-BBC-A-B__2026-01-13_17-13-41.mp4,0.0,97.700,148.567,30.000,TW,BBC, 1,Balthasar,99.5,bite and pull with teeth,food processing - non-tool use,,,,,,STATE,48.533,49.800,1.267,teressa_sync_filtered_videos\HC-BBC\Deployement period 1\2026-HC-BBC-A-B__2026-01-13_17-13-41.mp4,1456,1494,,,,
2026-HC-BBC-A-B__2026-01-13_17-13-41,2026-08-06 16:37:21.345,,Media file,player #1:teressa_sync_filtered_videos\HC-BBC\Deployement period 1\2026-HC-BBC-A-B__2026-01-13_17-13-41.mp4,0.0,97.700,148.567,30.000,TW,BBC, 1,Balthasar,99.5,manipulate with hand(s),food processing - non-tool use,"move between hands,adjust grip,pull with hand",None,,,,STATE,49.867,52.833,2.966,teressa_sync_filtered_videos\HC-BBC\Deployement period 1\2026-HC-BBC-A-B__2026-01-13_17-13-41.mp4,1496,1585,,,,
2026-HC-BBC-A-B__2026-01-13_17-13-41,2026-08-06 16:37:21.345,,Media file,player #1:teressa_sync_filtered_videos\HC-BBC\Deployement period 1\2026-HC-BBC-A-B__2026-01-13_17-13-41.mp4,0.0,97.700,148.567,30.000,TW,BBC, 1,Balthasar,99.5,eats HC,food processing,,,,,,POINT,53.300,53.300,NA,teressa_sync_filtered_videos\HC-BBC\Deployement period 1\2026-HC-BBC-A-B__2026-01-13_17-13-41.mp4,1599,1599,,,,
2026-HC-BBC-A-B__2026-01-13_17-13-41,2026-08-06 16:37:21.345,,Media file,player #1:teressa_sync_filtered_videos\HC-BBC\Deployement period 1\2026-HC-BBC-A-B__2026-01-13_17-13-41.mp4,0.0,97.700,148.567,30.000,TW,BBC, 1,Balthasar,99.5,eats HC,food processing,,,,,,POINT,57.767,57.767,NA,teressa_sync_filtered_videos\HC-BBC\Deployement period 1\2026-HC-BBC-A-B__2026-01-13_17-13-41.mp4,1733,1733,,,,
2026-HC-BBC-A-B__2026-01-13_17-13-41,2026-08-06 16:37:21.345,,Media file,player #1:teressa_sync_filtered_videos\HC-BBC\Deployement period 1\2026-HC-BBC-A-B__2026-01-13_17-13-41.mp4,0.0,97.700,148.567,30.000,TW,BBC, 1,Balthasar,99.5,eats HC,food processing,,,,,,POINT,59.300,59.300,NA,teressa_sync_filtered_videos\HC-BBC\Deployement period 1\2026-HC-BBC-A-B__2026-01-13_17-13-41.mp4,1779,1779,,,,
2026-HC-BBC-A-B__2026-01-13_17-13-41,2026-08-06 16:37:21.345,,Media file,player #1:teressa_sync_filtered_videos\HC-BBC\Deployement period 1\2026-HC-BBC-A-B__2026-01-13_17-13-41.mp4,0.0,97.700,148.567,30.000,TW,BBC, 1,Balthasar,99.5,eats HC,food processing,,,,,,POINT,60.767,60.767,NA,teressa_sync_filtered_videos\HC-BBC\Deployement period 1\2026-HC-BBC-A-B__2026-01-13_17-13-41.mp4,1823,1823,,,,
2026-HC-BBC-A-B__2026-01-13_17-13-41,2026-08-06 16:37:21.345,,Media file,player #1:teressa_sync_filtered_videos\HC-BBC\Deployement period 1\2026-HC-BBC-A-B__2026-01-13_17-13-41.mp4,0.0,97.700,148.567,30.000,TW,BBC, 1,Balthasar,99.5,releases HC,food handling,None,success/eaten,,,,POINT,62.967,62.967,NA,teressa_sync_filtered_videos\HC-BBC\Deployement period 1\2026-HC-BBC-A-B__2026-01-13_17-13-41.mp4,1889,1889,,,,
2026-HC-BBC-A-B__2026-01-13_17-13-41,2026-08-06 16:37:21.345,,Media file,player #1:teressa_sync_filtered_videos\HC-BBC\Deployement period 1\2026-HC-BBC-A-B__2026-01-13_17-13-41.mp4,0.0,97.700,148.567,30.000,TW,BBC, 1,Balthasar,99.5,handling HC,food handling,None,bucket 1,None,None,None,STATE,70.500,93.967,23.467,teressa_sync_filtered_videos\HC-BBC\Deployement period 1\2026-HC-BBC-A-B__2026-01-13_17-13-41.mp4,2115,2819,,,,
2026-HC-BBC-A-B__2026-01-13_17-13-41,2026-08-06 16:37:21.345,,Media file,player #1:teressa_sync_filtered_videos\HC-BBC\Deployement period 1\2026-HC-BBC-A-B__2026-01-13_17-13-41.mp4,0.0,97.700,148.567,30.000,TW,BBC, 1,Balthasar,99.5,manipulate with hand(s),food processing - non-tool use,pull with hand,None,,,,STATE,70.900,72.567,1.667,teressa_sync_filtered_videos\HC-BBC\Deployement period 1\2026-HC-BBC-A-B__2026-01-13_17-13-41.mp4,2127,2177,,,,
2026-HC-BBC-A-B__2026-01-13_17-13-41,2026-08-06 16:37:21.345,,Media file,player #1:teressa_sync_filtered_videos\HC-BBC\Deployement period 1\2026-HC-BBC-A-B__2026-01-13_17-13-41.mp4,0.0,97.700,148.567,30.000,TW,BBC, 1,Balthasar,99.5,bite and pull with teeth,food processing - non-tool use,,,,,,STATE,72.900,73.600,0.700,teressa_sync_filtered_videos\HC-BBC\Deployement period 1\2026-HC-BBC-A-B__2026-01-13_17-13-41.mp4,2187,2208,,,,
2026-HC-BBC-A-B__2026-01-13_17-13-41,2026-08-06 16:37:21.345,,Media file,player #1:teressa_sync_filtered_videos\HC-BBC\Deployement period 1\2026-HC-BBC-A-B__2026-01-13_17-13-41.mp4,0.0,97.700,148.567,30.000,TW,BBC, 1,Balthasar,99.5,manipulate with hand(s),food processing - non-tool use,"adjust grip,pull with hand",None,,,,STATE,73.667,75.067,1.400,teressa_sync_filtered_videos\HC-BBC\Deployement period 1\2026-HC-BBC-A-B__2026-01-13_17-13-41.mp4,2210,2252,,,,
2026-HC-BBC-A-B__2026-01-13_17-13-41,2026-08-06 16:37:21.345,,Media file,player #1:teressa_sync_filtered_videos\HC-BBC\Deployement period 1\2026-HC-BBC-A-B__2026-01-13_17-13-41.mp4,0.0,97.700,148.567,30.000,TW,BBC, 1,Balthasar,99.5,bite and pull with teeth,food processing - non-tool use,,,,,,STATE,75.200,76.900,1.700,teressa_sync_filtered_videos\HC-BBC\Deployement period 1\2026-HC-BBC-A-B__2026-01-13_17-13-41.mp4,2256,2307,,,,
2026-HC-BBC-A-B__2026-01-13_17-13-41,2026-08-06 16:37:21.345,,Media file,player #1:teressa_sync_filtered_videos\HC-BBC\Deployement period 1\2026-HC-BBC-A-B__2026-01-13_17-13-41.mp4,0.0,97.700,148.567,30.000,TW,BBC, 1,Balthasar,99.5,hit/pound on surface,food processing,arena wood anvil,,,,,POINT,79.533,79.533,NA,teressa_sync_filtered_videos\HC-BBC\Deployement period 1\2026-HC-BBC-A-B__2026-01-13_17-13-41.mp4,2386,2386,,,,
2026-HC-BBC-A-B__2026-01-13_17-13-41,2026-08-06 16:37:21.345,,Media file,player #1:teressa_sync_filtered_videos\HC-BBC\Deployement period 1\2026-HC-BBC-A-B__2026-01-13_17-13-41.mp4,0.0,97.700,148.567,30.000,TW,BBC, 1,Balthasar,99.5,hit/pound on surface,food processing,None,,,,,POINT,80.000,80.000,NA,teressa_sync_filtered_videos\HC-BBC\Deployement period 1\2026-HC-BBC-A-B__2026-01-13_17-13-41.mp4,2400,2400,,,,
2026-HC-BBC-A-B__2026-01-13_17-13-41,2026-08-06 16:37:21.345,,Media file,player #1:teressa_sync_filtered_videos\HC-BBC\Deployement period 1\2026-HC-BBC-A-B__2026-01-13_17-13-41.mp4,0.0,97.700,148.567,30.000,TW,BBC, 1,Balthasar,99.5,manipulate with hand(s),food processing - non-tool use,pick with finger,None,,,,STATE,80.833,85.500,4.667,teressa_sync_filtered_videos\HC-BBC\Deployement period 1\2026-HC-BBC-A-B__2026-01-13_17-13-41.mp4,2425,2565,,,,
2026-HC-BBC-A-B__2026-01-13_17-13-41,2026-08-06 16:37:21.345,,Media file,player #1:teressa_sync_filtered_videos\HC-BBC\Deployement period 1\2026-HC-BBC-A-B__2026-01-13_17-13-41.mp4,0.0,97.700,148.567,30.000,TW,BBC, 1,Balthasar,99.5,eats HC,food processing,,,,,,POINT,86.267,86.267,NA,teressa_sync_filtered_videos\HC-BBC\Deployement period 1\2026-HC-BBC-A-B__2026-01-13_17-13-41.mp4,2588,2588,,,,
2026-HC-BBC-A-B__2026-01-13_17-13-41,2026-08-06 16:37:21.345,,Media file,player #1:teressa_sync_filtered_videos\HC-BBC\Deployement period 1\2026-HC-BBC-A-B__2026-01-13_17-13-41.mp4,0.0,97.700,148.567,30.000,TW,BBC, 1,Balthasar,99.5,eats HC,food processing,,,,,,POINT,93.133,93.133,NA,teressa_sync_filtered_videos\HC-BBC\Deployement period 1\2026-HC-BBC-A-B__2026-01-13_17-13-41.mp4,2794,2794,,,,
2026-HC-BBC-A-B__2026-01-13_17-13-41,2026-08-06 16:37:21.345,,Media file,player #1:teressa_sync_filtered_videos\HC-BBC\Deployement period 1\2026-HC-BBC-A-B__2026-01-13_17-13-41.mp4,0.0,97.700,148.567,30.000,TW,BBC, 1,Balthasar,99.5,releases HC,food handling,None,success/eaten,,,,POINT,93.967,93.967,NA,teressa_sync_filtered_videos\HC-BBC\Deployement period 1\2026-HC-BBC-A-B__2026-01-13_17-13-41.mp4,2819,2819,,,,
2026-HC-BBC-A-B__2026-01-13_17-13-41,2026-08-06 16:37:21.345,,Media file,player #1:teressa_sync_filtered_videos\HC-BBC\Deployement period 1\2026-HC-BBC-A-B__2026-01-13_17-13-41.mp4,0.0,97.700,148.567,30.000,TW,BBC, 1,Balthasar,99.5,handling HC,food handling,None,bucket 1,None,None,None,STATE,105.133,109.233,4.100,teressa_sync_filtered_videos\HC-BBC\Deployement period 1\2026-HC-BBC-A-B__2026-01-13_17-13-41.mp4,3154,3277,,,,
2026-HC-BBC-A-B__2026-01-13_17-13-41,2026-08-06 16:37:21.345,,Media file,player #1:teressa_sync_filtered_videos\HC-BBC\Deployement period 1\2026-HC-BBC-A-B__2026-01-13_17-13-41.mp4,0.0,97.700,148.567,30.000,TW,BBC, 1,Balthasar,99.5,manipulate with hand(s),food processing - non-tool use,"adjust grip,pull with hand",None,,,,STATE,105.767,107.500,1.733,teressa_sync_filtered_videos\HC-BBC\Deployement period 1\2026-HC-BBC-A-B__2026-01-13_17-13-41.mp4,3173,3225,,,,
2026-HC-BBC-A-B__2026-01-13_17-13-41,2026-08-06 16:37:21.345,,Media file,player #1:teressa_sync_filtered_videos\HC-BBC\Deployement period 1\2026-HC-BBC-A-B__2026-01-13_17-13-41.mp4,0.0,97.700,148.567,30.000,TW,BBC, 1,Balthasar,99.5,hit/pound on surface,food processing,arena wood anvil,,,,,POINT,108.933,108.933,NA,teressa_sync_filtered_videos\HC-BBC\Deployement period 1\2026-HC-BBC-A-B__2026-01-13_17-13-41.mp4,3268,3268,,,,
2026-HC-BBC-A-B__2026-01-13_17-13-41,2026-08-06 16:37:21.345,,Media file,player #1:teressa_sync_filtered_videos\HC-BBC\Deployement period 1\2026-HC-BBC-A-B__2026-01-13_17-13-41.mp4,0.0,97.700,148.567,30.000,TW,BBC, 1,Balthasar,99.5,releases HC,food handling,arena wood anvil,None,,,,POINT,109.233,109.233,NA,teressa_sync_filtered_videos\HC-BBC\Deployement period 1\2026-HC-BBC-A-B__2026-01-13_17-13-41.mp4,3277,3277,,,,
2026-HC-BBC-A-B__2026-01-13_17-13-41,2026-08-06 16:37:21.345,,Media file,player #1:teressa_sync_filtered_videos\HC-BBC\Deployement period 1\2026-HC-BBC-A-B__2026-01-13_17-13-41.mp4,0.0,97.700,148.567,30.000,TW,BBC, 1,Balthasar,99.5,handling HC,food handling,None,bucket 1,None,None,None,STATE,110.933,122.233,11.300,teressa_sync_filtered_videos\HC-BBC\Deployement period 1\2026-HC-BBC-A-B__2026-01-13_17-13-41.mp4,3328,3667,,,,
2026-HC-BBC-A-B__2026-01-13_17-13-41,2026-08-06 16:37:21.345,,Media file,player #1:teressa_sync_filtered_videos\HC-BBC\Deployement period 1\2026-HC-BBC-A-B__2026-01-13_17-13-41.mp4,0.0,97.700,148.567,30.000,TW,BBC, 1,Balthasar,99.5,manipulate with hand(s),food processing - non-tool use,pull with hand,None,,,,STATE,111.400,113.400,2.000,teressa_sync_filtered_videos\HC-BBC\Deployement period 1\2026-HC-BBC-A-B__2026-01-13_17-13-41.mp4,3342,3402,,,,
2026-HC-BBC-A-B__2026-01-13_17-13-41,2026-08-06 16:37:21.345,,Media file,player #1:teressa_sync_filtered_videos\HC-BBC\Deployement period 1\2026-HC-BBC-A-B__2026-01-13_17-13-41.mp4,0.0,97.700,148.567,30.000,TW,BBC, 1,Balthasar,99.5,eats HC,food processing,,,,,,POINT,113.533,113.533,NA,teressa_sync_filtered_videos\HC-BBC\Deployement period 1\2026-HC-BBC-A-B__2026-01-13_17-13-41.mp4,3406,3406,,,,
2026-HC-BBC-A-B__2026-01-13_17-13-41,2026-08-06 16:37:21.345,,Media file,player #1:teressa_sync_filtered_videos\HC-BBC\Deployement period 1\2026-HC-BBC-A-B__2026-01-13_17-13-41.mp4,0.0,97.700,148.567,30.000,TW,BBC, 1,Balthasar,99.5,releases HC,food handling,arena wood anvil,success/eaten,,,,POINT,122.233,122.233,NA,teressa_sync_filtered_videos\HC-BBC\Deployement period 1\2026-HC-BBC-A-B__2026-01-13_17-13-41.mp4,3667,3667,,,,
2026-HC-BBC-A-B__2026-01-13_17-13-41,2026-08-06 16:37:21.345,,Media file,player #1:teressa_sync_filtered_videos\HC-BBC\Deployement period 1\2026-HC-BBC-A-B__2026-01-13_17-13-41.mp4,0.0,97.700,148.567,30.000,TW,BBC, 1,Balthasar,99.5,handling HC,food handling,None,bucket 1,None,None,None,STATE,128.800,130.500,1.700,teressa_sync_filtered_videos\HC-BBC\Deployement period 1\2026-HC-BBC-A-B__2026-01-13_17-13-41.mp4,3864,3915,,,,
2026-HC-BBC-A-B__2026-01-13_17-13-41,2026-08-06 16:37:21.345,,Media file,player #1:teressa_sync_filtered_videos\HC-BBC\Deployement period 1\2026-HC-BBC-A-B__2026-01-13_17-13-41.mp4,0.0,97.700,148.567,30.000,TW,BBC, 1,Balthasar,99.5,releases HC,food handling,None,None,,,,POINT,130.500,130.500,NA,teressa_sync_filtered_videos\HC-BBC\Deployement period 1\2026-HC-BBC-A-B__2026-01-13_17-13-41.mp4,3915,3915,,,,
2026-HC-BBC-A-B__2026-01-13_17-13-41,2026-08-06 16:37:21.345,,Media file,player #1:teressa_sync_filtered_videos\HC-BBC\Deployement period 1\2026-HC-BBC-A-B__2026-01-13_17-13-41.mp4,0.0,97.700,148.567,30.000,TW,BBC, 1,Balthasar,99.5,handling HC,food handling,None,bucket 1,None,None,None,STATE,130.733,139.833,9.100,teressa_sync_filtered_videos\HC-BBC\Deployement period 1\2026-HC-BBC-A-B__2026-01-13_17-13-41.mp4,3922,4195,,,,
2026-HC-BBC-A-B__2026-01-13_17-13-41,2026-08-06 16:37:21.345,,Media file,player #1:teressa_sync_filtered_videos\HC-BBC\Deployement period 1\2026-HC-BBC-A-B__2026-01-13_17-13-41.mp4,0.0,97.700,148.567,30.000,TW,BBC, 1,Balthasar,99.5,manipulate with hand(s),food processing - non-tool use,pull with hand,None,,,,STATE,131.067,132.533,1.466,teressa_sync_filtered_videos\HC-BBC\Deployement period 1\2026-HC-BBC-A-B__2026-01-13_17-13-41.mp4,3932,3976,,,,
2026-HC-BBC-A-B__2026-01-13_17-13-41,2026-08-06 16:37:21.345,,Media file,player #1:teressa_sync_filtered_videos\HC-BBC\Deployement period 1\2026-HC-BBC-A-B__2026-01-13_17-13-41.mp4,0.0,97.700,148.567,30.000,TW,BBC, 1,Balthasar,99.5,bite and pull with teeth,food processing - non-tool use,,,,,,STATE,132.800,133.733,0.933,teressa_sync_filtered_videos\HC-BBC\Deployement period 1\2026-HC-BBC-A-B__2026-01-13_17-13-41.mp4,3984,4012,,,,
2026-HC-BBC-A-B__2026-01-13_17-13-41,2026-08-06 16:37:21.345,,Media file,player #1:teressa_sync_filtered_videos\HC-BBC\Deployement period 1\2026-HC-BBC-A-B__2026-01-13_17-13-41.mp4,0.0,97.700,148.567,30.000,TW,BBC, 1,Balthasar,99.5,manipulate with hand(s),food processing - non-tool use,"adjust grip,pull with hand",None,,,,STATE,134.033,137.533,3.500,teressa_sync_filtered_videos\HC-BBC\Deployement period 1\2026-HC-BBC-A-B__2026-01-13_17-13-41.mp4,4021,4126,,,,
2026-HC-BBC-A-B__2026-01-13_17-13-41,2026-08-06 16:37:21.345,,Media file,player #1:teressa_sync_filtered_videos\HC-BBC\Deployement period 1\2026-HC-BBC-A-B__2026-01-13_17-13-41.mp4,0.0,97.700,148.567,30.000,TW,BBC, 1,Balthasar,99.5,eats HC,food processing,,,,,,POINT,137.733,137.733,NA,teressa_sync_filtered_videos\HC-BBC\Deployement period 1\2026-HC-BBC-A-B__2026-01-13_17-13-41.mp4,4132,4132,,,,
2026-HC-BBC-A-B__2026-01-13_17-13-41,2026-08-06 16:37:21.345,,Media file,player #1:teressa_sync_filtered_videos\HC-BBC\Deployement period 1\2026-HC-BBC-A-B__2026-01-13_17-13-41.mp4,0.0,97.700,148.567,30.000,TW,BBC, 1,Balthasar,99.5,releases HC,food handling,None,success/eaten,,,,POINT,139.833,139.833,NA,teressa_sync_filtered_videos\HC-BBC\Deployement period 1\2026-HC-BBC-A-B__2026-01-13_17-13-41.mp4,4195,4195,,,,
2026-HC-BBC-A-B__2026-01-13_17-38-26,2026-08-06 16:38:28.339,,Media file,player #1:teressa_sync_filtered_videos\HC-BBC\Deployement period 1\2026-HC-BBC-A-B__2026-01-13_17-38-26.mp4,0.0,13.000,137.233,30.000,TW,BBC, 1,subadult male #1,5.901,bucket inspection,information gain,bucket 2,,,,,STATE,21.167,22.367,1.200,teressa_sync_filtered_videos\HC-BBC\Deployement period 1\2026-HC-BBC-A-B__2026-01-13_17-38-26.mp4,1005,1062,,,,
2026-HC-BBC-A-B__2026-01-13_17-38-26,2026-08-06 16:38:28.339,,Media file,player #1:teressa_sync_filtered_videos\HC-BBC\Deployement period 1\2026-HC-BBC-A-B__2026-01-13_17-38-26.mp4,0.0,13.000,137.233,30.000,TW,BBC, 1,subadult male #1,5.901,handling HC,food handling,None,None,None,None,None,STATE,27.933,30.167,2.234,teressa_sync_filtered_videos\HC-BBC\Deployement period 1\2026-HC-BBC-A-B__2026-01-13_17-38-26.mp4,1327,1433,,,,
2026-HC-BBC-A-B__2026-01-13_17-38-26,2026-08-06 16:38:28.339,,Media file,player #1:teressa_sync_filtered_videos\HC-BBC\Deployement period 1\2026-HC-BBC-A-B__2026-01-13_17-38-26.mp4,0.0,13.000,137.233,30.000,TW,BBC, 1,subadult male #1,5.901,smells held HC,information gain,None,,,,,STATE,28.667,29.267,0.600,teressa_sync_filtered_videos\HC-BBC\Deployement period 1\2026-HC-BBC-A-B__2026-01-13_17-38-26.mp4,1362,1390,,,,
2026-HC-BBC-A-B__2026-01-13_17-38-26,2026-08-06 16:38:28.339,,Media file,player #1:teressa_sync_filtered_videos\HC-BBC\Deployement period 1\2026-HC-BBC-A-B__2026-01-13_17-38-26.mp4,0.0,13.000,137.233,30.000,TW,BBC, 1,subadult male #1,5.901,releases HC,food handling,None,None,,,,POINT,30.167,30.167,NA,teressa_sync_filtered_videos\HC-BBC\Deployement period 1\2026-HC-BBC-A-B__2026-01-13_17-38-26.mp4,1433,1433,,,,
2026-HC-BBC-A-B__2026-01-13_17-38-26,2026-08-06 16:38:28.339,,Media file,player #1:teressa_sync_filtered_videos\HC-BBC\Deployement period 1\2026-HC-BBC-A-B__2026-01-13_17-38-26.mp4,0.0,13.000,137.233,30.000,TW,BBC, 1,subadult male #1,5.901,bucket inspection,information gain,bucket 1,,,,,STATE,32.300,34.167,1.867,teressa_sync_filtered_videos\HC-BBC\Deployement period 1\2026-HC-BBC-A-B__2026-01-13_17-38-26.mp4,1534,1623,,,,
2026-HC-BBC-A-B__2026-01-13_17-43-02,2026-08-06 16:38:50.697,,Media file,player #1:teressa_sync_filtered_videos\HC-BBC\Deployement period 1\2026-HC-BBC-A-B__2026-01-13_17-43-02.mp4,0.0,17.900,122.967,30.000,TW,BBC, 1,Luigi,7.767,bucket inspection,information gain,bucket 1,,,,,STATE,28.333,29.900,1.567,teressa_sync_filtered_videos\HC-BBC\Deployement period 1\2026-HC-BBC-A-B__2026-01-13_17-43-02.mp4,850,897,,,,
2026-HC-BBC-A-B__2026-01-13_17-43-02,2026-08-06 16:38:50.697,,Media file,player #1:teressa_sync_filtered_videos\HC-BBC\Deployement period 1\2026-HC-BBC-A-B__2026-01-13_17-43-02.mp4,0.0,17.900,122.967,30.000,TW,BBC, 1,Luigi,7.767,handling HC,food handling,None,None,None,None,None,STATE,34.033,40.233,6.200,teressa_sync_filtered_videos\HC-BBC\Deployement period 1\2026-HC-BBC-A-B__2026-01-13_17-43-02.mp4,1021,1207,,,,
2026-HC-BBC-A-B__2026-01-13_17-43-02,2026-08-06 16:38:50.697,,Media file,player #1:teressa_sync_filtered_videos\HC-BBC\Deployement period 1\2026-HC-BBC-A-B__2026-01-13_17-43-02.mp4,0.0,17.900,122.967,30.000,TW,BBC, 1,juvenile #1,6.732,bucket inspection,information gain,bucket 2,,,,,STATE,36.200,39.400,3.200,teressa_sync_filtered_videos\HC-BBC\Deployement period 1\2026-HC-BBC-A-B__2026-01-13_17-43-02.mp4,1086,1182,,,,
2026-HC-BBC-A-B__2026-01-13_17-43-02,2026-08-06 16:38:50.697,,Media file,player #1:teressa_sync_filtered_videos\HC-BBC\Deployement period 1\2026-HC-BBC-A-B__2026-01-13_17-43-02.mp4,0.0,17.900,122.967,30.000,TW,BBC, 1,Luigi,7.767,releases HC,food handling,None,None,,,,POINT,40.233,40.233,NA,teressa_sync_filtered_videos\HC-BBC\Deployement period 1\2026-HC-BBC-A-B__2026-01-13_17-43-02.mp4,1207,1207,,,,
2026-HC-BBC-A-B__2026-01-13_17-43-02,2026-08-06 16:38:50.697,,Media file,player #1:teressa_sync_filtered_videos\HC-BBC\Deployement period 1\2026-HC-BBC-A-B__2026-01-13_17-43-02.mp4,0.0,17.900,122.967,30.000,TW,BBC, 1,juvenile #1,6.732,bucket inspection,information gain,bucket 1,,,,,STATE,42.400,43.733,1.333,teressa_sync_filtered_videos\HC-BBC\Deployement period 1\2026-HC-BBC-A-B__2026-01-13_17-43-02.mp4,1272,1312,,,,
2026-HC-BBC-A-B__2026-01-13_17-43-02,2026-08-06 16:38:50.697,,Media file,player #1:teressa_sync_filtered_videos\HC-BBC\Deployement period 1\2026-HC-BBC-A-B__2026-01-13_17-43-02.mp4,0.0,17.900,122.967,30.000,TW,BBC, 1,juvenile #1,6.732,handling HC,food handling,None,bucket 1,None,None,None,STATE,44.033,46.232,2.199,teressa_sync_filtered_videos\HC-BBC\Deployement period 1\2026-HC-BBC-A-B__2026-01-13_17-43-02.mp4,1321,NA,,,,etna
2026-HC-BBC-A-B__2026-01-13_17-43-02,2026-08-06 16:38:50.697,,Media file,player #1:teressa_sync_filtered_videos\HC-BBC\Deployement period 1\2026-HC-BBC-A-B__2026-01-13_17-43-02.mp4,0.0,17.900,122.967,30.000,TW,BBC, 1,juvenile #1,6.732,reduced visibility,status,,,,,,POINT,46.233,46.233,NA,teressa_sync_filtered_videos\HC-BBC\Deployement period 1\2026-HC-BBC-A-B__2026-01-13_17-43-02.mp4,1387,1387,,,,
2026-HC-BBC-A-B__2026-01-13_17-46-37,2026-08-06 16:39:13.308,,Media file,player #1:teressa_sync_filtered_videos\HC-BBC\Deployement period 1\2026-HC-BBC-A-B__2026-01-13_17-46-37.mp4,0.0,45.633,131.600,30.000,TW,BBC, 1,subadult male #1,9.866,needs rechecked,user notes,"subject are/sex,subject ID",,,,,POINT,11.567,11.567,NA,teressa_sync_filtered_videos\HC-BBC\Deployement period 1\2026-HC-BBC-A-B__2026-01-13_17-46-37.mp4,453,453,,,,
2026-HC-BBC-A-B__2026-01-13_17-46-37,2026-08-06 16:39:13.308,,Media file,player #1:teressa_sync_filtered_videos\HC-BBC\Deployement period 1\2026-HC-BBC-A-B__2026-01-13_17-46-37.mp4,0.0,45.633,131.600,30.000,TW,BBC, 1,subadult male #1,9.866,bucket inspection,information gain,bucket 2,,,,,STATE,12.300,15.600,3.300,teressa_sync_filtered_videos\HC-BBC\Deployement period 1\2026-HC-BBC-A-B__2026-01-13_17-46-37.mp4,481,610,,,,
2026-HC-BBC-A-B__2026-01-13_17-46-37,2026-08-06 16:39:13.308,,Media file,player #1:teressa_sync_filtered_videos\HC-BBC\Deployement period 1\2026-HC-BBC-A-B__2026-01-13_17-46-37.mp4,0.0,45.633,131.600,30.000,TW,BBC, 1,subadult male #1,9.866,bucket inspection,information gain,bucket 2,,,,,STATE,41.567,44.133,2.566,teressa_sync_filtered_videos\HC-BBC\Deployement period 1\2026-HC-BBC-A-B__2026-01-13_17-46-37.mp4,1626,1727,,,,
2026-HC-BBC-A-B__2026-01-13_17-46-37,2026-08-06 16:39:13.308,,Media file,player #1:teressa_sync_filtered_videos\HC-BBC\Deployement period 1\2026-HC-BBC-A-B__2026-01-13_17-46-37.mp4,0.0,45.633,131.600,30.000,TW,BBC, 1,subadult male #1,9.866,handling HC,food handling,None,None,None,None,None,STATE,47.600,49.767,2.167,teressa_sync_filtered_videos\HC-BBC\Deployement period 1\2026-HC-BBC-A-B__2026-01-13_17-46-37.mp4,1862,1947,,,,
2026-HC-BBC-A-B__2026-01-13_17-46-37,2026-08-06 16:39:13.308,,Media file,player #1:teressa_sync_filtered_videos\HC-BBC\Deployement period 1\2026-HC-BBC-A-B__2026-01-13_17-46-37.mp4,0.0,45.633,131.600,30.000,TW,BBC, 1,subadult male #1,9.866,smells held HC,information gain,None,,,,,STATE,48.067,48.233,0.166,teressa_sync_filtered_videos\HC-BBC\Deployement period 1\2026-HC-BBC-A-B__2026-01-13_17-46-37.mp4,1881,1887,,,,
2026-HC-BBC-A-B__2026-01-13_17-46-37,2026-08-06 16:39:13.308,,Media file,player #1:teressa_sync_filtered_videos\HC-BBC\Deployement period 1\2026-HC-BBC-A-B__2026-01-13_17-46-37.mp4,0.0,45.633,131.600,30.000,TW,BBC, 1,subadult male #1,9.866,smells held HC,information gain,None,,,,,STATE,49.000,49.400,0.400,teressa_sync_filtered_videos\HC-BBC\Deployement period 1\2026-HC-BBC-A-B__2026-01-13_17-46-37.mp4,1917,1933,,,,
2026-HC-BBC-A-B__2026-01-13_17-46-37,2026-08-06 16:39:13.308,,Media file,player #1:teressa_sync_filtered_videos\HC-BBC\Deployement period 1\2026-HC-BBC-A-B__2026-01-13_17-46-37.mp4,0.0,45.633,131.600,30.000,TW,BBC, 1,subadult male #1,9.866,releases HC,food handling,None,None,,,,POINT,49.767,49.767,NA,teressa_sync_filtered_videos\HC-BBC\Deployement period 1\2026-HC-BBC-A-B__2026-01-13_17-46-37.mp4,1947,1947,,,,
2026-HC-BBC-A-B__2026-01-13_17-46-37,2026-08-06 16:39:13.308,,Media file,player #1:teressa_sync_filtered_videos\HC-BBC\Deployement period 1\2026-HC-BBC-A-B__2026-01-13_17-46-37.mp4,0.0,45.633,131.600,30.000,TW,BBC, 1,subadult male #1,9.866,bucket inspection,information gain,bucket 1,,,,,STATE,55.933,57.200,1.267,teressa_sync_filtered_videos\HC-BBC\Deployement period 1\2026-HC-BBC-A-B__2026-01-13_17-46-37.mp4,2188,2238,,,,
2026-HC-BBC-A-B__2026-01-13_17-58-21,2026-08-06 16:39:34.210,,Media file,player #1:teressa_sync_filtered_videos\HC-BBC\Deployement period 1\2026-HC-BBC-A-B__2026-01-13_17-58-21.mp4,0.0,72.900,150.800,30.000,TW,BBC, 1,Macaroni,22.999,bucket inspection,information gain,bucket 2,,,,,STATE,36.300,37.767,1.467,teressa_sync_filtered_videos\HC-BBC\Deployement period 1\2026-HC-BBC-A-B__2026-01-13_17-58-21.mp4,1378,1434,,,,
2026-HC-BBC-A-B__2026-01-13_17-58-21,2026-08-06 16:39:34.210,,Media file,player #1:teressa_sync_filtered_videos\HC-BBC\Deployement period 1\2026-HC-BBC-A-B__2026-01-13_17-58-21.mp4,0.0,72.900,150.800,30.000,TW,BBC, 1,Macaroni,22.999,handling HC,food handling,None,bucket 2,None,None,None,STATE,39.700,48.700,9.000,teressa_sync_filtered_videos\HC-BBC\Deployement period 1\2026-HC-BBC-A-B__2026-01-13_17-58-21.mp4,1507,1849,,,,
2026-HC-BBC-A-B__2026-01-13_17-58-21,2026-08-06 16:39:34.210,,Media file,player #1:teressa_sync_filtered_videos\HC-BBC\Deployement period 1\2026-HC-BBC-A-B__2026-01-13_17-58-21.mp4,0.0,72.900,150.800,30.000,TW,BBC, 1,Macaroni,22.999,bite and pull with teeth,food processing - non-tool use,,,,,,STATE,41.267,45.067,3.800,teressa_sync_filtered_videos\HC-BBC\Deployement period 1\2026-HC-BBC-A-B__2026-01-13_17-58-21.mp4,1567,1711,,,limited visibility,
2026-HC-BBC-A-B__2026-01-13_17-58-21,2026-08-06 16:39:34.210,,Media file,player #1:teressa_sync_filtered_videos\HC-BBC\Deployement period 1\2026-HC-BBC-A-B__2026-01-13_17-58-21.mp4,0.0,72.900,150.800,30.000,TW,BBC, 1,Macaroni,22.999,eats HC,food processing,,,,,,POINT,45.767,45.767,NA,teressa_sync_filtered_videos\HC-BBC\Deployement period 1\2026-HC-BBC-A-B__2026-01-13_17-58-21.mp4,1737,1737,,,,
2026-HC-BBC-A-B__2026-01-13_17-58-21,2026-08-06 16:39:34.210,,Media file,player #1:teressa_sync_filtered_videos\HC-BBC\Deployement period 1\2026-HC-BBC-A-B__2026-01-13_17-58-21.mp4,0.0,72.900,150.800,30.000,TW,BBC, 1,Macaroni,22.999,releases HC,food handling,None,success/eaten,,,,POINT,48.700,48.700,NA,teressa_sync_filtered_videos\HC-BBC\Deployement period 1\2026-HC-BBC-A-B__2026-01-13_17-58-21.mp4,1849,1849,,,,
2026-HC-BBC-A-B__2026-01-13_17-58-21,2026-08-06 16:39:34.210,,Media file,player #1:teressa_sync_filtered_videos\HC-BBC\Deployement period 1\2026-HC-BBC-A-B__2026-01-13_17-58-21.mp4,0.0,72.900,150.800,30.000,TW,BBC, 1,juvenile #1,8.568,bucket inspection,information gain,bucket 2,,,,,STATE,62.067,63.467,1.400,teressa_sync_filtered_videos\HC-BBC\Deployement period 1\2026-HC-BBC-A-B__2026-01-13_17-58-21.mp4,2356,2409,,,,
2026-HC-BBC-A-B__2026-01-13_17-58-21,2026-08-06 16:39:34.210,,Media file,player #1:teressa_sync_filtered_videos\HC-BBC\Deployement period 1\2026-HC-BBC-A-B__2026-01-13_17-58-21.mp4,0.0,72.900,150.800,30.000,TW,BBC, 1,juvenile #2,5.733,bucket inspection,information gain,bucket 2,,,,,STATE,77.067,78.633,1.566,teressa_sync_filtered_videos\HC-BBC\Deployement period 1\2026-HC-BBC-A-B__2026-01-13_17-58-21.mp4,2926,2985,,,,
2026-HC-BBC-A-B__2026-01-13_17-58-21,2026-08-06 16:39:34.210,,Media file,player #1:teressa_sync_filtered_videos\HC-BBC\Deployement period 1\2026-HC-BBC-A-B__2026-01-13_17-58-21.mp4,0.0,72.900,150.800,30.000,TW,BBC, 1,juvenile #1,8.568,bucket inspection,information gain,bucket 2,,,,,STATE,87.033,88.800,1.767,teressa_sync_filtered_videos\HC-BBC\Deployement period 1\2026-HC-BBC-A-B__2026-01-13_17-58-21.mp4,3304,3371,,,,
2026-HC-BBC-A-B__2026-01-13_17-58-21,2026-08-06 16:39:34.210,,Media file,player #1:teressa_sync_filtered_videos\HC-BBC\Deployement period 1\2026-HC-BBC-A-B__2026-01-13_17-58-21.mp4,0.0,72.900,150.800,30.000,TW,BBC, 1,juvenile #2,5.733,bucket inspection,information gain,bucket 2,,,,,STATE,91.567,94.600,3.033,teressa_sync_filtered_videos\HC-BBC\Deployement period 1\2026-HC-BBC-A-B__2026-01-13_17-58-21.mp4,3476,3591,,,,
2026-HC-BBC-A-B__2026-01-13_17-58-21,2026-08-06 16:39:34.210,,Media file,player #1:teressa_sync_filtered_videos\HC-BBC\Deployement period 1\2026-HC-BBC-A-B__2026-01-13_17-58-21.mp4,0.0,72.900,150.800,30.000,TW,BBC, 1,juvenile #1,8.568,handling HC,food handling,None,None,None,None,None,STATE,94.033,99.067,5.034,teressa_sync_filtered_videos\HC-BBC\Deployement period 1\2026-HC-BBC-A-B__2026-01-13_17-58-21.mp4,3570,3761,,,,
2026-HC-BBC-A-B__2026-01-13_17-58-21,2026-08-06 16:39:34.210,,Media file,player #1:teressa_sync_filtered_videos\HC-BBC\Deployement period 1\2026-HC-BBC-A-B__2026-01-13_17-58-21.mp4,0.0,72.900,150.800,30.000,TW,BBC, 1,juvenile #1,8.568,smells held HC,information gain,None,,,,,STATE,94.500,94.867,0.367,teressa_sync_filtered_videos\HC-BBC\Deployement period 1\2026-HC-BBC-A-B__2026-01-13_17-58-21.mp4,3587,3601,,,,
2026-HC-BBC-A-B__2026-01-13_17-58-21,2026-08-06 16:39:34.210,,Media file,player #1:teressa_sync_filtered_videos\HC-BBC\Deployement period 1\2026-HC-BBC-A-B__2026-01-13_17-58-21.mp4,0.0,72.900,150.800,30.000,TW,BBC, 1,juvenile #1,8.568,releases HC,food handling,None,None,,,,POINT,99.067,99.067,NA,teressa_sync_filtered_videos\HC-BBC\Deployement period 1\2026-HC-BBC-A-B__2026-01-13_17-58-21.mp4,3761,3761,,,,
2026-HC-BBC-A-B__2026-01-13_17-58-21,2026-08-06 16:39:34.210,,Media file,player #1:teressa_sync_filtered_videos\HC-BBC\Deployement period 1\2026-HC-BBC-A-B__2026-01-13_17-58-21.mp4,0.0,72.900,150.800,30.000,TW,BBC, 1,Macaroni,22.999,bucket rummaging,information gain,bucket 2,,,,,STATE,100.267,105.367,5.100,teressa_sync_filtered_videos\HC-BBC\Deployement period 1\2026-HC-BBC-A-B__2026-01-13_17-58-21.mp4,3806,4000,,,,
2026-HC-BBC-A-B__2026-01-13_17-58-21,2026-08-06 16:39:34.210,,Media file,player #1:teressa_sync_filtered_videos\HC-BBC\Deployement period 1\2026-HC-BBC-A-B__2026-01-13_17-58-21.mp4,0.0,72.900,150.800,30.000,TW,BBC, 1,juvenile #2,5.733,bucket inspection,information gain,bucket 1,,,,,STATE,101.033,102.167,1.134,teressa_sync_filtered_videos\HC-BBC\Deployement period 1\2026-HC-BBC-A-B__2026-01-13_17-58-21.mp4,3835,3878,,,,
2026-HC-BBC-A-B__2026-01-13_17-58-21,2026-08-06 16:39:34.210,,Media file,player #1:teressa_sync_filtered_videos\HC-BBC\Deployement period 1\2026-HC-BBC-A-B__2026-01-13_17-58-21.mp4,0.0,72.900,150.800,30.000,TW,BBC, 1,Macaroni,22.999,batch processing,food handling,multiple,unknown,unknown,None,bucket 2,STATE,105.567,109.199,3.632,teressa_sync_filtered_videos\HC-BBC\Deployement period 1\2026-HC-BBC-A-B__2026-01-13_17-58-21.mp4,4008,NA,,,,etna
2026-HC-BBC-A-B__2026-01-13_17-58-21,2026-08-06 16:39:34.210,,Media file,player #1:teressa_sync_filtered_videos\HC-BBC\Deployement period 1\2026-HC-BBC-A-B__2026-01-13_17-58-21.mp4,0.0,72.900,150.800,30.000,TW,BBC, 1,Macaroni,22.999,reduced visibility,status,,,,,,POINT,109.200,109.200,NA,teressa_sync_filtered_videos\HC-BBC\Deployement period 1\2026-HC-BBC-A-B__2026-01-13_17-58-21.mp4,4145,4145,,,,
2026-HC-BBC-A-B__2026-01-13_18-08-05,2026-08-06 16:39:54.288,,Media file,player #1:teressa_sync_filtered_videos\HC-BBC\Deployement period 1\2026-HC-BBC-A-B__2026-01-13_18-08-05.mp4,0.0,17.334,121.433,60.000,TW,BBC, 1,juvenile #1,11.201,bucket inspection,information gain,bucket 2,,,,,STATE,1.233,3.500,2.267,teressa_sync_filtered_videos\HC-BBC\Deployement period 1\2026-HC-BBC-A-B__2026-01-13_18-08-05.mp4,61,174,,,,
2026-HC-BBC-A-B__2026-01-13_18-08-05,2026-08-06 16:39:54.288,,Media file,player #1:teressa_sync_filtered_videos\HC-BBC\Deployement period 1\2026-HC-BBC-A-B__2026-01-13_18-08-05.mp4,0.0,17.334,121.433,60.000,TW,BBC, 1,juvenile #1,11.201,bucket rummaging,information gain,bucket 2,,,,,STATE,3.567,7.467,3.900,teressa_sync_filtered_videos\HC-BBC\Deployement period 1\2026-HC-BBC-A-B__2026-01-13_18-08-05.mp4,178,372,,,,
2026-HC-BBC-A-B__2026-01-13_18-08-05,2026-08-06 16:39:54.288,,Media file,player #1:teressa_sync_filtered_videos\HC-BBC\Deployement period 1\2026-HC-BBC-A-B__2026-01-13_18-08-05.mp4,0.0,17.334,121.433,60.000,TW,BBC, 1,juvenile #1,11.201,bucket inspection,information gain,bucket 1,,,,,STATE,10.933,13.667,2.734,teressa_sync_filtered_videos\HC-BBC\Deployement period 1\2026-HC-BBC-A-B__2026-01-13_18-08-05.mp4,544,680,,,,
2026-HC-BBC-A-B__2026-01-13_18-08-05,2026-08-06 16:39:54.288,,Media file,player #1:teressa_sync_filtered_videos\HC-BBC\Deployement period 1\2026-HC-BBC-A-B__2026-01-13_18-08-05.mp4,0.0,17.334,121.433,60.000,TW,BBC, 1,juvenile #1,11.201,bucket inspection,information gain,bucket 1,,,,,STATE,16.267,18.567,2.300,teressa_sync_filtered_videos\HC-BBC\Deployement period 1\2026-HC-BBC-A-B__2026-01-13_18-08-05.mp4,810,924,,,,
2026-HC-BBC-A-B__2026-01-14_07-17-25,2026-08-06 16:40:19.180,,Media file,player #1:teressa_sync_filtered_videos\HC-BBC\Deployement period 1\2026-HC-BBC-A-B__2026-01-14_07-17-25.mp4,0.0,97.800,128.667,30.000,TW,BBC, 1,Luigi,8.799,handling HC,food handling,None,bucket 1,None,None,None,STATE,11.233,15.899,4.666,teressa_sync_filtered_videos\HC-BBC\Deployement period 1\2026-HC-BBC-A-B__2026-01-14_07-17-25.mp4,337,NA,,,,etna
2026-HC-BBC-A-B__2026-01-14_07-17-25,2026-08-06 16:40:19.180,,Media file,player #1:teressa_sync_filtered_videos\HC-BBC\Deployement period 1\2026-HC-BBC-A-B__2026-01-14_07-17-25.mp4,0.0,97.800,128.667,30.000,TW,BBC, 1,Luigi,8.799,manipulate with hand(s),food processing - non-tool use,"adjust grip,pull with hand",None,,,,STATE,11.867,13.367,1.500,teressa_sync_filtered_videos\HC-BBC\Deployement period 1\2026-HC-BBC-A-B__2026-01-14_07-17-25.mp4,356,401,,,,
2026-HC-BBC-A-B__2026-01-14_07-17-25,2026-08-06 16:40:19.180,,Media file,player #1:teressa_sync_filtered_videos\HC-BBC\Deployement period 1\2026-HC-BBC-A-B__2026-01-14_07-17-25.mp4,0.0,97.800,128.667,30.000,TW,BBC, 1,Luigi,8.799,reduced visibility,status,,,,,,POINT,15.900,15.900,NA,teressa_sync_filtered_videos\HC-BBC\Deployement period 1\2026-HC-BBC-A-B__2026-01-14_07-17-25.mp4,477,477,,,,
2026-HC-BBC-A-B__2026-01-14_07-17-25,2026-08-06 16:40:19.180,,Media file,player #1:teressa_sync_filtered_videos\HC-BBC\Deployement period 1\2026-HC-BBC-A-B__2026-01-14_07-17-25.mp4,0.0,97.800,128.667,30.000,TW,BBC, 1,Luigi,8.799,bucket inspection,information gain,bucket 2,,,,,STATE,93.900,95.333,1.433,teressa_sync_filtered_videos\HC-BBC\Deployement period 1\2026-HC-BBC-A-B__2026-01-14_07-17-25.mp4,2817,2860,,,,
2026-HC-BBC-A-B__2026-01-14_07-17-25,2026-08-06 16:40:19.180,,Media file,player #1:teressa_sync_filtered_videos\HC-BBC\Deployement period 1\2026-HC-BBC-A-B__2026-01-14_07-17-25.mp4,0.0,97.800,128.667,30.000,TW,BBC, 1,Luigi,8.799,handling HC,food handling,None,bucket 1,None,None,None,STATE,107.833,109.033,1.200,teressa_sync_filtered_videos\HC-BBC\Deployement period 1\2026-HC-BBC-A-B__2026-01-14_07-17-25.mp4,3236,3272,,,,
2026-HC-BBC-A-B__2026-01-14_07-17-25,2026-08-06 16:40:19.180,,Media file,player #1:teressa_sync_filtered_videos\HC-BBC\Deployement period 1\2026-HC-BBC-A-B__2026-01-14_07-17-25.mp4,0.0,97.800,128.667,30.000,TW,BBC, 1,Luigi,8.799,releases HC,food handling,None,None,,,,POINT,109.033,109.033,NA,teressa_sync_filtered_videos\HC-BBC\Deployement period 1\2026-HC-BBC-A-B__2026-01-14_07-17-25.mp4,3272,3272,,,,
2026-HC-BBC-A-B__2026-01-14_08-38-09,2026-08-06 16:40:40.065,,Media file,player #1:teressa_sync_filtered_videos\HC-BBC\Deployement period 1\2026-HC-BBC-A-B__2026-01-14_08-38-09.mp4,0.0,0.000,144.967,30.000,TW,BBC, 1,unknown #1,0.0,point of interest/general comment,user notes,other - comment,,,,,POINT,0.533,0.533,NA,teressa_sync_filtered_videos\HC-BBC\Deployement period 1\2026-HC-BBC-A-B__2026-01-14_08-38-09.mp4,16,16,,,nca,
2026-HC-BBC-A-B__2026-01-14_08-40-11,2026-08-06 16:41:00.438,,Media file,player #1:teressa_sync_filtered_videos\HC-BBC\Deployement period 1\2026-HC-BBC-A-B__2026-01-14_08-40-11.mp4,0.0,14.666,123.900,30.000,TW,BBC, 1,Luigi,4.5,bucket inspection,information gain,bucket 1,,,,,STATE,1.667,2.700,1.033,teressa_sync_filtered_videos\HC-BBC\Deployement period 1\2026-HC-BBC-A-B__2026-01-14_08-40-11.mp4,66,107,,,,
2026-HC-BBC-A-B__2026-01-14_08-40-11,2026-08-06 16:41:00.438,,Media file,player #1:teressa_sync_filtered_videos\HC-BBC\Deployement period 1\2026-HC-BBC-A-B__2026-01-14_08-40-11.mp4,0.0,14.666,123.900,30.000,TW,BBC, 1,juvenile #1,3.466,bucket inspection,information gain,bucket 2,,,,,STATE,2.467,4.300,1.833,teressa_sync_filtered_videos\HC-BBC\Deployement period 1\2026-HC-BBC-A-B__2026-01-14_08-40-11.mp4,98,171,,,,
2026-HC-BBC-A-B__2026-01-14_08-40-11,2026-08-06 16:41:00.438,,Media file,player #1:teressa_sync_filtered_videos\HC-BBC\Deployement period 1\2026-HC-BBC-A-B__2026-01-14_08-40-11.mp4,0.0,14.666,123.900,30.000,TW,BBC, 1,juvenile #1,3.466,bucket rummaging,information gain,bucket 2,,,,,STATE,9.467,11.100,1.633,teressa_sync_filtered_videos\HC-BBC\Deployement period 1\2026-HC-BBC-A-B__2026-01-14_08-40-11.mp4,376,441,,,,
2026-HC-BBC-A-B__2026-01-14_08-40-11,2026-08-06 16:41:00.438,,Media file,player #1:teressa_sync_filtered_videos\HC-BBC\Deployement period 1\2026-HC-BBC-A-B__2026-01-14_08-40-11.mp4,0.0,14.666,123.900,30.000,TW,BBC, 1,Luigi,4.5,bucket inspection,information gain,bucket 2,,,,,STATE,12.800,15.167,2.367,teressa_sync_filtered_videos\HC-BBC\Deployement period 1\2026-HC-BBC-A-B__2026-01-14_08-40-11.mp4,508,602,,,,
2026-HC-BBC-A-B__2026-01-14_08-40-11,2026-08-06 16:41:00.438,,Media file,player #1:teressa_sync_filtered_videos\HC-BBC\Deployement period 1\2026-HC-BBC-A-B__2026-01-14_08-40-11.mp4,0.0,14.666,123.900,30.000,TW,BBC, 1,Luigi,4.5,bucket rummaging,information gain,bucket 2,,,,,STATE,15.233,16.333,1.100,teressa_sync_filtered_videos\HC-BBC\Deployement period 1\2026-HC-BBC-A-B__2026-01-14_08-40-11.mp4,605,648,,,,
2026-HC-BBC-A-B__2026-01-14_08-42-21,2026-08-06 16:41:21.223,,Media file,player #1:teressa_sync_filtered_videos\HC-BBC\Deployement period 1\2026-HC-BBC-A-B__2026-01-14_08-42-21.mp4,0.0,2.133,120.767,30.000,TW,BBC, 1,juvenile #1,2.133,bucket rummaging,information gain,bucket 2,,,,,STATE,2.100,4.233,2.133,teressa_sync_filtered_videos\HC-BBC\Deployement period 1\2026-HC-BBC-A-B__2026-01-14_08-42-21.mp4,63,127,,,,
2026-HC-BBC-A-B__2026-01-14_10-18-19,2026-08-06 16:41:41.739,,Media file,player #1:teressa_sync_filtered_videos\HC-BBC\Deployement period 1\2026-HC-BBC-A-B__2026-01-14_10-18-19.mp4,0.0,0.000,122.600,30.000,TW,BBC, 1,unknown #1,0.0,point of interest/general comment,user notes,other - comment,,,,,POINT,0.433,0.433,NA,teressa_sync_filtered_videos\HC-BBC\Deployement period 1\2026-HC-BBC-A-B__2026-01-14_10-18-19.mp4,17,17,,,nca,
2026-HC-BBC-A-B__2026-01-14_17-35-56,2026-08-06 16:42:02.071,,Media file,player #1:teressa_sync_filtered_videos\HC-BBC\Deployement period 1\2026-HC-BBC-A-B__2026-01-14_17-35-56.mp4,0.0,0.000,122.267,30.000,TW,BBC, 1,unknown #1,0.0,point of interest/general comment,user notes,other - comment,,,,,POINT,0.300,0.300,NA,teressa_sync_filtered_videos\HC-BBC\Deployement period 1\2026-HC-BBC-A-B__2026-01-14_17-35-56.mp4,9,9,,,nca,
2026-HC-BBC-A-B__2026-01-14_17-40-12,2026-08-06 16:42:24.368,,Media file,player #1:teressa_sync_filtered_videos\HC-BBC\Deployement period 1\2026-HC-BBC-A-B__2026-01-14_17-40-12.mp4,0.0,2.934,123.600,30.000,TW,BBC, 1,Luigi,2.868,bucket inspection,information gain,bucket 1,,,,,STATE,4.133,5.967,1.834,teressa_sync_filtered_videos\HC-BBC\Deployement period 1\2026-HC-BBC-A-B__2026-01-14_17-40-12.mp4,164,237,,,,
2026-HC-BBC-A-B__2026-01-14_17-40-12,2026-08-06 16:42:24.368,,Media file,player #1:teressa_sync_filtered_videos\HC-BBC\Deployement period 1\2026-HC-BBC-A-B__2026-01-14_17-40-12.mp4,0.0,2.934,123.600,30.000,TW,BBC, 1,Luigi,2.868,bucket rummaging,information gain,bucket 1,,,,,STATE,6.033,7.067,1.034,teressa_sync_filtered_videos\HC-BBC\Deployement period 1\2026-HC-BBC-A-B__2026-01-14_17-40-12.mp4,240,281,,,,
2026-HC-BBC-A-B__2026-01-14_17-58-20,2026-08-06 16:42:44.207,,Media file,player #1:teressa_sync_filtered_videos\HC-BBC\Deployement period 1\2026-HC-BBC-A-B__2026-01-14_17-58-20.mp4,0.0,2.200,174.300,30.000,TW,BBC, 1,adult male #1,1.7,needs rechecked,user notes,subject ID,,,,,POINT,79.967,79.967,NA,teressa_sync_filtered_videos\HC-BBC\Deployement period 1\2026-HC-BBC-A-B__2026-01-14_17-58-20.mp4,2950,2950,,,,
2026-HC-BBC-A-B__2026-01-14_17-58-20,2026-08-06 16:42:44.207,,Media file,player #1:teressa_sync_filtered_videos\HC-BBC\Deployement period 1\2026-HC-BBC-A-B__2026-01-14_17-58-20.mp4,0.0,2.200,174.300,30.000,TW,BBC, 1,adult male #1,1.7,handling HC,food handling,None,None,None,None,None,STATE,80.967,82.167,1.200,teressa_sync_filtered_videos\HC-BBC\Deployement period 1\2026-HC-BBC-A-B__2026-01-14_17-58-20.mp4,2987,3031,,,,
2026-HC-BBC-A-B__2026-01-14_17-58-20,2026-08-06 16:42:44.207,,Media file,player #1:teressa_sync_filtered_videos\HC-BBC\Deployement period 1\2026-HC-BBC-A-B__2026-01-14_17-58-20.mp4,0.0,2.200,174.300,30.000,TW,BBC, 1,adult male #1,1.7,smells held HC,information gain,None,,,,,STATE,81.333,81.833,0.500,teressa_sync_filtered_videos\HC-BBC\Deployement period 1\2026-HC-BBC-A-B__2026-01-14_17-58-20.mp4,3000,3019,,,,
2026-HC-BBC-A-B__2026-01-14_17-58-20,2026-08-06 16:42:44.207,,Media file,player #1:teressa_sync_filtered_videos\HC-BBC\Deployement period 1\2026-HC-BBC-A-B__2026-01-14_17-58-20.mp4,0.0,2.200,174.300,30.000,TW,BBC, 1,adult male #1,1.7,releases HC,food handling,None,None,,,,POINT,82.167,82.167,NA,teressa_sync_filtered_videos\HC-BBC\Deployement period 1\2026-HC-BBC-A-B__2026-01-14_17-58-20.mp4,3031,3031,,,,
2026-HC-BBC-A-B__2026-01-15_06-38-52,2026-08-06 16:43:01.395,,Media file,player #1:teressa_sync_filtered_videos\HC-BBC\Deployement period 1\2026-HC-BBC-A-B__2026-01-15_06-38-52.mp4,0.0,1.300,150.133,30.000,TW,BBC, 1,adult male #1,1.3,bucket inspection,information gain,bucket 1,,,,,STATE,59.200,60.500,1.300,teressa_sync_filtered_videos\HC-BBC\Deployement period 1\2026-HC-BBC-A-B__2026-01-15_06-38-52.mp4,2722,2782,,,,
2026-HC-BBC-A-B__2026-01-15_07-53-33,2026-08-06 16:43:21.482,,Media file,player #1:teressa_sync_filtered_videos\HC-BBC\Deployement period 1\2026-HC-BBC-A-B__2026-01-15_07-53-33.mp4,0.0,1.233,120.667,30.000,TW,BBC, 1,Luigi,1.233,bucket inspection,information gain,bucket 2,,,,,STATE,0.000,1.233,1.233,teressa_sync_filtered_videos\HC-BBC\Deployement period 1\2026-HC-BBC-A-B__2026-01-15_07-53-33.mp4,0,37,,,stna,
2026-HC-BBC-A-B__2026-01-15_16-19-51,2026-08-06 16:43:41.318,,Media file,player #1:teressa_sync_filtered_videos\HC-BBC\Deployement period 1\2026-HC-BBC-A-B__2026-01-15_16-19-51.mp4,0.0,50.433,120.467,30.000,TW,BBC, 1,Doodle,1.666,bucket inspection,information gain,bucket 2,,,,,STATE,14.367,16.033,1.666,teressa_sync_filtered_videos\HC-BBC\Deployement period 1\2026-HC-BBC-A-B__2026-01-15_16-19-51.mp4,431,481,,,,
2026-HC-BBC-A-B__2026-01-15_16-19-51,2026-08-06 16:43:41.318,,Media file,player #1:teressa_sync_filtered_videos\HC-BBC\Deployement period 1\2026-HC-BBC-A-B__2026-01-15_16-19-51.mp4,0.0,50.433,120.467,30.000,TW,BBC, 1,juvenile #1,2.267,bucket inspection,information gain,bucket 2,,,,,STATE,62.533,64.800,2.267,teressa_sync_filtered_videos\HC-BBC\Deployement period 1\2026-HC-BBC-A-B__2026-01-15_16-19-51.mp4,1876,1944,,,,
2026-HC-BBC-A-B__2026-01-15_17-57-07,2026-08-06 16:44:02.154,,Media file,player #1:teressa_sync_filtered_videos\HC-BBC\Deployement period 1\2026-HC-BBC-A-B__2026-01-15_17-57-07.mp4,0.0,12.000,135.333,30.000,TW,BBC, 1,Caesar,2.367,handling HC,food handling,None,None,None,None,None,STATE,15.033,15.967,0.934,teressa_sync_filtered_videos\HC-BBC\Deployement period 1\2026-HC-BBC-A-B__2026-01-15_17-57-07.mp4,718,762,,,,
2026-HC-BBC-A-B__2026-01-15_17-57-07,2026-08-06 16:44:02.154,,Media file,player #1:teressa_sync_filtered_videos\HC-BBC\Deployement period 1\2026-HC-BBC-A-B__2026-01-15_17-57-07.mp4,0.0,12.000,135.333,30.000,TW,BBC, 1,Caesar,2.367,smells held HC,information gain,None,,,,,STATE,15.600,15.867,0.267,teressa_sync_filtered_videos\HC-BBC\Deployement period 1\2026-HC-BBC-A-B__2026-01-15_17-57-07.mp4,745,757,,,,
2026-HC-BBC-A-B__2026-01-15_17-57-07,2026-08-06 16:44:02.154,,Media file,player #1:teressa_sync_filtered_videos\HC-BBC\Deployement period 1\2026-HC-BBC-A-B__2026-01-15_17-57-07.mp4,0.0,12.000,135.333,30.000,TW,BBC, 1,Caesar,2.367,releases HC,food handling,None,None,,,,POINT,15.967,15.967,NA,teressa_sync_filtered_videos\HC-BBC\Deployement period 1\2026-HC-BBC-A-B__2026-01-15_17-57-07.mp4,762,762,,,,
2026-HC-BBC-A-B__2026-01-15_17-57-07,2026-08-06 16:44:02.154,,Media file,player #1:teressa_sync_filtered_videos\HC-BBC\Deployement period 1\2026-HC-BBC-A-B__2026-01-15_17-57-07.mp4,0.0,12.000,135.333,30.000,TW,BBC, 1,Caesar,2.367,bucket inspection,information gain,bucket 2,,,,,STATE,25.867,27.033,1.166,teressa_sync_filtered_videos\HC-BBC\Deployement period 1\2026-HC-BBC-A-B__2026-01-15_17-57-07.mp4,1235,1290,,,,
2026-HC-BBC-A-B__2026-01-16_15-21-14,2026-08-06 16:44:24.894,,Media file,player #1:teressa_sync_filtered_videos\HC-BBC\Deployement period 1\2026-HC-BBC-A-B__2026-01-16_15-21-14.mp4,0.0,96.599,137.967,30.000,TW,BBC, 1,juvenile #1,1.6,bucket inspection,information gain,bucket 1,,,,,STATE,41.367,42.967,1.600,teressa_sync_filtered_videos\HC-BBC\Deployement period 1\2026-HC-BBC-A-B__2026-01-16_15-21-14.mp4,1241,1289,,,,
2026-HC-BBC-A-B__2026-01-16_15-21-14,2026-08-06 16:44:24.894,,Media file,player #1:teressa_sync_filtered_videos\HC-BBC\Deployement period 1\2026-HC-BBC-A-B__2026-01-16_15-21-14.mp4,0.0,96.599,137.967,30.000,TW,BBC, 1,juvenile #2,1.299,bucket inspection,information gain,bucket 1,,,,,STATE,136.667,137.966,1.299,teressa_sync_filtered_videos\HC-BBC\Deployement period 1\2026-HC-BBC-A-B__2026-01-16_15-21-14.mp4,4101,NA,,,,Event automatically added by the fix unpaired state events function
2026-HC-BBC-A-B__2026-01-17_07-35-19,2026-08-06 16:44:46.942,,Media file,player #1:teressa_sync_filtered_videos\HC-BBC\Deployement period 1\2026-HC-BBC-A-B__2026-01-17_07-35-19.mp4,0.0,0.000,122.400,30.000,TW,BBC, 1,unknown #1,0.0,point of interest/general comment,user notes,other - comment,,,,,POINT,0.533,0.533,NA,teressa_sync_filtered_videos\HC-BBC\Deployement period 1\2026-HC-BBC-A-B__2026-01-17_07-35-19.mp4,21,21,,,nca,
2026-HC-BBC-A-B__2026-01-17_11-54-58,2026-08-06 16:45:08.415,,Media file,player #1:teressa_sync_filtered_videos\HC-BBC\Deployement period 1\2026-HC-BBC-A-B__2026-01-17_11-54-58.mp4,0.0,12.533,160.600,30.000,TW,BBC, 1,adult male #1,14.834,needs rechecked,user notes,subject ID,,,,,POINT,40.567,40.567,NA,teressa_sync_filtered_videos\HC-BBC\Deployement period 1\2026-HC-BBC-A-B__2026-01-17_11-54-58.mp4,1520,1520,,,,
2026-HC-BBC-A-B__2026-01-17_11-54-58,2026-08-06 16:45:08.415,,Media file,player #1:teressa_sync_filtered_videos\HC-BBC\Deployement period 1\2026-HC-BBC-A-B__2026-01-17_11-54-58.mp4,0.0,12.533,160.600,30.000,TW,BBC, 1,adult male #1,14.834,handling HC,food handling,None,unknown,unknown,None,None,STATE,40.633,53.100,12.467,teressa_sync_filtered_videos\HC-BBC\Deployement period 1\2026-HC-BBC-A-B__2026-01-17_11-54-58.mp4,1523,1990,,,stna,
2026-HC-BBC-A-B__2026-01-17_11-54-58,2026-08-06 16:45:08.415,,Media file,player #1:teressa_sync_filtered_videos\HC-BBC\Deployement period 1\2026-HC-BBC-A-B__2026-01-17_11-54-58.mp4,0.0,12.533,160.600,30.000,TW,BBC, 1,adult male #1,14.834,smells held HC,information gain,None,,,,,STATE,40.667,40.767,0.100,teressa_sync_filtered_videos\HC-BBC\Deployement period 1\2026-HC-BBC-A-B__2026-01-17_11-54-58.mp4,1524,1528,,,stna,
2026-HC-BBC-A-B__2026-01-17_11-54-58,2026-08-06 16:45:08.415,,Media file,player #1:teressa_sync_filtered_videos\HC-BBC\Deployement period 1\2026-HC-BBC-A-B__2026-01-17_11-54-58.mp4,0.0,12.533,160.600,30.000,TW,BBC, 1,adult male #1,14.834,manipulate with hand(s),food processing - non-tool use,pull with hand,None,,,,STATE,41.200,43.467,2.267,teressa_sync_filtered_videos\HC-BBC\Deployement period 1\2026-HC-BBC-A-B__2026-01-17_11-54-58.mp4,1544,1629,,,,
2026-HC-BBC-A-B__2026-01-17_11-54-58,2026-08-06 16:45:08.415,,Media file,player #1:teressa_sync_filtered_videos\HC-BBC\Deployement period 1\2026-HC-BBC-A-B__2026-01-17_11-54-58.mp4,0.0,12.533,160.600,30.000,TW,BBC, 1,adult male #1,14.834,eats HC,food processing,,,,,,POINT,43.600,43.600,NA,teressa_sync_filtered_videos\HC-BBC\Deployement period 1\2026-HC-BBC-A-B__2026-01-17_11-54-58.mp4,1634,1634,,,,
2026-HC-BBC-A-B__2026-01-17_11-54-58,2026-08-06 16:45:08.415,,Media file,player #1:teressa_sync_filtered_videos\HC-BBC\Deployement period 1\2026-HC-BBC-A-B__2026-01-17_11-54-58.mp4,0.0,12.533,160.600,30.000,TW,BBC, 1,adult male #1,14.834,eats HC,food processing,,,,,,POINT,44.733,44.733,NA,teressa_sync_filtered_videos\HC-BBC\Deployement period 1\2026-HC-BBC-A-B__2026-01-17_11-54-58.mp4,1676,1676,,,,
2026-HC-BBC-A-B__2026-01-17_11-54-58,2026-08-06 16:45:08.415,,Media file,player #1:teressa_sync_filtered_videos\HC-BBC\Deployement period 1\2026-HC-BBC-A-B__2026-01-17_11-54-58.mp4,0.0,12.533,160.600,30.000,TW,BBC, 1,adult male #1,14.834,eats HC,food processing,,,,,,POINT,45.567,45.567,NA,teressa_sync_filtered_videos\HC-BBC\Deployement period 1\2026-HC-BBC-A-B__2026-01-17_11-54-58.mp4,1708,1708,,,,
2026-HC-BBC-A-B__2026-01-17_11-54-58,2026-08-06 16:45:08.415,,Media file,player #1:teressa_sync_filtered_videos\HC-BBC\Deployement period 1\2026-HC-BBC-A-B__2026-01-17_11-54-58.mp4,0.0,12.533,160.600,30.000,TW,BBC, 1,adult male #1,14.834,eats HC,food processing,,,,,,POINT,48.067,48.067,NA,teressa_sync_filtered_videos\HC-BBC\Deployement period 1\2026-HC-BBC-A-B__2026-01-17_11-54-58.mp4,1801,1801,,,,
2026-HC-BBC-A-B__2026-01-17_11-54-58,2026-08-06 16:45:08.415,,Media file,player #1:teressa_sync_filtered_videos\HC-BBC\Deployement period 1\2026-HC-BBC-A-B__2026-01-17_11-54-58.mp4,0.0,12.533,160.600,30.000,TW,BBC, 1,adult male #1,14.834,eats HC,food processing,,,,,,POINT,49.267,49.267,NA,teressa_sync_filtered_videos\HC-BBC\Deployement period 1\2026-HC-BBC-A-B__2026-01-17_11-54-58.mp4,1846,1846,,,,
2026-HC-BBC-A-B__2026-01-17_11-54-58,2026-08-06 16:45:08.415,,Media file,player #1:teressa_sync_filtered_videos\HC-BBC\Deployement period 1\2026-HC-BBC-A-B__2026-01-17_11-54-58.mp4,0.0,12.533,160.600,30.000,TW,BBC, 1,adult male #1,14.834,eats HC,food processing,,,,,,POINT,52.100,52.100,NA,teressa_sync_filtered_videos\HC-BBC\Deployement period 1\2026-HC-BBC-A-B__2026-01-17_11-54-58.mp4,1953,1953,,,,
2026-HC-BBC-A-B__2026-01-17_11-54-58,2026-08-06 16:45:08.415,,Media file,player #1:teressa_sync_filtered_videos\HC-BBC\Deployement period 1\2026-HC-BBC-A-B__2026-01-17_11-54-58.mp4,0.0,12.533,160.600,30.000,TW,BBC, 1,adult male #1,14.834,releases HC,food handling,None,success/eaten,,,,POINT,53.100,53.100,NA,teressa_sync_filtered_videos\HC-BBC\Deployement period 1\2026-HC-BBC-A-B__2026-01-17_11-54-58.mp4,1990,1990,,,,
2026-HC-BBC-A-B__2026-01-17_15-35-33,2026-08-06 16:45:37.799,,Media file,player #1:teressa_sync_filtered_videos\HC-BBC\Deployement period 1\2026-HC-BBC-A-B__2026-01-17_15-35-33.mp4,0.0,23.099,134.067,30.000,TW,BBC, 1,Macaroni,13.966,bucket inspection,information gain,bucket 2,,,,,STATE,110.967,115.233,4.266,teressa_sync_filtered_videos\HC-BBC\Deployement period 1\2026-HC-BBC-A-B__2026-01-17_15-35-33.mp4,3329,3457,,,,
2026-HC-BBC-A-B__2026-01-17_15-35-33,2026-08-06 16:45:37.799,,Media file,player #1:teressa_sync_filtered_videos\HC-BBC\Deployement period 1\2026-HC-BBC-A-B__2026-01-17_15-35-33.mp4,0.0,23.099,134.067,30.000,TW,BBC, 1,Macaroni,13.966,bucket inspection,information gain,bucket 2,,,,,STATE,122.733,124.767,2.034,teressa_sync_filtered_videos\HC-BBC\Deployement period 1\2026-HC-BBC-A-B__2026-01-17_15-35-33.mp4,3682,3743,,,,
2026-HC-BBC-A-B__2026-01-17_15-35-33,2026-08-06 16:45:37.799,,Media file,player #1:teressa_sync_filtered_videos\HC-BBC\Deployement period 1\2026-HC-BBC-A-B__2026-01-17_15-35-33.mp4,0.0,23.099,134.067,30.000,TW,BBC, 1,Macaroni,13.966,handling HC,food handling,None,None,None,None,None,STATE,127.100,134.066,6.966,teressa_sync_filtered_videos\HC-BBC\Deployement period 1\2026-HC-BBC-A-B__2026-01-17_15-35-33.mp4,3813,NA,,,,Event automatically added by the fix unpaired state events function
2026-HC-BBC-A-B__2026-01-17_15-35-33,2026-08-06 16:45:37.799,,Media file,player #1:teressa_sync_filtered_videos\HC-BBC\Deployement period 1\2026-HC-BBC-A-B__2026-01-17_15-35-33.mp4,0.0,23.099,134.067,30.000,TW,BBC, 1,Macaroni,13.966,smells held HC,information gain,None,,,,,STATE,127.433,128.133,0.700,teressa_sync_filtered_videos\HC-BBC\Deployement period 1\2026-HC-BBC-A-B__2026-01-17_15-35-33.mp4,3823,3844,,,,
2026-HC-BBC-A-B__2026-01-17_15-35-33,2026-08-06 16:45:37.799,,Media file,player #1:teressa_sync_filtered_videos\HC-BBC\Deployement period 1\2026-HC-BBC-A-B__2026-01-17_15-35-33.mp4,0.0,23.099,134.067,30.000,TW,BBC, 1,Macaroni,13.966,eats HC,food processing,,,,,,POINT,128.667,128.667,NA,teressa_sync_filtered_videos\HC-BBC\Deployement period 1\2026-HC-BBC-A-B__2026-01-17_15-35-33.mp4,3860,3860,,,,
2026-HC-BBC-A-B__2026-01-17_15-40-25,2026-08-06 16:45:59.990,,Media file,player #1:teressa_sync_filtered_videos\HC-BBC\Deployement period 1\2026-HC-BBC-A-B__2026-01-17_15-40-25.mp4,0.0,12.433,125.967,30.000,TW,BBC, 1,juvenile #1,12.033,bucket inspection,information gain,bucket 2,,,,,STATE,7.000,13.667,6.667,teressa_sync_filtered_videos\HC-BBC\Deployement period 1\2026-HC-BBC-A-B__2026-01-17_15-40-25.mp4,210,410,,,,
2026-HC-BBC-A-B__2026-01-17_15-40-25,2026-08-06 16:45:59.990,,Media file,player #1:teressa_sync_filtered_videos\HC-BBC\Deployement period 1\2026-HC-BBC-A-B__2026-01-17_15-40-25.mp4,0.0,12.433,125.967,30.000,TW,BBC, 1,juvenile #1,12.033,bucket rummaging,information gain,bucket 2,,,,,STATE,14.067,19.433,5.366,teressa_sync_filtered_videos\HC-BBC\Deployement period 1\2026-HC-BBC-A-B__2026-01-17_15-40-25.mp4,422,583,,,,
2026-HC-BBC-A-B__2026-01-18_12-10-29,2026-08-06 16:46:19.801,,Media file,player #1:teressa_sync_filtered_videos\HC-BBC\Deployement period 1\2026-HC-BBC-A-B__2026-01-18_12-10-29.mp4,0.0,0.000,169.500,30.000,TW,BBC, 1,unknown #1,0.0,point of interest/general comment,user notes,other - comment,,,,,POINT,0.467,0.467,NA,teressa_sync_filtered_videos\HC-BBC\Deployement period 1\2026-HC-BBC-A-B__2026-01-18_12-10-29.mp4,17,17,,,nca,
2026-HC-BBC-A-B__2026-01-19_13-52-33,2026-08-06 16:46:40.161,,Media file,player #1:teressa_sync_filtered_videos\HC-BBC\Deployement period 1\2026-HC-BBC-A-B__2026-01-19_13-52-33.mp4,0.0,1.434,120.133,60.000,TW,BBC, 1,Doodle,1.434,bucket inspection,information gain,bucket 2,,,,,STATE,35.933,37.367,1.434,teressa_sync_filtered_videos\HC-BBC\Deployement period 1\2026-HC-BBC-A-B__2026-01-19_13-52-33.mp4,1796,1868,,,,
2026-HC-BBC-A-B__2026-01-19_13-54-36,2026-08-06 16:47:10.503,,Media file,player #1:teressa_sync_filtered_videos\HC-BBC\Deployement period 1\2026-HC-BBC-A-B__2026-01-19_13-54-36.mp4,0.0,9.500,119.967,30.000,TW,BBC, 1,juvenile #1,4.1,bucket inspection,information gain,bucket 2,,,,,STATE,9.100,11.667,2.567,teressa_sync_filtered_videos\HC-BBC\Deployement period 1\2026-HC-BBC-A-B__2026-01-19_13-54-36.mp4,273,350,,,,
2026-HC-BBC-A-B__2026-01-19_13-54-36,2026-08-06 16:47:10.503,,Media file,player #1:teressa_sync_filtered_videos\HC-BBC\Deployement period 1\2026-HC-BBC-A-B__2026-01-19_13-54-36.mp4,0.0,9.500,119.967,30.000,TW,BBC, 1,juvenile #1,4.1,bucket inspection,information gain,bucket 1,,,,,STATE,17.067,18.600,1.533,teressa_sync_filtered_videos\HC-BBC\Deployement period 1\2026-HC-BBC-A-B__2026-01-19_13-54-36.mp4,512,558,,,,
2026-HC-BBC-A-B__2026-01-19_14-02-53,2026-08-06 16:47:30.952,,Media file,player #1:teressa_sync_filtered_videos\HC-BBC\Deployement period 1\2026-HC-BBC-A-B__2026-01-19_14-02-53.mp4,0.0,0.000,140.400,30.000,TW,BBC, 1,unknown #1,0.0,point of interest/general comment,user notes,other - comment,,,,,POINT,5.967,5.967,NA,teressa_sync_filtered_videos\HC-BBC\Deployement period 1\2026-HC-BBC-A-B__2026-01-19_14-02-53.mp4,230,230,,,nca,
2026-HC-BBC-A-B__2026-01-19_14-16-38,2026-08-06 16:47:53.150,,Media file,player #1:teressa_sync_filtered_videos\HC-BBC\Deployement period 1\2026-HC-BBC-A-B__2026-01-19_14-16-38.mp4,0.0,3.934,174.867,30.000,TW,BBC, 1,juvenile #1,3.934,bucket inspection,information gain,bucket 1,,,,,STATE,55.033,58.967,3.934,teressa_sync_filtered_videos\HC-BBC\Deployement period 1\2026-HC-BBC-A-B__2026-01-19_14-16-38.mp4,1651,1769,,,,
2026-HC-BBC-A-B__2026-01-19_14-20-25,2026-08-06 17:07:14.084,,Media file,player #1:teressa_sync_filtered_videos\HC-BBC\Deployement period 1\2026-HC-BBC-A-B__2026-01-19_14-20-25.mp4,0.0,0.000,154.200,30.000,TW,BBC, 1,unknown #1,0.0,point of interest/general comment,user notes,other - comment,,,,,POINT,0.133,0.133,NA,teressa_sync_filtered_videos\HC-BBC\Deployement period 1\2026-HC-BBC-A-B__2026-01-19_14-20-25.mp4,5,5,,,nca,
2026-HC-BBC-A-B__2026-01-19_14-47-59,2026-08-06 17:07:41.361,,Media file,player #1:teressa_sync_filtered_videos\HC-BBC\Deployement period 1\2026-HC-BBC-A-B__2026-01-19_14-47-59.mp4,0.0,0.000,120.833,60.000,TW,BBC, 1,unknown #1,0.0,point of interest/general comment,user notes,other - comment,,,,,POINT,0.400,0.400,NA,teressa_sync_filtered_videos\HC-BBC\Deployement period 1\2026-HC-BBC-A-B__2026-01-19_14-47-59.mp4,20,20,,,nca,
2026-HC-BBC-A-B__2026-01-19_15-14-39,2026-08-06 17:08:05.374,,Media file,player #1:teressa_sync_filtered_videos\HC-BBC\Deployement period 1\2026-HC-BBC-A-B__2026-01-19_15-14-39.mp4,0.0,72.800,141.333,30.000,TW,BBC, 1,juvenile #1,2.3,bucket inspection,information gain,bucket 1,,,,,STATE,43.500,45.800,2.300,teressa_sync_filtered_videos\HC-BBC\Deployement period 1\2026-HC-BBC-A-B__2026-01-19_15-14-39.mp4,2044,2152,,,,
2026-HC-BBC-A-B__2026-01-19_15-14-39,2026-08-06 17:08:05.374,,Media file,player #1:teressa_sync_filtered_videos\HC-BBC\Deployement period 1\2026-HC-BBC-A-B__2026-01-19_15-14-39.mp4,0.0,72.800,141.333,30.000,TW,BBC, 1,juvenile #2,21.899,bucket inspection,information gain,bucket 2,,,,,STATE,86.500,93.400,6.900,teressa_sync_filtered_videos\HC-BBC\Deployement period 1\2026-HC-BBC-A-B__2026-01-19_15-14-39.mp4,4064,4388,,,,
2026-HC-BBC-A-B__2026-01-19_15-14-39,2026-08-06 17:08:05.374,,Media file,player #1:teressa_sync_filtered_videos\HC-BBC\Deployement period 1\2026-HC-BBC-A-B__2026-01-19_15-14-39.mp4,0.0,72.800,141.333,30.000,TW,BBC, 1,juvenile #2,21.899,bucket rummaging,information gain,bucket 2,,,,,STATE,99.167,104.633,5.466,teressa_sync_filtered_videos\HC-BBC\Deployement period 1\2026-HC-BBC-A-B__2026-01-19_15-14-39.mp4,4659,4916,,,,
2026-HC-BBC-A-B__2026-01-19_15-14-39,2026-08-06 17:08:05.374,,Media file,player #1:teressa_sync_filtered_videos\HC-BBC\Deployement period 1\2026-HC-BBC-A-B__2026-01-19_15-14-39.mp4,0.0,72.800,141.333,30.000,TW,BBC, 1,juvenile #2,21.899,bucket rummaging,information gain,bucket 2,,,,,STATE,106.767,116.300,9.533,teressa_sync_filtered_videos\HC-BBC\Deployement period 1\2026-HC-BBC-A-B__2026-01-19_15-14-39.mp4,5017,5464,,,,
2026-HC-BBC-A-B__2026-01-19_15-25-49,2026-08-06 17:08:31.387,,Media file,player #1:teressa_sync_filtered_videos\HC-BBC\Deployement period 1\2026-HC-BBC-A-B__2026-01-19_15-25-49.mp4,0.0,14.867,189.267,30.000,TW,BBC, 1,juvenile #1,10.434,bucket inspection,information gain,bucket 2,,,,,STATE,70.300,75.300,5.000,teressa_sync_filtered_videos\HC-BBC\Deployement period 1\2026-HC-BBC-A-B__2026-01-19_15-25-49.mp4,2109,2259,,,,
2026-HC-BBC-A-B__2026-01-19_15-25-49,2026-08-06 17:08:31.387,,Media file,player #1:teressa_sync_filtered_videos\HC-BBC\Deployement period 1\2026-HC-BBC-A-B__2026-01-19_15-25-49.mp4,0.0,14.867,189.267,30.000,TW,BBC, 1,juvenile #1,10.434,bucket rummaging,information gain,bucket 2,,,,,STATE,75.367,77.267,1.900,teressa_sync_filtered_videos\HC-BBC\Deployement period 1\2026-HC-BBC-A-B__2026-01-19_15-25-49.mp4,2261,2318,,,,
2026-HC-BBC-A-B__2026-01-19_15-25-49,2026-08-06 17:08:31.387,,Media file,player #1:teressa_sync_filtered_videos\HC-BBC\Deployement period 1\2026-HC-BBC-A-B__2026-01-19_15-25-49.mp4,0.0,14.867,189.267,30.000,TW,BBC, 1,juvenile #1,10.434,bucket inspection,information gain,bucket 1,,,,,STATE,81.633,85.167,3.534,teressa_sync_filtered_videos\HC-BBC\Deployement period 1\2026-HC-BBC-A-B__2026-01-19_15-25-49.mp4,2449,2555,,,,
2026-HC-BBC-A-B__2026-01-19_15-33-06,2026-08-06 17:09:17.433,,Media file,player #1:teressa_sync_filtered_videos\HC-BBC\Deployement period 1\2026-HC-BBC-A-B__2026-01-19_15-33-06.mp4,0.0,0.000,217.967,30.000,TW,BBC, 1,unknown #1,0.0,point of interest/general comment,user notes,other - comment,,,,,POINT,1.133,1.133,NA,teressa_sync_filtered_videos\HC-BBC\Deployement period 1\2026-HC-BBC-A-B__2026-01-19_15-33-06.mp4,34,34,,,nca,
2026-HC-BBC-A-B__2026-01-19_15-50-48,2026-08-06 17:09:39.399,,Media file,player #1:teressa_sync_filtered_videos\HC-BBC\Deployement period 1\2026-HC-BBC-A-B__2026-01-19_15-50-48.mp4,0.0,0.000,120.167,30.000,TW,BBC, 1,unknown #1,0.0,point of interest/general comment,user notes,other - comment,,,,,POINT,0.900,0.900,NA,teressa_sync_filtered_videos\HC-BBC\Deployement period 1\2026-HC-BBC-A-B__2026-01-19_15-50-48.mp4,27,27,,,nca,
2026-HC-BBC-A-B__2026-01-19_15-53-55,2026-08-06 17:10:02.911,,Media file,player #1:teressa_sync_filtered_videos\HC-BBC\Deployement period 1\2026-HC-BBC-A-B__2026-01-19_15-53-55.mp4,0.0,0.000,176.067,30.000,TW,BBC, 1,unknown #1,0.0,point of interest/general comment,user notes,other - comment,,,,,POINT,0.367,0.367,NA,teressa_sync_filtered_videos\HC-BBC\Deployement period 1\2026-HC-BBC-A-B__2026-01-19_15-53-55.mp4,11,11,,,nca,
2026-HC-BBC-A-B__2026-01-19_16-11-57,2026-08-06 17:10:20.938,,Media file,player #1:teressa_sync_filtered_videos\HC-BBC\Deployement period 1\2026-HC-BBC-A-B__2026-01-19_16-11-57.mp4,0.0,0.000,123.367,30.000,TW,BBC, 1,unknown #1,0.0,point of interest/general comment,user notes,other - comment,,,,,POINT,0.400,0.400,NA,teressa_sync_filtered_videos\HC-BBC\Deployement period 1\2026-HC-BBC-A-B__2026-01-19_16-11-57.mp4,12,12,,,nca,
2026-HC-BBC-A-B__2026-01-22_15-22-46,2026-08-06 14:28:43.858,,Media file,player #1:teressa_sync_filtered_videos\HC-BBC\Deployement period 2\2026-HC-BBC-A-B__2026-01-22_15-22-46.mp4,0.0,0.000,123.900,30.000,TW,BBC, 2,unknown #1,0.0,point of interest/general comment,user notes,other - comment,,,,,POINT,0.533,0.533,NA,teressa_sync_filtered_videos\HC-BBC\Deployement period 2\2026-HC-BBC-A-B__2026-01-22_15-22-46.mp4,21,21,,,nca,
2026-HC-BBC-A-B__2026-01-23_14-28-06,2026-08-06 14:29:33.956,,Media file,player #1:teressa_sync_filtered_videos\HC-BBC\Deployement period 2\2026-HC-BBC-A-B__2026-01-23_14-28-06.mp4,0.0,116.466,126.033,30.000,TW,BBC, 2,Rogi,93.031,bucket inspection,information gain,bucket 2,,,,,STATE,9.567,11.033,1.466,teressa_sync_filtered_videos\HC-BBC\Deployement period 2\2026-HC-BBC-A-B__2026-01-23_14-28-06.mp4,469,541,,,,
2026-HC-BBC-A-B__2026-01-23_14-28-06,2026-08-06 14:29:33.956,,Media file,player #1:teressa_sync_filtered_videos\HC-BBC\Deployement period 2\2026-HC-BBC-A-B__2026-01-23_14-28-06.mp4,0.0,116.466,126.033,30.000,TW,BBC, 2,Rogi,93.031,handling HC,food handling,None,bucket 2,None,None,None,STATE,11.333,16.599,5.266,teressa_sync_filtered_videos\HC-BBC\Deployement period 2\2026-HC-BBC-A-B__2026-01-23_14-28-06.mp4,556,NA,,,,etna
2026-HC-BBC-A-B__2026-01-23_14-28-06,2026-08-06 14:29:33.956,,Media file,player #1:teressa_sync_filtered_videos\HC-BBC\Deployement period 2\2026-HC-BBC-A-B__2026-01-23_14-28-06.mp4,0.0,116.466,126.033,30.000,TW,BBC, 2,Rogi,93.031,reduced visibility,status,,,,,,POINT,16.600,16.600,NA,teressa_sync_filtered_videos\HC-BBC\Deployement period 2\2026-HC-BBC-A-B__2026-01-23_14-28-06.mp4,814,814,,,,
2026-HC-BBC-A-B__2026-01-23_14-28-06,2026-08-06 14:29:33.956,,Media file,player #1:teressa_sync_filtered_videos\HC-BBC\Deployement period 2\2026-HC-BBC-A-B__2026-01-23_14-28-06.mp4,0.0,116.466,126.033,30.000,TW,BBC, 2,Rogi,93.031,bucket inspection,information gain,bucket 2,,,,,STATE,71.200,72.267,1.067,teressa_sync_filtered_videos\HC-BBC\Deployement period 2\2026-HC-BBC-A-B__2026-01-23_14-28-06.mp4,3492,3544,,,,
2026-HC-BBC-A-B__2026-01-23_14-28-06,2026-08-06 14:29:33.956,,Media file,player #1:teressa_sync_filtered_videos\HC-BBC\Deployement period 2\2026-HC-BBC-A-B__2026-01-23_14-28-06.mp4,0.0,116.466,126.033,30.000,TW,BBC, 2,Rogi,93.031,batch processing,food handling,4HC,2HC,2HC,pound with hammerstone,bucket 2,STATE,72.567,96.333,23.766,teressa_sync_filtered_videos\HC-BBC\Deployement period 2\2026-HC-BBC-A-B__2026-01-23_14-28-06.mp4,3559,4725,,,,
2026-HC-BBC-A-B__2026-01-23_14-28-06,2026-08-06 14:29:33.956,,Media file,player #1:teressa_sync_filtered_videos\HC-BBC\Deployement period 2\2026-HC-BBC-A-B__2026-01-23_14-28-06.mp4,0.0,116.466,126.033,30.000,TW,BBC, 2,Rogi,93.031,2HC in batch processing,food handling,bucket 2,None,,,,STATE,74.300,81.767,7.467,teressa_sync_filtered_videos\HC-BBC\Deployement period 2\2026-HC-BBC-A-B__2026-01-23_14-28-06.mp4,3644,4010,,,,
2026-HC-BBC-A-B__2026-01-23_14-28-06,2026-08-06 14:29:33.956,,Media file,player #1:teressa_sync_filtered_videos\HC-BBC\Deployement period 2\2026-HC-BBC-A-B__2026-01-23_14-28-06.mp4,0.0,116.466,126.033,30.000,TW,BBC, 2,Rogi,93.031,3HC in batch processing,food handling,bucket 2,None,,,,STATE,75.600,81.733,6.133,teressa_sync_filtered_videos\HC-BBC\Deployement period 2\2026-HC-BBC-A-B__2026-01-23_14-28-06.mp4,3708,4009,,,,
2026-HC-BBC-A-B__2026-01-23_14-28-06,2026-08-06 14:29:33.956,,Media file,player #1:teressa_sync_filtered_videos\HC-BBC\Deployement period 2\2026-HC-BBC-A-B__2026-01-23_14-28-06.mp4,0.0,116.466,126.033,30.000,TW,BBC, 2,Rogi,93.031,4HC in batch processing,food handling,bucket 2,None,,,,STATE,77.133,80.700,3.567,teressa_sync_filtered_videos\HC-BBC\Deployement period 2\2026-HC-BBC-A-B__2026-01-23_14-28-06.mp4,3783,3958,,,,
2026-HC-BBC-A-B__2026-01-23_14-28-06,2026-08-06 14:29:33.956,,Media file,player #1:teressa_sync_filtered_videos\HC-BBC\Deployement period 2\2026-HC-BBC-A-B__2026-01-23_14-28-06.mp4,0.0,116.466,126.033,30.000,TW,BBC, 2,Rogi,93.031,bucket inspection,information gain,bucket 1,,,,,STATE,98.300,104.467,6.167,teressa_sync_filtered_videos\HC-BBC\Deployement period 2\2026-HC-BBC-A-B__2026-01-23_14-28-06.mp4,4821,5123,,,,
2026-HC-BBC-A-B__2026-01-23_14-28-06,2026-08-06 14:29:33.956,,Media file,player #1:teressa_sync_filtered_videos\HC-BBC\Deployement period 2\2026-HC-BBC-A-B__2026-01-23_14-28-06.mp4,0.0,116.466,126.033,30.000,TW,BBC, 2,Rogi,93.031,bucket rummaging,information gain,bucket 1,,,,,STATE,104.567,107.133,2.566,teressa_sync_filtered_videos\HC-BBC\Deployement period 2\2026-HC-BBC-A-B__2026-01-23_14-28-06.mp4,5128,5254,,,,
2026-HC-BBC-A-B__2026-01-23_14-28-06,2026-08-06 14:29:33.956,,Media file,player #1:teressa_sync_filtered_videos\HC-BBC\Deployement period 2\2026-HC-BBC-A-B__2026-01-23_14-28-06.mp4,0.0,116.466,126.033,30.000,TW,BBC, 2,Rogi,93.031,batch processing,food handling,2HC,2HC,1HC,pound with hammerstone,bucket 1,STATE,107.300,126.033,18.733,teressa_sync_filtered_videos\HC-BBC\Deployement period 2\2026-HC-BBC-A-B__2026-01-23_14-28-06.mp4,5262,6181,,,,etna
2026-HC-BBC-A-B__2026-01-23_14-28-06,2026-08-06 14:29:33.956,,Media file,player #1:teressa_sync_filtered_videos\HC-BBC\Deployement period 2\2026-HC-BBC-A-B__2026-01-23_14-28-06.mp4,0.0,116.466,126.033,30.000,TW,BBC, 2,Rogi,93.031,2HC in batch processing,food handling,bucket 1,None,,,,STATE,109.200,126.033,16.833,teressa_sync_filtered_videos\HC-BBC\Deployement period 2\2026-HC-BBC-A-B__2026-01-23_14-28-06.mp4,5356,NA,,,,Event automatically added by the fix unpaired state events function
2026-HC-BBC-A-B__2026-01-23_14-30-10,2026-08-06 14:29:54.719,,Media file,player #1:teressa_sync_filtered_videos\HC-BBC\Deployement period 2\2026-HC-BBC-A-B__2026-01-23_14-30-10.mp4,0.0,121.766,134.733,30.000,TW,BBC, 2,Rogi,93.064,handling HC,food handling,None,bucket 1,unknown,None,None,STATE,12.967,41.233,28.266,teressa_sync_filtered_videos\HC-BBC\Deployement period 2\2026-HC-BBC-A-B__2026-01-23_14-30-10.mp4,620,1972,,,,
2026-HC-BBC-A-B__2026-01-23_14-30-10,2026-08-06 14:29:54.719,,Media file,player #1:teressa_sync_filtered_videos\HC-BBC\Deployement period 2\2026-HC-BBC-A-B__2026-01-23_14-30-10.mp4,0.0,121.766,134.733,30.000,TW,BBC, 2,Rogi,93.064,hammerstone grab,food processing - tool use,large,by/on arena wood,yes,,,POINT,13.100,13.100,NA,teressa_sync_filtered_videos\HC-BBC\Deployement period 2\2026-HC-BBC-A-B__2026-01-23_14-30-10.mp4,626,626,,,,
2026-HC-BBC-A-B__2026-01-23_14-30-10,2026-08-06 14:29:54.719,,Media file,player #1:teressa_sync_filtered_videos\HC-BBC\Deployement period 2\2026-HC-BBC-A-B__2026-01-23_14-30-10.mp4,0.0,121.766,134.733,30.000,TW,BBC, 2,Rogi,93.064,pound with hammerstone,food processing - tool use,arena wood,None,None,,,POINT,14.600,14.600,NA,teressa_sync_filtered_videos\HC-BBC\Deployement period 2\2026-HC-BBC-A-B__2026-01-23_14-30-10.mp4,698,698,,,,
2026-HC-BBC-A-B__2026-01-23_14-30-10,2026-08-06 14:29:54.719,,Media file,player #1:teressa_sync_filtered_videos\HC-BBC\Deployement period 2\2026-HC-BBC-A-B__2026-01-23_14-30-10.mp4,0.0,121.766,134.733,30.000,TW,BBC, 2,Rogi,93.064,pound with hammerstone,food processing - tool use,None,None,None,,,POINT,16.133,16.133,NA,teressa_sync_filtered_videos\HC-BBC\Deployement period 2\2026-HC-BBC-A-B__2026-01-23_14-30-10.mp4,771,771,,,,
2026-HC-BBC-A-B__2026-01-23_14-30-10,2026-08-06 14:29:54.719,,Media file,player #1:teressa_sync_filtered_videos\HC-BBC\Deployement period 2\2026-HC-BBC-A-B__2026-01-23_14-30-10.mp4,0.0,121.766,134.733,30.000,TW,BBC, 2,Rogi,93.064,eats HC,food processing,,,,,,POINT,22.567,22.567,NA,teressa_sync_filtered_videos\HC-BBC\Deployement period 2\2026-HC-BBC-A-B__2026-01-23_14-30-10.mp4,1079,1079,,,,
2026-HC-BBC-A-B__2026-01-23_14-30-10,2026-08-06 14:29:54.719,,Media file,player #1:teressa_sync_filtered_videos\HC-BBC\Deployement period 2\2026-HC-BBC-A-B__2026-01-23_14-30-10.mp4,0.0,121.766,134.733,30.000,TW,BBC, 2,Rogi,93.064,eats HC,food processing,,,,,,POINT,23.567,23.567,NA,teressa_sync_filtered_videos\HC-BBC\Deployement period 2\2026-HC-BBC-A-B__2026-01-23_14-30-10.mp4,1127,1127,,,,
2026-HC-BBC-A-B__2026-01-23_14-30-10,2026-08-06 14:29:54.719,,Media file,player #1:teressa_sync_filtered_videos\HC-BBC\Deployement period 2\2026-HC-BBC-A-B__2026-01-23_14-30-10.mp4,0.0,121.766,134.733,30.000,TW,BBC, 2,Rogi,93.064,eats HC,food processing,,,,,,POINT,26.767,26.767,NA,teressa_sync_filtered_videos\HC-BBC\Deployement period 2\2026-HC-BBC-A-B__2026-01-23_14-30-10.mp4,1280,1280,,,,
2026-HC-BBC-A-B__2026-01-23_14-30-10,2026-08-06 14:29:54.719,,Media file,player #1:teressa_sync_filtered_videos\HC-BBC\Deployement period 2\2026-HC-BBC-A-B__2026-01-23_14-30-10.mp4,0.0,121.766,134.733,30.000,TW,BBC, 2,Rogi,93.064,eats HC,food processing,,,,,,POINT,27.733,27.733,NA,teressa_sync_filtered_videos\HC-BBC\Deployement period 2\2026-HC-BBC-A-B__2026-01-23_14-30-10.mp4,1326,1326,,,,
2026-HC-BBC-A-B__2026-01-23_14-30-10,2026-08-06 14:29:54.719,,Media file,player #1:teressa_sync_filtered_videos\HC-BBC\Deployement period 2\2026-HC-BBC-A-B__2026-01-23_14-30-10.mp4,0.0,121.766,134.733,30.000,TW,BBC, 2,Rogi,93.064,eats HC,food processing,,,,,,POINT,35.000,35.000,NA,teressa_sync_filtered_videos\HC-BBC\Deployement period 2\2026-HC-BBC-A-B__2026-01-23_14-30-10.mp4,1674,1674,,,,
2026-HC-BBC-A-B__2026-01-23_14-30-10,2026-08-06 14:29:54.719,,Media file,player #1:teressa_sync_filtered_videos\HC-BBC\Deployement period 2\2026-HC-BBC-A-B__2026-01-23_14-30-10.mp4,0.0,121.766,134.733,30.000,TW,BBC, 2,Rogi,93.064,eats HC,food processing,,,,,,POINT,37.700,37.700,NA,teressa_sync_filtered_videos\HC-BBC\Deployement period 2\2026-HC-BBC-A-B__2026-01-23_14-30-10.mp4,1803,1803,,,,
2026-HC-BBC-A-B__2026-01-23_14-30-10,2026-08-06 14:29:54.719,,Media file,player #1:teressa_sync_filtered_videos\HC-BBC\Deployement period 2\2026-HC-BBC-A-B__2026-01-23_14-30-10.mp4,0.0,121.766,134.733,30.000,TW,BBC, 2,Rogi,93.064,releases HC,food handling,None,success/eaten,,,,POINT,41.233,41.233,NA,teressa_sync_filtered_videos\HC-BBC\Deployement period 2\2026-HC-BBC-A-B__2026-01-23_14-30-10.mp4,1972,1972,,,,
2026-HC-BBC-A-B__2026-01-23_14-30-10,2026-08-06 14:29:54.719,,Media file,player #1:teressa_sync_filtered_videos\HC-BBC\Deployement period 2\2026-HC-BBC-A-B__2026-01-23_14-30-10.mp4,0.0,121.766,134.733,30.000,TW,BBC, 2,Rogi,93.064,handling HC,food handling,None,bucket 2,None,None,None,STATE,47.900,53.832,5.932,teressa_sync_filtered_videos\HC-BBC\Deployement period 2\2026-HC-BBC-A-B__2026-01-23_14-30-10.mp4,2291,NA,,,,etna
2026-HC-BBC-A-B__2026-01-23_14-30-10,2026-08-06 14:29:54.719,,Media file,player #1:teressa_sync_filtered_videos\HC-BBC\Deployement period 2\2026-HC-BBC-A-B__2026-01-23_14-30-10.mp4,0.0,121.766,134.733,30.000,TW,BBC, 2,Rogi,93.064,manipulate with hand(s),food processing - non-tool use,pull with hand,None,,,,STATE,48.500,52.633,4.133,teressa_sync_filtered_videos\HC-BBC\Deployement period 2\2026-HC-BBC-A-B__2026-01-23_14-30-10.mp4,2319,2517,,,,
2026-HC-BBC-A-B__2026-01-23_14-30-10,2026-08-06 14:29:54.719,,Media file,player #1:teressa_sync_filtered_videos\HC-BBC\Deployement period 2\2026-HC-BBC-A-B__2026-01-23_14-30-10.mp4,0.0,121.766,134.733,30.000,TW,BBC, 2,Rogi,93.064,reduced visibility,status,,,,,,POINT,53.833,53.833,NA,teressa_sync_filtered_videos\HC-BBC\Deployement period 2\2026-HC-BBC-A-B__2026-01-23_14-30-10.mp4,2574,2574,,,,
2026-HC-BBC-A-B__2026-01-23_14-30-10,2026-08-06 14:29:54.719,,Media file,player #1:teressa_sync_filtered_videos\HC-BBC\Deployement period 2\2026-HC-BBC-A-B__2026-01-23_14-30-10.mp4,0.0,121.766,134.733,30.000,TW,BBC, 2,Rogi,93.064,batch processing,food handling,3HC,2HC,3HC,pound with hammerstone,bucket 2,STATE,91.000,134.733,43.733,teressa_sync_filtered_videos\HC-BBC\Deployement period 2\2026-HC-BBC-A-B__2026-01-23_14-30-10.mp4,4352,6443,,,,
2026-HC-BBC-A-B__2026-01-23_14-30-10,2026-08-06 14:29:54.719,,Media file,player #1:teressa_sync_filtered_videos\HC-BBC\Deployement period 2\2026-HC-BBC-A-B__2026-01-23_14-30-10.mp4,0.0,121.766,134.733,30.000,TW,BBC, 2,Rogi,93.064,2HC in batch processing,food handling,bucket 2,None,,,,STATE,92.000,97.700,5.700,teressa_sync_filtered_videos\HC-BBC\Deployement period 2\2026-HC-BBC-A-B__2026-01-23_14-30-10.mp4,4399,4672,,,,
2026-HC-BBC-A-B__2026-01-23_14-30-10,2026-08-06 14:29:54.719,,Media file,player #1:teressa_sync_filtered_videos\HC-BBC\Deployement period 2\2026-HC-BBC-A-B__2026-01-23_14-30-10.mp4,0.0,121.766,134.733,30.000,TW,BBC, 2,Rogi,93.064,3HC in batch processing,food handling,bucket 2,None,,,,STATE,92.800,97.700,4.900,teressa_sync_filtered_videos\HC-BBC\Deployement period 2\2026-HC-BBC-A-B__2026-01-23_14-30-10.mp4,4438,4672,,,,
2026-HC-BBC-A-B__2026-01-23_14-30-10,2026-08-06 14:29:54.719,,Media file,player #1:teressa_sync_filtered_videos\HC-BBC\Deployement period 2\2026-HC-BBC-A-B__2026-01-23_14-30-10.mp4,0.0,121.766,134.733,30.000,TW,BBC, 2,Rogi,93.064,smells held HC,information gain,None,,,,,STATE,116.200,116.600,0.400,teressa_sync_filtered_videos\HC-BBC\Deployement period 2\2026-HC-BBC-A-B__2026-01-23_14-30-10.mp4,5557,5576,,,,
2026-HC-BBC-A-B__2026-01-23_14-46-00,2026-08-06 14:30:23.054,,Media file,player #1:teressa_sync_filtered_videos\HC-BBC\Deployement period 2\2026-HC-BBC-A-B__2026-01-23_14-46-00.mp4,0.0,0.000,151.567,30.000,TW,BBC, 2,unknown #1,0.0,point of interest/general comment,user notes,other - comment,,,,,POINT,0.500,0.500,NA,teressa_sync_filtered_videos\HC-BBC\Deployement period 2\2026-HC-BBC-A-B__2026-01-23_14-46-00.mp4,15,15,,,nca,
2026-HC-BBC-A-B__2026-01-23_14-48-43,2026-08-06 14:30:46.154,,Media file,player #1:teressa_sync_filtered_videos\HC-BBC\Deployement period 2\2026-HC-BBC-A-B__2026-01-23_14-48-43.mp4,0.0,21.700,121.633,60.000,TW,BBC, 2,Bob,10.634,handling HC,food handling,None,None,broken,None,None,STATE,10.400,14.833,4.433,teressa_sync_filtered_videos\HC-BBC\Deployement period 2\2026-HC-BBC-A-B__2026-01-23_14-48-43.mp4,517,738,,,,
2026-HC-BBC-A-B__2026-01-23_14-48-43,2026-08-06 14:30:46.154,,Media file,player #1:teressa_sync_filtered_videos\HC-BBC\Deployement period 2\2026-HC-BBC-A-B__2026-01-23_14-48-43.mp4,0.0,21.700,121.633,60.000,TW,BBC, 2,Bob,10.634,smells held HC,information gain,None,,,,,STATE,11.233,12.167,0.934,teressa_sync_filtered_videos\HC-BBC\Deployement period 2\2026-HC-BBC-A-B__2026-01-23_14-48-43.mp4,559,605,,,,
2026-HC-BBC-A-B__2026-01-23_14-48-43,2026-08-06 14:30:46.154,,Media file,player #1:teressa_sync_filtered_videos\HC-BBC\Deployement period 2\2026-HC-BBC-A-B__2026-01-23_14-48-43.mp4,0.0,21.700,121.633,60.000,TW,BBC, 2,Bob,10.634,releases HC,food handling,arena wood anvil,None,,,,POINT,14.833,14.833,NA,teressa_sync_filtered_videos\HC-BBC\Deployement period 2\2026-HC-BBC-A-B__2026-01-23_14-48-43.mp4,738,738,,,,
2026-HC-BBC-A-B__2026-01-23_14-48-43,2026-08-06 14:30:46.154,,Media file,player #1:teressa_sync_filtered_videos\HC-BBC\Deployement period 2\2026-HC-BBC-A-B__2026-01-23_14-48-43.mp4,0.0,21.700,121.633,60.000,TW,BBC, 2,Bob,10.634,bucket inspection,information gain,bucket 1,,,,,STATE,17.367,20.067,2.700,teressa_sync_filtered_videos\HC-BBC\Deployement period 2\2026-HC-BBC-A-B__2026-01-23_14-48-43.mp4,864,998,,,,
2026-HC-BBC-A-B__2026-01-23_14-48-43,2026-08-06 14:30:46.154,,Media file,player #1:teressa_sync_filtered_videos\HC-BBC\Deployement period 2\2026-HC-BBC-A-B__2026-01-23_14-48-43.mp4,0.0,21.700,121.633,60.000,TW,BBC, 2,Bob,10.634,handling HC,food handling,None,None,None,None,None,STATE,24.067,24.767,0.700,teressa_sync_filtered_videos\HC-BBC\Deployement period 2\2026-HC-BBC-A-B__2026-01-23_14-48-43.mp4,1197,1232,,,,
2026-HC-BBC-A-B__2026-01-23_14-48-43,2026-08-06 14:30:46.154,,Media file,player #1:teressa_sync_filtered_videos\HC-BBC\Deployement period 2\2026-HC-BBC-A-B__2026-01-23_14-48-43.mp4,0.0,21.700,121.633,60.000,TW,BBC, 2,Bob,10.634,releases HC,food handling,None,None,,,,POINT,24.767,24.767,NA,teressa_sync_filtered_videos\HC-BBC\Deployement period 2\2026-HC-BBC-A-B__2026-01-23_14-48-43.mp4,1232,1232,,,,
2026-HC-BBC-A-B__2026-01-23_14-48-43,2026-08-06 14:30:46.154,,Media file,player #1:teressa_sync_filtered_videos\HC-BBC\Deployement period 2\2026-HC-BBC-A-B__2026-01-23_14-48-43.mp4,0.0,21.700,121.633,60.000,TW,BBC, 2,Bob,10.634,bucket inspection,information gain,bucket 2,,,,,STATE,30.233,32.100,1.867,teressa_sync_filtered_videos\HC-BBC\Deployement period 2\2026-HC-BBC-A-B__2026-01-23_14-48-43.mp4,1504,1596,,,,
2026-HC-BBC-A-B__2026-01-23_16-09-03,2026-08-06 14:31:13.733,,Media file,player #1:teressa_sync_filtered_videos\HC-BBC\Deployement period 2\2026-HC-BBC-A-B__2026-01-23_16-09-03.mp4,0.0,0.000,121.267,30.000,TW,BBC, 2,unknown #1,0.0,point of interest/general comment,user notes,other - comment,,,,,POINT,0.467,0.467,NA,teressa_sync_filtered_videos\HC-BBC\Deployement period 2\2026-HC-BBC-A-B__2026-01-23_16-09-03.mp4,14,14,,,nca,
2026-HC-BBC-A-B__2026-01-24_16-25-44,2026-08-06 14:31:47.228,,Media file,player #1:teressa_sync_filtered_videos\HC-BBC\Deployement period 2\2026-HC-BBC-A-B__2026-01-24_16-25-44.mp4,0.0,1.034,120.033,60.000,TW,BBC, 2,juvenile #1,1.034,bucket inspection,information gain,bucket 2,,,,,STATE,64.933,65.967,1.034,teressa_sync_filtered_videos\HC-BBC\Deployement period 2\2026-HC-BBC-A-B__2026-01-24_16-25-44.mp4,3247,3298,,,,
2026-HC-BBC-A-B__2026-01-24_16-28-49,2026-08-06 14:32:06.402,,Media file,player #1:teressa_sync_filtered_videos\HC-BBC\Deployement period 2\2026-HC-BBC-A-B__2026-01-24_16-28-49.mp4,0.0,2.234,124.133,30.000,TW,BBC, 2,non-adult #1,2.234,bucket inspection,information gain,bucket 2,,,,,STATE,0.733,2.967,2.234,teressa_sync_filtered_videos\HC-BBC\Deployement period 2\2026-HC-BBC-A-B__2026-01-24_16-28-49.mp4,36,146,,,,
2026-HC-BBC-A-B__2026-01-25_12-21-56,2026-08-06 14:32:24.804,,Media file,player #1:teressa_sync_filtered_videos\HC-BBC\Deployement period 2\2026-HC-BBC-A-B__2026-01-25_12-21-56.mp4,0.0,0.000,127.900,30.000,TW,BBC, 2,unknown #1,0.0,point of interest/general comment,user notes,other - comment,,,,,POINT,0.400,0.400,NA,teressa_sync_filtered_videos\HC-BBC\Deployement period 2\2026-HC-BBC-A-B__2026-01-25_12-21-56.mp4,16,16,,,nca,
2026-HC-BBC-A-B__2026-01-25_12-31-42,2026-08-06 14:32:46.138,,Media file,player #1:teressa_sync_filtered_videos\HC-BBC\Deployement period 2\2026-HC-BBC-A-B__2026-01-25_12-31-42.mp4,0.0,16.934,125.600,30.000,TW,BBC, 2,Doodle,4.034,bucket inspection,information gain,bucket 1,,,,,STATE,0.133,4.167,4.034,teressa_sync_filtered_videos\HC-BBC\Deployement period 2\2026-HC-BBC-A-B__2026-01-25_12-31-42.mp4,5,165,,,,
2026-HC-BBC-A-B__2026-01-25_12-31-42,2026-08-06 14:32:46.138,,Media file,player #1:teressa_sync_filtered_videos\HC-BBC\Deployement period 2\2026-HC-BBC-A-B__2026-01-25_12-31-42.mp4,0.0,16.934,125.600,30.000,TW,BBC, 2,juvenile #2,5.767,bucket inspection,information gain,bucket 1,,,,,STATE,8.500,12.067,3.567,teressa_sync_filtered_videos\HC-BBC\Deployement period 2\2026-HC-BBC-A-B__2026-01-25_12-31-42.mp4,336,477,,,,
2026-HC-BBC-A-B__2026-01-25_12-31-42,2026-08-06 14:32:46.138,,Media file,player #1:teressa_sync_filtered_videos\HC-BBC\Deployement period 2\2026-HC-BBC-A-B__2026-01-25_12-31-42.mp4,0.0,16.934,125.600,30.000,TW,BBC, 2,juvenile #2,5.767,bucket inspection,information gain,bucket 2,,,,,STATE,14.867,17.067,2.200,teressa_sync_filtered_videos\HC-BBC\Deployement period 2\2026-HC-BBC-A-B__2026-01-25_12-31-42.mp4,588,675,,,,
2026-HC-BBC-A-B__2026-01-25_13-29-42,2026-08-06 14:35:50.782,,Media file,player #1:teressa_sync_filtered_videos\HC-BBC\Deployement period 2\2026-HC-BBC-A-B__2026-01-25_13-29-42.mp4,0.0,0.000,120.000,60.008,TW,BBC, 2,unknown #1,0.0,point of interest/general comment,user notes,other - comment,,,,,POINT,0.500,0.500,NA,teressa_sync_filtered_videos\HC-BBC\Deployement period 2\2026-HC-BBC-A-B__2026-01-25_13-29-42.mp4,30,30,,,nca,
2026-HC-BBC-A-B__2026-01-25_16-05-57,2026-08-06 14:36:20.366,,Media file,player #1:teressa_sync_filtered_videos\HC-BBC\Deployement period 2\2026-HC-BBC-A-B__2026-01-25_16-05-57.mp4,0.0,0.000,155.633,30.000,TW,BBC, 2,unknown #1,0.0,point of interest/general comment,user notes,other - comment,,,,,POINT,0.700,0.700,NA,teressa_sync_filtered_videos\HC-BBC\Deployement period 2\2026-HC-BBC-A-B__2026-01-25_16-05-57.mp4,32,32,,,nca,
2026-HC-BBC-A-B__2026-01-25_16-10-09,2026-08-06 14:36:40.383,,Media file,player #1:teressa_sync_filtered_videos\HC-BBC\Deployement period 2\2026-HC-BBC-A-B__2026-01-25_16-10-09.mp4,0.0,0.000,120.867,30.000,TW,BBC, 2,unknown #1,0.0,point of interest/general comment,user notes,other - comment,,,,,POINT,0.667,0.667,NA,teressa_sync_filtered_videos\HC-BBC\Deployement period 2\2026-HC-BBC-A-B__2026-01-25_16-10-09.mp4,20,20,,,nca,
2026-HC-BBC-A-B__2026-01-25_16-18-48,2026-08-06 14:37:02.604,,Media file,player #1:teressa_sync_filtered_videos\HC-BBC\Deployement period 2\2026-HC-BBC-A-B__2026-01-25_16-18-48.mp4,0.0,0.000,123.567,30.000,TW,BBC, 2,unknown #1,0.0,point of interest/general comment,user notes,other - comment,,,,,POINT,0.500,0.500,NA,teressa_sync_filtered_videos\HC-BBC\Deployement period 2\2026-HC-BBC-A-B__2026-01-25_16-18-48.mp4,15,15,,,nca,
2026-HC-BBC-A-B__2026-01-26_17-08-06,2026-08-06 14:37:23.989,,Media file,player #1:teressa_sync_filtered_videos\HC-BBC\Deployement period 2\2026-HC-BBC-A-B__2026-01-26_17-08-06.mp4,0.0,0.000,135.067,30.000,TW,BBC, 2,unknown #1,0.0,point of interest/general comment,user notes,other - comment,,,,,POINT,0.767,0.767,NA,teressa_sync_filtered_videos\HC-BBC\Deployement period 2\2026-HC-BBC-A-B__2026-01-26_17-08-06.mp4,23,23,,,nca,
2026-HC-BBC-A-B__2026-01-26_17-21-53,2026-08-06 14:37:42.763,,Media file,player #1:teressa_sync_filtered_videos\HC-BBC\Deployement period 2\2026-HC-BBC-A-B__2026-01-26_17-21-53.mp4,0.0,0.000,121.933,30.000,TW,2PP, 2,unknown #1,0.0,point of interest/general comment,user notes,other - comment,,,,,POINT,0.700,0.700,NA,teressa_sync_filtered_videos\HC-BBC\Deployement period 2\2026-HC-BBC-A-B__2026-01-26_17-21-53.mp4,35,35,,,nca,
2026-HC-BBC-A-B__2026-01-27_11-22-44,2026-08-06 14:38:06.512,,Media file,player #1:teressa_sync_filtered_videos\HC-BBC\Deployement period 2\2026-HC-BBC-A-B__2026-01-27_11-22-44.mp4,0.0,0.000,145.533,30.000,TW,BBC, 2,unknown #1,0.0,point of interest/general comment,user notes,other - comment,,,,,POINT,0.433,0.433,NA,teressa_sync_filtered_videos\HC-BBC\Deployement period 2\2026-HC-BBC-A-B__2026-01-27_11-22-44.mp4,20,20,,,nca,
2026-HC-BBC-A-B__2026-01-29_18-36-14,2026-07-14 16:22:52.111,,Media file,player #1:teressa_sync_filtered_videos\HC-BBC\Deployement period 3\2026-HC-BBC-A-B__2026-01-29_18-36-14.mp4,0.0,0.000,120.433,60.000,TW,BBC, 3,unknown #1,0.0,point of interest/general comment,user notes,other - comment,,,,,POINT,0.200,0.200,NA,teressa_sync_filtered_videos\HC-BBC\Deployement period 3\2026-HC-BBC-A-B__2026-01-29_18-36-14.mp4,10,10,,,nca,
2026-HC-BBC-A-B__2026-01-31_16-50-55,2026-07-14 16:24:05.547,,Media file,player #1:teressa_sync_filtered_videos\HC-BBC\Deployement period 3\2026-HC-BBC-A-B__2026-01-31_16-50-55.mp4,0.0,95.967,121.967,30.000,TW,BBC, 3,Bob,112.635,bucket inspection,information gain,bucket 2,,,,,STATE,2.700,4.133,1.433,teressa_sync_filtered_videos\HC-BBC\Deployement period 3\2026-HC-BBC-A-B__2026-01-31_16-50-55.mp4,81,124,,,,
2026-HC-BBC-A-B__2026-01-31_16-50-55,2026-07-14 16:24:05.547,,Media file,player #1:teressa_sync_filtered_videos\HC-BBC\Deployement period 3\2026-HC-BBC-A-B__2026-01-31_16-50-55.mp4,0.0,95.967,121.967,30.000,TW,BBC, 3,Bob,112.635,bucket rummaging,information gain,bucket 2,,,,,STATE,6.033,9.500,3.467,teressa_sync_filtered_videos\HC-BBC\Deployement period 3\2026-HC-BBC-A-B__2026-01-31_16-50-55.mp4,181,285,,,,
2026-HC-BBC-A-B__2026-01-31_16-50-55,2026-07-14 16:24:05.547,,Media file,player #1:teressa_sync_filtered_videos\HC-BBC\Deployement period 3\2026-HC-BBC-A-B__2026-01-31_16-50-55.mp4,0.0,95.967,121.967,30.000,TW,BBC, 3,Bob,112.635,batch processing,food handling,4HC,1HC,2HC,"manipulate with hands,roll/scrub on surface,pound with hammerstone",bucket 2,STATE,10.367,53.300,42.933,teressa_sync_filtered_videos\HC-BBC\Deployement period 3\2026-HC-BBC-A-B__2026-01-31_16-50-55.mp4,311,1599,,,,
2026-HC-BBC-A-B__2026-01-31_16-50-55,2026-07-14 16:24:05.547,,Media file,player #1:teressa_sync_filtered_videos\HC-BBC\Deployement period 3\2026-HC-BBC-A-B__2026-01-31_16-50-55.mp4,0.0,95.967,121.967,30.000,TW,BBC, 3,Bob,112.635,bucket inspection,information gain,bucket 1,,,,,STATE,12.433,14.200,1.767,teressa_sync_filtered_videos\HC-BBC\Deployement period 3\2026-HC-BBC-A-B__2026-01-31_16-50-55.mp4,373,426,,,,
2026-HC-BBC-A-B__2026-01-31_16-50-55,2026-07-14 16:24:05.547,,Media file,player #1:teressa_sync_filtered_videos\HC-BBC\Deployement period 3\2026-HC-BBC-A-B__2026-01-31_16-50-55.mp4,0.0,95.967,121.967,30.000,TW,BBC, 3,Bob,112.635,bucket rummaging,information gain,bucket 1,,,,,STATE,14.233,16.933,2.700,teressa_sync_filtered_videos\HC-BBC\Deployement period 3\2026-HC-BBC-A-B__2026-01-31_16-50-55.mp4,427,508,,,,
2026-HC-BBC-A-B__2026-01-31_16-50-55,2026-07-14 16:24:05.547,,Media file,player #1:teressa_sync_filtered_videos\HC-BBC\Deployement period 3\2026-HC-BBC-A-B__2026-01-31_16-50-55.mp4,0.0,95.967,121.967,30.000,TW,BBC, 3,Bob,112.635,2HC in batch processing,food handling,bucket 1,None,,,,STATE,17.133,34.467,17.334,teressa_sync_filtered_videos\HC-BBC\Deployement period 3\2026-HC-BBC-A-B__2026-01-31_16-50-55.mp4,514,1034,,,,
2026-HC-BBC-A-B__2026-01-31_16-50-55,2026-07-14 16:24:05.547,,Media file,player #1:teressa_sync_filtered_videos\HC-BBC\Deployement period 3\2026-HC-BBC-A-B__2026-01-31_16-50-55.mp4,0.0,95.967,121.967,30.000,TW,BBC, 3,Bob,112.635,3HC in batch processing,food handling,bucket 1,None,,,,STATE,17.133,25.200,8.067,teressa_sync_filtered_videos\HC-BBC\Deployement period 3\2026-HC-BBC-A-B__2026-01-31_16-50-55.mp4,514,756,,,,
2026-HC-BBC-A-B__2026-01-31_16-50-55,2026-07-14 16:24:05.547,,Media file,player #1:teressa_sync_filtered_videos\HC-BBC\Deployement period 3\2026-HC-BBC-A-B__2026-01-31_16-50-55.mp4,0.0,95.967,121.967,30.000,TW,BBC, 3,Bob,112.635,4HC in batch processing,food handling,bucket 1,None,,,,STATE,17.133,19.700,2.567,teressa_sync_filtered_videos\HC-BBC\Deployement period 3\2026-HC-BBC-A-B__2026-01-31_16-50-55.mp4,514,591,,,,
2026-HC-BBC-A-B__2026-01-31_16-50-55,2026-07-14 16:24:05.547,,Media file,player #1:teressa_sync_filtered_videos\HC-BBC\Deployement period 3\2026-HC-BBC-A-B__2026-01-31_16-50-55.mp4,0.0,95.967,121.967,30.000,TW,BBC, 3,Bob,112.635,smells held HC,information gain,multiple,,,,,STATE,17.600,18.033,0.433,teressa_sync_filtered_videos\HC-BBC\Deployement period 3\2026-HC-BBC-A-B__2026-01-31_16-50-55.mp4,528,541,,,,
2026-HC-BBC-A-B__2026-01-31_16-50-55,2026-07-14 16:24:05.547,,Media file,player #1:teressa_sync_filtered_videos\HC-BBC\Deployement period 3\2026-HC-BBC-A-B__2026-01-31_16-50-55.mp4,0.0,95.967,121.967,30.000,TW,BBC, 3,Bob,112.635,bucket inspection,information gain,bucket 2,,,,,STATE,53.567,54.600,1.033,teressa_sync_filtered_videos\HC-BBC\Deployement period 3\2026-HC-BBC-A-B__2026-01-31_16-50-55.mp4,1607,1638,,,,
2026-HC-BBC-A-B__2026-01-31_16-50-55,2026-07-14 16:24:05.547,,Media file,player #1:teressa_sync_filtered_videos\HC-BBC\Deployement period 3\2026-HC-BBC-A-B__2026-01-31_16-50-55.mp4,0.0,95.967,121.967,30.000,TW,BBC, 3,Bob,112.635,handling HC,food handling,None,None,None,None,None,STATE,62.767,70.700,7.933,teressa_sync_filtered_videos\HC-BBC\Deployement period 3\2026-HC-BBC-A-B__2026-01-31_16-50-55.mp4,1883,2121,,,,
2026-HC-BBC-A-B__2026-01-31_16-50-55,2026-07-14 16:24:05.547,,Media file,player #1:teressa_sync_filtered_videos\HC-BBC\Deployement period 3\2026-HC-BBC-A-B__2026-01-31_16-50-55.mp4,0.0,95.967,121.967,30.000,TW,BBC, 3,Bob,112.635,releases HC,food handling,arena stone anvil,unknown/other,,,,POINT,63.500,63.500,NA,teressa_sync_filtered_videos\HC-BBC\Deployement period 3\2026-HC-BBC-A-B__2026-01-31_16-50-55.mp4,1905,1905,,,,
2026-HC-BBC-A-B__2026-01-31_16-50-55,2026-07-14 16:24:05.547,,Media file,player #1:teressa_sync_filtered_videos\HC-BBC\Deployement period 3\2026-HC-BBC-A-B__2026-01-31_16-50-55.mp4,0.0,95.967,121.967,30.000,TW,BBC, 3,Bob,112.635,hammerstone grab,food processing - tool use,medium,by/on arena stone,yes,,,POINT,64.200,64.200,NA,teressa_sync_filtered_videos\HC-BBC\Deployement period 3\2026-HC-BBC-A-B__2026-01-31_16-50-55.mp4,1926,1926,,,,
2026-HC-BBC-A-B__2026-01-31_16-50-55,2026-07-14 16:24:05.547,,Media file,player #1:teressa_sync_filtered_videos\HC-BBC\Deployement period 3\2026-HC-BBC-A-B__2026-01-31_16-50-55.mp4,0.0,95.967,121.967,30.000,TW,BBC, 3,Bob,112.635,pound with hammerstone,food processing - tool use,arena stone,None,None,,,POINT,65.067,65.067,NA,teressa_sync_filtered_videos\HC-BBC\Deployement period 3\2026-HC-BBC-A-B__2026-01-31_16-50-55.mp4,1952,1952,,,,
2026-HC-BBC-A-B__2026-01-31_16-50-55,2026-07-14 16:24:05.547,,Media file,player #1:teressa_sync_filtered_videos\HC-BBC\Deployement period 3\2026-HC-BBC-A-B__2026-01-31_16-50-55.mp4,0.0,95.967,121.967,30.000,TW,BBC, 3,Bob,112.635,manipulate with hand(s),food processing - non-tool use,"move between hands,adjust grip",None,,,,STATE,66.133,66.733,0.600,teressa_sync_filtered_videos\HC-BBC\Deployement period 3\2026-HC-BBC-A-B__2026-01-31_16-50-55.mp4,1984,2002,,,,
2026-HC-BBC-A-B__2026-01-31_16-50-55,2026-07-14 16:24:05.547,,Media file,player #1:teressa_sync_filtered_videos\HC-BBC\Deployement period 3\2026-HC-BBC-A-B__2026-01-31_16-50-55.mp4,0.0,95.967,121.967,30.000,TW,BBC, 3,Bob,112.635,eats HC,food processing,,,,,,POINT,67.067,67.067,NA,teressa_sync_filtered_videos\HC-BBC\Deployement period 3\2026-HC-BBC-A-B__2026-01-31_16-50-55.mp4,2012,2012,,,,
2026-HC-BBC-A-B__2026-01-31_16-50-55,2026-07-14 16:24:05.547,,Media file,player #1:teressa_sync_filtered_videos\HC-BBC\Deployement period 3\2026-HC-BBC-A-B__2026-01-31_16-50-55.mp4,0.0,95.967,121.967,30.000,TW,BBC, 3,Bob,112.635,eats HC,food processing,,,,,,POINT,69.800,69.800,NA,teressa_sync_filtered_videos\HC-BBC\Deployement period 3\2026-HC-BBC-A-B__2026-01-31_16-50-55.mp4,2094,2094,,,,
2026-HC-BBC-A-B__2026-01-31_16-50-55,2026-07-14 16:24:05.547,,Media file,player #1:teressa_sync_filtered_videos\HC-BBC\Deployement period 3\2026-HC-BBC-A-B__2026-01-31_16-50-55.mp4,0.0,95.967,121.967,30.000,TW,BBC, 3,Bob,112.635,releases HC,food handling,None,success/eaten,,,,POINT,70.700,70.700,NA,teressa_sync_filtered_videos\HC-BBC\Deployement period 3\2026-HC-BBC-A-B__2026-01-31_16-50-55.mp4,2121,2121,,,,
2026-HC-BBC-A-B__2026-01-31_16-50-55,2026-07-14 16:24:05.547,,Media file,player #1:teressa_sync_filtered_videos\HC-BBC\Deployement period 3\2026-HC-BBC-A-B__2026-01-31_16-50-55.mp4,0.0,95.967,121.967,30.000,TW,BBC, 3,Bob,112.635,bucket inspection,information gain,bucket 1,,,,,STATE,73.533,74.500,0.967,teressa_sync_filtered_videos\HC-BBC\Deployement period 3\2026-HC-BBC-A-B__2026-01-31_16-50-55.mp4,2206,2235,,,,
2026-HC-BBC-A-B__2026-01-31_16-50-55,2026-07-14 16:24:05.547,,Media file,player #1:teressa_sync_filtered_videos\HC-BBC\Deployement period 3\2026-HC-BBC-A-B__2026-01-31_16-50-55.mp4,0.0,95.967,121.967,30.000,TW,BBC, 3,Bob,112.635,bucket rummaging,information gain,bucket 1,,,,,STATE,74.733,78.067,3.334,teressa_sync_filtered_videos\HC-BBC\Deployement period 3\2026-HC-BBC-A-B__2026-01-31_16-50-55.mp4,2242,2342,,,,
2026-HC-BBC-A-B__2026-01-31_16-50-55,2026-07-14 16:24:05.547,,Media file,player #1:teressa_sync_filtered_videos\HC-BBC\Deployement period 3\2026-HC-BBC-A-B__2026-01-31_16-50-55.mp4,0.0,95.967,121.967,30.000,TW,BBC, 3,Bob,112.635,handling HC,food handling,None,bucket 1,None,None,None,STATE,78.300,81.100,2.800,teressa_sync_filtered_videos\HC-BBC\Deployement period 3\2026-HC-BBC-A-B__2026-01-31_16-50-55.mp4,2349,2433,,,,
2026-HC-BBC-A-B__2026-01-31_16-50-55,2026-07-14 16:24:05.547,,Media file,player #1:teressa_sync_filtered_videos\HC-BBC\Deployement period 3\2026-HC-BBC-A-B__2026-01-31_16-50-55.mp4,0.0,95.967,121.967,30.000,TW,BBC, 3,Bob,112.635,releases HC,food handling,bucket 1,None,,,,POINT,81.100,81.100,NA,teressa_sync_filtered_videos\HC-BBC\Deployement period 3\2026-HC-BBC-A-B__2026-01-31_16-50-55.mp4,2433,2433,,,,
2026-HC-BBC-A-B__2026-01-31_16-50-55,2026-07-14 16:24:05.547,,Media file,player #1:teressa_sync_filtered_videos\HC-BBC\Deployement period 3\2026-HC-BBC-A-B__2026-01-31_16-50-55.mp4,0.0,95.967,121.967,30.000,TW,BBC, 3,Bob,112.635,handling HC,food handling,None,bucket 1,None,None,None,STATE,81.133,94.700,13.567,teressa_sync_filtered_videos\HC-BBC\Deployement period 3\2026-HC-BBC-A-B__2026-01-31_16-50-55.mp4,2434,2841,,,,
2026-HC-BBC-A-B__2026-01-31_16-50-55,2026-07-14 16:24:05.547,,Media file,player #1:teressa_sync_filtered_videos\HC-BBC\Deployement period 3\2026-HC-BBC-A-B__2026-01-31_16-50-55.mp4,0.0,95.967,121.967,30.000,TW,BBC, 3,Bob,112.635,manipulate with hand(s),food processing - non-tool use,"adjust grip,pull with hand",None,,,,STATE,81.667,83.367,1.700,teressa_sync_filtered_videos\HC-BBC\Deployement period 3\2026-HC-BBC-A-B__2026-01-31_16-50-55.mp4,2450,2501,,,,
2026-HC-BBC-A-B__2026-01-31_16-50-55,2026-07-14 16:24:05.547,,Media file,player #1:teressa_sync_filtered_videos\HC-BBC\Deployement period 3\2026-HC-BBC-A-B__2026-01-31_16-50-55.mp4,0.0,95.967,121.967,30.000,TW,BBC, 3,Bob,112.635,hit/pound on surface,food processing,arena stone anvil,,,,,POINT,83.700,83.700,NA,teressa_sync_filtered_videos\HC-BBC\Deployement period 3\2026-HC-BBC-A-B__2026-01-31_16-50-55.mp4,2511,2511,,,,
2026-HC-BBC-A-B__2026-01-31_16-50-55,2026-07-14 16:24:05.547,,Media file,player #1:teressa_sync_filtered_videos\HC-BBC\Deployement period 3\2026-HC-BBC-A-B__2026-01-31_16-50-55.mp4,0.0,95.967,121.967,30.000,TW,BBC, 3,Bob,112.635,hit/pound on surface,food processing,None,,,,,POINT,84.400,84.400,NA,teressa_sync_filtered_videos\HC-BBC\Deployement period 3\2026-HC-BBC-A-B__2026-01-31_16-50-55.mp4,2532,2532,,,,
2026-HC-BBC-A-B__2026-01-31_16-50-55,2026-07-14 16:24:05.547,,Media file,player #1:teressa_sync_filtered_videos\HC-BBC\Deployement period 3\2026-HC-BBC-A-B__2026-01-31_16-50-55.mp4,0.0,95.967,121.967,30.000,TW,BBC, 3,Bob,112.635,hit/pound on surface,food processing,None,,,,,POINT,85.200,85.200,NA,teressa_sync_filtered_videos\HC-BBC\Deployement period 3\2026-HC-BBC-A-B__2026-01-31_16-50-55.mp4,2556,2556,,,,
2026-HC-BBC-A-B__2026-01-31_16-50-55,2026-07-14 16:24:05.547,,Media file,player #1:teressa_sync_filtered_videos\HC-BBC\Deployement period 3\2026-HC-BBC-A-B__2026-01-31_16-50-55.mp4,0.0,95.967,121.967,30.000,TW,BBC, 3,Bob,112.635,hit/pound on surface,food processing,None,,,,,POINT,86.733,86.733,NA,teressa_sync_filtered_videos\HC-BBC\Deployement period 3\2026-HC-BBC-A-B__2026-01-31_16-50-55.mp4,2602,2602,,,,
2026-HC-BBC-A-B__2026-01-31_16-50-55,2026-07-14 16:24:05.547,,Media file,player #1:teressa_sync_filtered_videos\HC-BBC\Deployement period 3\2026-HC-BBC-A-B__2026-01-31_16-50-55.mp4,0.0,95.967,121.967,30.000,TW,BBC, 3,Bob,112.635,hit/pound on surface,food processing,None,,,,,POINT,87.400,87.400,NA,teressa_sync_filtered_videos\HC-BBC\Deployement period 3\2026-HC-BBC-A-B__2026-01-31_16-50-55.mp4,2622,2622,,,,
2026-HC-BBC-A-B__2026-01-31_16-50-55,2026-07-14 16:24:05.547,,Media file,player #1:teressa_sync_filtered_videos\HC-BBC\Deployement period 3\2026-HC-BBC-A-B__2026-01-31_16-50-55.mp4,0.0,95.967,121.967,30.000,TW,BBC, 3,Bob,112.635,hammerstone grab,food processing - tool use,medium,by/on arena stone,yes,,,POINT,88.633,88.633,NA,teressa_sync_filtered_videos\HC-BBC\Deployement period 3\2026-HC-BBC-A-B__2026-01-31_16-50-55.mp4,2659,2659,,,,
2026-HC-BBC-A-B__2026-01-31_16-50-55,2026-07-14 16:24:05.547,,Media file,player #1:teressa_sync_filtered_videos\HC-BBC\Deployement period 3\2026-HC-BBC-A-B__2026-01-31_16-50-55.mp4,0.0,95.967,121.967,30.000,TW,BBC, 3,Bob,112.635,pound with hammerstone,food processing - tool use,arena stone,None,None,,,POINT,89.867,89.867,NA,teressa_sync_filtered_videos\HC-BBC\Deployement period 3\2026-HC-BBC-A-B__2026-01-31_16-50-55.mp4,2696,2696,,,,
2026-HC-BBC-A-B__2026-01-31_16-50-55,2026-07-14 16:24:05.547,,Media file,player #1:teressa_sync_filtered_videos\HC-BBC\Deployement period 3\2026-HC-BBC-A-B__2026-01-31_16-50-55.mp4,0.0,95.967,121.967,30.000,TW,BBC, 3,Bob,112.635,eats HC,food processing,,,,,,POINT,91.567,91.567,NA,teressa_sync_filtered_videos\HC-BBC\Deployement period 3\2026-HC-BBC-A-B__2026-01-31_16-50-55.mp4,2747,2747,,,,
2026-HC-BBC-A-B__2026-01-31_16-50-55,2026-07-14 16:24:05.547,,Media file,player #1:teressa_sync_filtered_videos\HC-BBC\Deployement period 3\2026-HC-BBC-A-B__2026-01-31_16-50-55.mp4,0.0,95.967,121.967,30.000,TW,BBC, 3,Bob,112.635,eats HC,food processing,,,,,,POINT,92.300,92.300,NA,teressa_sync_filtered_videos\HC-BBC\Deployement period 3\2026-HC-BBC-A-B__2026-01-31_16-50-55.mp4,2769,2769,,,,
2026-HC-BBC-A-B__2026-01-31_16-50-55,2026-07-14 16:24:05.547,,Media file,player #1:teressa_sync_filtered_videos\HC-BBC\Deployement period 3\2026-HC-BBC-A-B__2026-01-31_16-50-55.mp4,0.0,95.967,121.967,30.000,TW,BBC, 3,Bob,112.635,releases HC,food handling,None,success/eaten,,,,POINT,94.700,94.700,NA,teressa_sync_filtered_videos\HC-BBC\Deployement period 3\2026-HC-BBC-A-B__2026-01-31_16-50-55.mp4,2841,2841,,,,
2026-HC-BBC-A-B__2026-01-31_16-50-55,2026-07-14 16:24:05.547,,Media file,player #1:teressa_sync_filtered_videos\HC-BBC\Deployement period 3\2026-HC-BBC-A-B__2026-01-31_16-50-55.mp4,0.0,95.967,121.967,30.000,TW,BBC, 3,Bob,112.635,other behavior/modifier,user notes,None,,,,,POINT,98.667,98.667,NA,teressa_sync_filtered_videos\HC-BBC\Deployement period 3\2026-HC-BBC-A-B__2026-01-31_16-50-55.mp4,2960,2960,,,almendra,
2026-HC-BBC-A-B__2026-01-31_16-52-58,2026-07-14 16:27:04.128,,Media file,player #1:teressa_sync_filtered_videos\HC-BBC\Deployement period 3\2026-HC-BBC-A-B__2026-01-31_16-52-58.mp4,0.0,120.000,121.067,30.000,TW,BBC, 3,Bob,141.196,handling HC,food handling,None,unknown,unknown,None,None,STATE,0.000,23.567,23.567,teressa_sync_filtered_videos\HC-BBC\Deployement period 3\2026-HC-BBC-A-B__2026-01-31_16-52-58.mp4,0,707,,,stna,
2026-HC-BBC-A-B__2026-01-31_16-52-58,2026-07-14 16:27:04.128,,Media file,player #1:teressa_sync_filtered_videos\HC-BBC\Deployement period 3\2026-HC-BBC-A-B__2026-01-31_16-52-58.mp4,0.0,120.000,121.067,30.000,TW,BBC, 3,Bob,141.196,hit/pound on surface,food processing,arena stone anvil,,,,,POINT,0.600,0.600,NA,teressa_sync_filtered_videos\HC-BBC\Deployement period 3\2026-HC-BBC-A-B__2026-01-31_16-52-58.mp4,18,18,,,,
2026-HC-BBC-A-B__2026-01-31_16-52-58,2026-07-14 16:27:04.128,,Media file,player #1:teressa_sync_filtered_videos\HC-BBC\Deployement period 3\2026-HC-BBC-A-B__2026-01-31_16-52-58.mp4,0.0,120.000,121.067,30.000,TW,BBC, 3,Bob,141.196,hit/pound on surface,food processing,None,,,,,POINT,1.567,1.567,NA,teressa_sync_filtered_videos\HC-BBC\Deployement period 3\2026-HC-BBC-A-B__2026-01-31_16-52-58.mp4,47,47,,,,
2026-HC-BBC-A-B__2026-01-31_16-52-58,2026-07-14 16:27:04.128,,Media file,player #1:teressa_sync_filtered_videos\HC-BBC\Deployement period 3\2026-HC-BBC-A-B__2026-01-31_16-52-58.mp4,0.0,120.000,121.067,30.000,TW,BBC, 3,Bob,141.196,hammerstone grab,food processing - tool use,medium,by/on arena stone,yes,,,POINT,2.133,2.133,NA,teressa_sync_filtered_videos\HC-BBC\Deployement period 3\2026-HC-BBC-A-B__2026-01-31_16-52-58.mp4,64,64,,,,
2026-HC-BBC-A-B__2026-01-31_16-52-58,2026-07-14 16:27:04.128,,Media file,player #1:teressa_sync_filtered_videos\HC-BBC\Deployement period 3\2026-HC-BBC-A-B__2026-01-31_16-52-58.mp4,0.0,120.000,121.067,30.000,TW,BBC, 3,Bob,141.196,pound with hammerstone,food processing - tool use,arena stone,None,None,,,POINT,3.667,3.667,NA,teressa_sync_filtered_videos\HC-BBC\Deployement period 3\2026-HC-BBC-A-B__2026-01-31_16-52-58.mp4,110,110,,,,
2026-HC-BBC-A-B__2026-01-31_16-52-58,2026-07-14 16:27:04.128,,Media file,player #1:teressa_sync_filtered_videos\HC-BBC\Deployement period 3\2026-HC-BBC-A-B__2026-01-31_16-52-58.mp4,0.0,120.000,121.067,30.000,TW,BBC, 3,Bob,141.196,eats HC,food processing,,,,,,POINT,5.233,5.233,NA,teressa_sync_filtered_videos\HC-BBC\Deployement period 3\2026-HC-BBC-A-B__2026-01-31_16-52-58.mp4,157,157,,,,
2026-HC-BBC-A-B__2026-01-31_16-52-58,2026-07-14 16:27:04.128,,Media file,player #1:teressa_sync_filtered_videos\HC-BBC\Deployement period 3\2026-HC-BBC-A-B__2026-01-31_16-52-58.mp4,0.0,120.000,121.067,30.000,TW,BBC, 3,Bob,141.196,eats HC,food processing,,,,,,POINT,7.800,7.800,NA,teressa_sync_filtered_videos\HC-BBC\Deployement period 3\2026-HC-BBC-A-B__2026-01-31_16-52-58.mp4,234,234,,,,
2026-HC-BBC-A-B__2026-01-31_16-52-58,2026-07-14 16:27:04.128,,Media file,player #1:teressa_sync_filtered_videos\HC-BBC\Deployement period 3\2026-HC-BBC-A-B__2026-01-31_16-52-58.mp4,0.0,120.000,121.067,30.000,TW,BBC, 3,Bob,141.196,eats HC,food processing,,,,,,POINT,10.400,10.400,NA,teressa_sync_filtered_videos\HC-BBC\Deployement period 3\2026-HC-BBC-A-B__2026-01-31_16-52-58.mp4,312,312,,,,
2026-HC-BBC-A-B__2026-01-31_16-52-58,2026-07-14 16:27:04.128,,Media file,player #1:teressa_sync_filtered_videos\HC-BBC\Deployement period 3\2026-HC-BBC-A-B__2026-01-31_16-52-58.mp4,0.0,120.000,121.067,30.000,TW,BBC, 3,Bob,141.196,eats HC,food processing,,,,,,POINT,13.333,13.333,NA,teressa_sync_filtered_videos\HC-BBC\Deployement period 3\2026-HC-BBC-A-B__2026-01-31_16-52-58.mp4,400,400,,,,
2026-HC-BBC-A-B__2026-01-31_16-52-58,2026-07-14 16:27:04.128,,Media file,player #1:teressa_sync_filtered_videos\HC-BBC\Deployement period 3\2026-HC-BBC-A-B__2026-01-31_16-52-58.mp4,0.0,120.000,121.067,30.000,TW,BBC, 3,Bob,141.196,eats HC,food processing,,,,,,POINT,13.867,13.867,NA,teressa_sync_filtered_videos\HC-BBC\Deployement period 3\2026-HC-BBC-A-B__2026-01-31_16-52-58.mp4,416,416,,,,
2026-HC-BBC-A-B__2026-01-31_16-52-58,2026-07-14 16:27:04.128,,Media file,player #1:teressa_sync_filtered_videos\HC-BBC\Deployement period 3\2026-HC-BBC-A-B__2026-01-31_16-52-58.mp4,0.0,120.000,121.067,30.000,TW,BBC, 3,Bob,141.196,eats HC,food processing,,,,,,POINT,15.467,15.467,NA,teressa_sync_filtered_videos\HC-BBC\Deployement period 3\2026-HC-BBC-A-B__2026-01-31_16-52-58.mp4,464,464,,,,
2026-HC-BBC-A-B__2026-01-31_16-52-58,2026-07-14 16:27:04.128,,Media file,player #1:teressa_sync_filtered_videos\HC-BBC\Deployement period 3\2026-HC-BBC-A-B__2026-01-31_16-52-58.mp4,0.0,120.000,121.067,30.000,TW,BBC, 3,Bob,141.196,eats HC,food processing,,,,,,POINT,20.367,20.367,NA,teressa_sync_filtered_videos\HC-BBC\Deployement period 3\2026-HC-BBC-A-B__2026-01-31_16-52-58.mp4,611,611,,,,
2026-HC-BBC-A-B__2026-01-31_16-52-58,2026-07-14 16:27:04.128,,Media file,player #1:teressa_sync_filtered_videos\HC-BBC\Deployement period 3\2026-HC-BBC-A-B__2026-01-31_16-52-58.mp4,0.0,120.000,121.067,30.000,TW,BBC, 3,Bob,141.196,releases HC,food handling,None,success/eaten,,,,POINT,23.567,23.567,NA,teressa_sync_filtered_videos\HC-BBC\Deployement period 3\2026-HC-BBC-A-B__2026-01-31_16-52-58.mp4,707,707,,,,
2026-HC-BBC-A-B__2026-01-31_16-52-58,2026-07-14 16:27:04.128,,Media file,player #1:teressa_sync_filtered_videos\HC-BBC\Deployement period 3\2026-HC-BBC-A-B__2026-01-31_16-52-58.mp4,0.0,120.000,121.067,30.000,TW,BBC, 3,Bob,141.196,handling HC,food handling,None,None,None,None,None,STATE,24.000,30.033,6.033,teressa_sync_filtered_videos\HC-BBC\Deployement period 3\2026-HC-BBC-A-B__2026-01-31_16-52-58.mp4,720,901,,,,
2026-HC-BBC-A-B__2026-01-31_16-52-58,2026-07-14 16:27:04.128,,Media file,player #1:teressa_sync_filtered_videos\HC-BBC\Deployement period 3\2026-HC-BBC-A-B__2026-01-31_16-52-58.mp4,0.0,120.000,121.067,30.000,TW,BBC, 3,Bob,141.196,hit/pound on surface,food processing,arena stone anvil,,,,,POINT,24.800,24.800,NA,teressa_sync_filtered_videos\HC-BBC\Deployement period 3\2026-HC-BBC-A-B__2026-01-31_16-52-58.mp4,744,744,,,,
2026-HC-BBC-A-B__2026-01-31_16-52-58,2026-07-14 16:27:04.128,,Media file,player #1:teressa_sync_filtered_videos\HC-BBC\Deployement period 3\2026-HC-BBC-A-B__2026-01-31_16-52-58.mp4,0.0,120.000,121.067,30.000,TW,BBC, 3,Bob,141.196,hammerstone grab,food processing - tool use,medium,between buckets,None,,,POINT,25.400,25.400,NA,teressa_sync_filtered_videos\HC-BBC\Deployement period 3\2026-HC-BBC-A-B__2026-01-31_16-52-58.mp4,762,762,,,,
2026-HC-BBC-A-B__2026-01-31_16-52-58,2026-07-14 16:27:04.128,,Media file,player #1:teressa_sync_filtered_videos\HC-BBC\Deployement period 3\2026-HC-BBC-A-B__2026-01-31_16-52-58.mp4,0.0,120.000,121.067,30.000,TW,BBC, 3,Bob,141.196,pound with hammerstone,food processing - tool use,arena stone,None,None,,,POINT,26.733,26.733,NA,teressa_sync_filtered_videos\HC-BBC\Deployement period 3\2026-HC-BBC-A-B__2026-01-31_16-52-58.mp4,802,802,,,,
2026-HC-BBC-A-B__2026-01-31_16-52-58,2026-07-14 16:27:04.128,,Media file,player #1:teressa_sync_filtered_videos\HC-BBC\Deployement period 3\2026-HC-BBC-A-B__2026-01-31_16-52-58.mp4,0.0,120.000,121.067,30.000,TW,BBC, 3,Bob,141.196,eats HC,food processing,,,,,,POINT,27.900,27.900,NA,teressa_sync_filtered_videos\HC-BBC\Deployement period 3\2026-HC-BBC-A-B__2026-01-31_16-52-58.mp4,837,837,,,,
2026-HC-BBC-A-B__2026-01-31_16-52-58,2026-07-14 16:27:04.128,,Media file,player #1:teressa_sync_filtered_videos\HC-BBC\Deployement period 3\2026-HC-BBC-A-B__2026-01-31_16-52-58.mp4,0.0,120.000,121.067,30.000,TW,BBC, 3,Bob,141.196,releases HC,food handling,None,success/eaten,,,,POINT,30.033,30.033,NA,teressa_sync_filtered_videos\HC-BBC\Deployement period 3\2026-HC-BBC-A-B__2026-01-31_16-52-58.mp4,901,901,,,,
2026-HC-BBC-A-B__2026-01-31_16-52-58,2026-07-14 16:27:04.128,,Media file,player #1:teressa_sync_filtered_videos\HC-BBC\Deployement period 3\2026-HC-BBC-A-B__2026-01-31_16-52-58.mp4,0.0,120.000,121.067,30.000,TW,BBC, 3,Bob,141.196,bucket inspection,information gain,bucket 2,,,,,STATE,32.467,34.166,1.699,teressa_sync_filtered_videos\HC-BBC\Deployement period 3\2026-HC-BBC-A-B__2026-01-31_16-52-58.mp4,974,NA,,,,
2026-HC-BBC-A-B__2026-01-31_16-52-58,2026-07-14 16:27:04.128,,Media file,player #1:teressa_sync_filtered_videos\HC-BBC\Deployement period 3\2026-HC-BBC-A-B__2026-01-31_16-52-58.mp4,0.0,120.000,121.067,30.000,TW,BBC, 3,Bob,141.196,bucket rummaging,information gain,bucket 2,,,,,STATE,34.233,38.133,3.900,teressa_sync_filtered_videos\HC-BBC\Deployement period 3\2026-HC-BBC-A-B__2026-01-31_16-52-58.mp4,1027,1144,,,,
2026-HC-BBC-A-B__2026-01-31_16-52-58,2026-07-14 16:27:04.128,,Media file,player #1:teressa_sync_filtered_videos\HC-BBC\Deployement period 3\2026-HC-BBC-A-B__2026-01-31_16-52-58.mp4,0.0,120.000,121.067,30.000,TW,BBC, 3,Bob,141.196,batch processing,food handling,3HC,0HC,3HC,"manipulate with hands,pound with hammerstone",bucket 2,STATE,38.233,50.700,12.467,teressa_sync_filtered_videos\HC-BBC\Deployement period 3\2026-HC-BBC-A-B__2026-01-31_16-52-58.mp4,1147,1521,,,,
2026-HC-BBC-A-B__2026-01-31_16-52-58,2026-07-14 16:27:04.128,,Media file,player #1:teressa_sync_filtered_videos\HC-BBC\Deployement period 3\2026-HC-BBC-A-B__2026-01-31_16-52-58.mp4,0.0,120.000,121.067,30.000,TW,BBC, 3,Bob,141.196,2HC in batch processing,food handling,bucket 2,None,,,,STATE,38.233,44.333,6.100,teressa_sync_filtered_videos\HC-BBC\Deployement period 3\2026-HC-BBC-A-B__2026-01-31_16-52-58.mp4,1147,1330,,,,
2026-HC-BBC-A-B__2026-01-31_16-52-58,2026-07-14 16:27:04.128,,Media file,player #1:teressa_sync_filtered_videos\HC-BBC\Deployement period 3\2026-HC-BBC-A-B__2026-01-31_16-52-58.mp4,0.0,120.000,121.067,30.000,TW,BBC, 3,Bob,141.196,3HC in batch processing,food handling,bucket 2,None,,,,STATE,40.867,44.333,3.466,teressa_sync_filtered_videos\HC-BBC\Deployement period 3\2026-HC-BBC-A-B__2026-01-31_16-52-58.mp4,1226,1330,,,,
2026-HC-BBC-A-B__2026-01-31_16-52-58,2026-07-14 16:27:04.128,,Media file,player #1:teressa_sync_filtered_videos\HC-BBC\Deployement period 3\2026-HC-BBC-A-B__2026-01-31_16-52-58.mp4,0.0,120.000,121.067,30.000,TW,BBC, 3,Bob,141.196,smells held HC,information gain,None,,,,,STATE,46.667,47.100,0.433,teressa_sync_filtered_videos\HC-BBC\Deployement period 3\2026-HC-BBC-A-B__2026-01-31_16-52-58.mp4,1400,1413,,,,
2026-HC-BBC-A-B__2026-01-31_16-52-58,2026-07-14 16:27:04.128,,Media file,player #1:teressa_sync_filtered_videos\HC-BBC\Deployement period 3\2026-HC-BBC-A-B__2026-01-31_16-52-58.mp4,0.0,120.000,121.067,30.000,TW,BBC, 3,Bob,141.196,batch processing,food handling,3HC,0HC,0HC,None,ground,STATE,51.900,68.599,16.699,teressa_sync_filtered_videos\HC-BBC\Deployement period 3\2026-HC-BBC-A-B__2026-01-31_16-52-58.mp4,1557,NA,,,,etna
2026-HC-BBC-A-B__2026-01-31_16-52-58,2026-07-14 16:27:04.128,,Media file,player #1:teressa_sync_filtered_videos\HC-BBC\Deployement period 3\2026-HC-BBC-A-B__2026-01-31_16-52-58.mp4,0.0,120.000,121.067,30.000,TW,BBC, 3,Bob,141.196,2HC in batch processing,food handling,ground,None,,,,STATE,52.533,68.599,16.066,teressa_sync_filtered_videos\HC-BBC\Deployement period 3\2026-HC-BBC-A-B__2026-01-31_16-52-58.mp4,1576,NA,,,,
2026-HC-BBC-A-B__2026-01-31_16-52-58,2026-07-14 16:27:04.128,,Media file,player #1:teressa_sync_filtered_videos\HC-BBC\Deployement period 3\2026-HC-BBC-A-B__2026-01-31_16-52-58.mp4,0.0,120.000,121.067,30.000,TW,BBC, 3,Luigi,71.266,batch processing,food handling,2HC,0HC,1HC,"manipulate with hands,bite and pull with teeth",ground,STATE,53.867,57.767,3.900,teressa_sync_filtered_videos\HC-BBC\Deployement period 3\2026-HC-BBC-A-B__2026-01-31_16-52-58.mp4,1616,1733,,,,
2026-HC-BBC-A-B__2026-01-31_16-52-58,2026-07-14 16:27:04.128,,Media file,player #1:teressa_sync_filtered_videos\HC-BBC\Deployement period 3\2026-HC-BBC-A-B__2026-01-31_16-52-58.mp4,0.0,120.000,121.067,30.000,TW,BBC, 3,Luigi,71.266,2HC in batch processing,food handling,ground,None,,,,STATE,54.900,57.767,2.867,teressa_sync_filtered_videos\HC-BBC\Deployement period 3\2026-HC-BBC-A-B__2026-01-31_16-52-58.mp4,1647,1733,,,,
2026-HC-BBC-A-B__2026-01-31_16-52-58,2026-07-14 16:27:04.128,,Media file,player #1:teressa_sync_filtered_videos\HC-BBC\Deployement period 3\2026-HC-BBC-A-B__2026-01-31_16-52-58.mp4,0.0,120.000,121.067,30.000,TW,BBC, 3,Bob,141.196,3HC in batch processing,food handling,bucket 1,None,,,,STATE,55.233,68.599,13.366,teressa_sync_filtered_videos\HC-BBC\Deployement period 3\2026-HC-BBC-A-B__2026-01-31_16-52-58.mp4,1657,NA,,,,
2026-HC-BBC-A-B__2026-01-31_16-52-58,2026-07-14 16:27:04.128,,Media file,player #1:teressa_sync_filtered_videos\HC-BBC\Deployement period 3\2026-HC-BBC-A-B__2026-01-31_16-52-58.mp4,0.0,120.000,121.067,30.000,TW,BBC, 3,Bob,141.196,smells held HC,information gain,None,,,,,STATE,55.400,55.800,0.400,teressa_sync_filtered_videos\HC-BBC\Deployement period 3\2026-HC-BBC-A-B__2026-01-31_16-52-58.mp4,1662,1674,,,,
2026-HC-BBC-A-B__2026-01-31_16-52-58,2026-07-14 16:27:04.128,,Media file,player #1:teressa_sync_filtered_videos\HC-BBC\Deployement period 3\2026-HC-BBC-A-B__2026-01-31_16-52-58.mp4,0.0,120.000,121.067,30.000,TW,BBC, 3,Luigi,71.266,bucket rummaging,information gain,bucket 1,,,,,STATE,57.933,63.200,5.267,teressa_sync_filtered_videos\HC-BBC\Deployement period 3\2026-HC-BBC-A-B__2026-01-31_16-52-58.mp4,1738,1896,,,,
2026-HC-BBC-A-B__2026-01-31_16-52-58,2026-07-14 16:27:04.128,,Media file,player #1:teressa_sync_filtered_videos\HC-BBC\Deployement period 3\2026-HC-BBC-A-B__2026-01-31_16-52-58.mp4,0.0,120.000,121.067,30.000,TW,BBC, 3,Luigi,71.266,batch processing,food handling,multiple,1HC,1HC,pound with hammerstone,bucket 1,STATE,63.433,71.500,8.067,teressa_sync_filtered_videos\HC-BBC\Deployement period 3\2026-HC-BBC-A-B__2026-01-31_16-52-58.mp4,1903,2145,,,,
2026-HC-BBC-A-B__2026-01-31_16-52-58,2026-07-14 16:27:04.128,,Media file,player #1:teressa_sync_filtered_videos\HC-BBC\Deployement period 3\2026-HC-BBC-A-B__2026-01-31_16-52-58.mp4,0.0,120.000,121.067,30.000,TW,BBC, 3,Bob,141.196,reduced visibility,status,,,,,,POINT,68.600,68.600,NA,teressa_sync_filtered_videos\HC-BBC\Deployement period 3\2026-HC-BBC-A-B__2026-01-31_16-52-58.mp4,2058,2058,,,,
2026-HC-BBC-A-B__2026-01-31_16-52-58,2026-07-14 16:27:04.128,,Media file,player #1:teressa_sync_filtered_videos\HC-BBC\Deployement period 3\2026-HC-BBC-A-B__2026-01-31_16-52-58.mp4,0.0,120.000,121.067,30.000,TW,BBC, 3,Luigi,71.266,batch processing,food handling,2HC,1HC,2HC,"hit/pound on surface,pound with hammerstone",ground,STATE,72.767,82.367,9.600,teressa_sync_filtered_videos\HC-BBC\Deployement period 3\2026-HC-BBC-A-B__2026-01-31_16-52-58.mp4,2183,2472,,,,
2026-HC-BBC-A-B__2026-01-31_16-52-58,2026-07-14 16:27:04.128,,Media file,player #1:teressa_sync_filtered_videos\HC-BBC\Deployement period 3\2026-HC-BBC-A-B__2026-01-31_16-52-58.mp4,0.0,120.000,121.067,30.000,TW,BBC, 3,Luigi,71.266,2HC in batch processing,food handling,ground,None,,,,STATE,73.467,75.733,2.266,teressa_sync_filtered_videos\HC-BBC\Deployement period 3\2026-HC-BBC-A-B__2026-01-31_16-52-58.mp4,2204,2272,,,,
2026-HC-BBC-A-B__2026-01-31_16-52-58,2026-07-14 16:27:04.128,,Media file,player #1:teressa_sync_filtered_videos\HC-BBC\Deployement period 3\2026-HC-BBC-A-B__2026-01-31_16-52-58.mp4,0.0,120.000,121.067,30.000,TW,BBC, 3,Luigi,71.266,batch processing,food handling,multiple,0HC,0HC,None,bucket 1,STATE,84.533,88.600,4.067,teressa_sync_filtered_videos\HC-BBC\Deployement period 3\2026-HC-BBC-A-B__2026-01-31_16-52-58.mp4,2537,2659,,,,
2026-HC-BBC-A-B__2026-01-31_16-52-58,2026-07-14 16:27:04.128,,Media file,player #1:teressa_sync_filtered_videos\HC-BBC\Deployement period 3\2026-HC-BBC-A-B__2026-01-31_16-52-58.mp4,0.0,120.000,121.067,30.000,TW,BBC, 3,Luigi,71.266,handling HC,food handling,None,bucket 1,None,None,None,STATE,88.633,90.767,2.134,teressa_sync_filtered_videos\HC-BBC\Deployement period 3\2026-HC-BBC-A-B__2026-01-31_16-52-58.mp4,2660,2724,,,,
2026-HC-BBC-A-B__2026-01-31_16-52-58,2026-07-14 16:27:04.128,,Media file,player #1:teressa_sync_filtered_videos\HC-BBC\Deployement period 3\2026-HC-BBC-A-B__2026-01-31_16-52-58.mp4,0.0,120.000,121.067,30.000,TW,BBC, 3,Luigi,71.266,manipulate with hand(s),food processing - non-tool use,pull with hand,None,,,,STATE,88.867,89.767,0.900,teressa_sync_filtered_videos\HC-BBC\Deployement period 3\2026-HC-BBC-A-B__2026-01-31_16-52-58.mp4,2667,2694,,,,
2026-HC-BBC-A-B__2026-01-31_16-52-58,2026-07-14 16:27:04.128,,Media file,player #1:teressa_sync_filtered_videos\HC-BBC\Deployement period 3\2026-HC-BBC-A-B__2026-01-31_16-52-58.mp4,0.0,120.000,121.067,30.000,TW,BBC, 3,Luigi,71.266,eats HC,food processing,,,,,,POINT,90.233,90.233,NA,teressa_sync_filtered_videos\HC-BBC\Deployement period 3\2026-HC-BBC-A-B__2026-01-31_16-52-58.mp4,2708,2708,,,,
2026-HC-BBC-A-B__2026-01-31_16-52-58,2026-07-14 16:27:04.128,,Media file,player #1:teressa_sync_filtered_videos\HC-BBC\Deployement period 3\2026-HC-BBC-A-B__2026-01-31_16-52-58.mp4,0.0,120.000,121.067,30.000,TW,BBC, 3,Luigi,71.266,releases HC,food handling,None,success/eaten,,,,POINT,90.767,90.767,NA,teressa_sync_filtered_videos\HC-BBC\Deployement period 3\2026-HC-BBC-A-B__2026-01-31_16-52-58.mp4,2724,2724,,,,
2026-HC-BBC-A-B__2026-01-31_16-52-58,2026-07-14 16:27:04.128,,Media file,player #1:teressa_sync_filtered_videos\HC-BBC\Deployement period 3\2026-HC-BBC-A-B__2026-01-31_16-52-58.mp4,0.0,120.000,121.067,30.000,TW,BBC, 3,Luigi,71.266,bucket rummaging,information gain,bucket 1,,,,,STATE,91.600,94.200,2.600,teressa_sync_filtered_videos\HC-BBC\Deployement period 3\2026-HC-BBC-A-B__2026-01-31_16-52-58.mp4,2749,2827,,,,
2026-HC-BBC-A-B__2026-01-31_16-52-58,2026-07-14 16:27:04.128,,Media file,player #1:teressa_sync_filtered_videos\HC-BBC\Deployement period 3\2026-HC-BBC-A-B__2026-01-31_16-52-58.mp4,0.0,120.000,121.067,30.000,TW,BBC, 3,Luigi,71.266,batch processing,food handling,multiple,1HC,1HC,pound with hammerstone,bucket 1,STATE,94.333,100.267,5.934,teressa_sync_filtered_videos\HC-BBC\Deployement period 3\2026-HC-BBC-A-B__2026-01-31_16-52-58.mp4,2831,3009,,,,
2026-HC-BBC-A-B__2026-01-31_16-52-58,2026-07-14 16:27:04.128,,Media file,player #1:teressa_sync_filtered_videos\HC-BBC\Deployement period 3\2026-HC-BBC-A-B__2026-01-31_16-52-58.mp4,0.0,120.000,121.067,30.000,TW,BBC, 3,Luigi,71.266,batch processing,food handling,3HC,1HC,1HC,manipulate with hands,ground,STATE,100.600,106.233,5.633,teressa_sync_filtered_videos\HC-BBC\Deployement period 3\2026-HC-BBC-A-B__2026-01-31_16-52-58.mp4,3019,3188,,,,
2026-HC-BBC-A-B__2026-01-31_16-52-58,2026-07-14 16:27:04.128,,Media file,player #1:teressa_sync_filtered_videos\HC-BBC\Deployement period 3\2026-HC-BBC-A-B__2026-01-31_16-52-58.mp4,0.0,120.000,121.067,30.000,TW,BBC, 3,Luigi,71.266,2HC in batch processing,food handling,ground,None,,,,STATE,100.600,103.933,3.333,teressa_sync_filtered_videos\HC-BBC\Deployement period 3\2026-HC-BBC-A-B__2026-01-31_16-52-58.mp4,3019,3119,,,,
2026-HC-BBC-A-B__2026-01-31_16-52-58,2026-07-14 16:27:04.128,,Media file,player #1:teressa_sync_filtered_videos\HC-BBC\Deployement period 3\2026-HC-BBC-A-B__2026-01-31_16-52-58.mp4,0.0,120.000,121.067,30.000,TW,BBC, 3,Luigi,71.266,3HC in batch processing,food handling,bucket 2,None,,,,STATE,102.800,103.933,1.133,teressa_sync_filtered_videos\HC-BBC\Deployement period 3\2026-HC-BBC-A-B__2026-01-31_16-52-58.mp4,3085,3119,,,,
2026-HC-BBC-A-B__2026-01-31_16-52-58,2026-07-14 16:27:04.128,,Media file,player #1:teressa_sync_filtered_videos\HC-BBC\Deployement period 3\2026-HC-BBC-A-B__2026-01-31_16-52-58.mp4,0.0,120.000,121.067,30.000,TW,BBC, 3,Bob,141.196,batch processing,food handling,3HC,0HC,multiple,pound with hammerstone,bucket 1,STATE,105.933,120.000,14.067,teressa_sync_filtered_videos\HC-BBC\Deployement period 3\2026-HC-BBC-A-B__2026-01-31_16-52-58.mp4,3179,3601,,,,etna
2026-HC-BBC-A-B__2026-01-31_16-52-58,2026-07-14 16:27:04.128,,Media file,player #1:teressa_sync_filtered_videos\HC-BBC\Deployement period 3\2026-HC-BBC-A-B__2026-01-31_16-52-58.mp4,0.0,120.000,121.067,30.000,TW,BBC, 3,Luigi,71.266,batch processing,food handling,2HC,1HC,1HC,pound with hammerstone,ground,STATE,106.900,116.600,9.700,teressa_sync_filtered_videos\HC-BBC\Deployement period 3\2026-HC-BBC-A-B__2026-01-31_16-52-58.mp4,3208,3499,,,,
2026-HC-BBC-A-B__2026-01-31_16-52-58,2026-07-14 16:27:04.128,,Media file,player #1:teressa_sync_filtered_videos\HC-BBC\Deployement period 3\2026-HC-BBC-A-B__2026-01-31_16-52-58.mp4,0.0,120.000,121.067,30.000,TW,BBC, 3,Luigi,71.266,2HC in batch processing,food handling,ground,None,,,,STATE,107.067,108.700,1.633,teressa_sync_filtered_videos\HC-BBC\Deployement period 3\2026-HC-BBC-A-B__2026-01-31_16-52-58.mp4,3213,3262,,,,
2026-HC-BBC-A-B__2026-01-31_16-52-58,2026-07-14 16:27:04.128,,Media file,player #1:teressa_sync_filtered_videos\HC-BBC\Deployement period 3\2026-HC-BBC-A-B__2026-01-31_16-52-58.mp4,0.0,120.000,121.067,30.000,TW,BBC, 3,Bob,141.196,2HC in batch processing,food handling,ground,None,,,,STATE,107.667,120.000,12.333,teressa_sync_filtered_videos\HC-BBC\Deployement period 3\2026-HC-BBC-A-B__2026-01-31_16-52-58.mp4,3231,3601,,,,etna
2026-HC-BBC-A-B__2026-01-31_16-52-58,2026-07-14 16:27:04.128,,Media file,player #1:teressa_sync_filtered_videos\HC-BBC\Deployement period 3\2026-HC-BBC-A-B__2026-01-31_16-52-58.mp4,0.0,120.000,121.067,30.000,TW,BBC, 3,Bob,141.196,3HC in batch processing,food handling,ground,None,,,,STATE,109.400,120.000,10.600,teressa_sync_filtered_videos\HC-BBC\Deployement period 3\2026-HC-BBC-A-B__2026-01-31_16-52-58.mp4,3283,3601,,,,etna
2026-HC-BBC-A-B__2026-01-31_16-52-58,2026-07-14 16:27:04.128,,Media file,player #1:teressa_sync_filtered_videos\HC-BBC\Deployement period 3\2026-HC-BBC-A-B__2026-01-31_16-52-58.mp4,0.0,120.000,121.067,30.000,TW,BBC, 3,Luigi,71.266,handling HC,food handling,None,None,None,None,None,STATE,117.767,119.999,2.232,teressa_sync_filtered_videos\HC-BBC\Deployement period 3\2026-HC-BBC-A-B__2026-01-31_16-52-58.mp4,3534,NA,,,,etna
2026-HC-BBC-A-B__2026-01-31_16-52-58,2026-07-14 16:27:04.128,,Media file,player #1:teressa_sync_filtered_videos\HC-BBC\Deployement period 3\2026-HC-BBC-A-B__2026-01-31_16-52-58.mp4,0.0,120.000,121.067,30.000,TW,BBC, 3,Luigi,71.266,releases HC,food handling,arena stone anvil,unknown/other,,,,POINT,118.767,118.767,NA,teressa_sync_filtered_videos\HC-BBC\Deployement period 3\2026-HC-BBC-A-B__2026-01-31_16-52-58.mp4,3564,3564,,,,
2026-HC-BBC-A-B__2026-01-31_16-52-58,2026-07-14 16:27:04.128,,Media file,player #1:teressa_sync_filtered_videos\HC-BBC\Deployement period 3\2026-HC-BBC-A-B__2026-01-31_16-52-58.mp4,0.0,120.000,121.067,30.000,TW,BBC, 3,Luigi,71.266,hammerstone grab,food processing - tool use,medium,by/on arena stone,yes,,,POINT,119.067,119.067,NA,teressa_sync_filtered_videos\HC-BBC\Deployement period 3\2026-HC-BBC-A-B__2026-01-31_16-52-58.mp4,3573,3573,,,,
2026-HC-BBC-A-B__2026-01-31_16-52-58,2026-07-14 16:27:04.128,,Media file,player #1:teressa_sync_filtered_videos\HC-BBC\Deployement period 3\2026-HC-BBC-A-B__2026-01-31_16-52-58.mp4,0.0,120.000,121.067,30.000,TW,BBC, 3,Luigi,71.266,pound with hammerstone,food processing - tool use,arena stone,None,None,,,POINT,119.933,119.933,NA,teressa_sync_filtered_videos\HC-BBC\Deployement period 3\2026-HC-BBC-A-B__2026-01-31_16-52-58.mp4,3599,3599,,,,
2026-HC-BBC-A-B__2026-01-31_16-52-58,2026-07-14 16:27:04.128,,Media file,player #1:teressa_sync_filtered_videos\HC-BBC\Deployement period 3\2026-HC-BBC-A-B__2026-01-31_16-52-58.mp4,0.0,120.000,121.067,30.000,TW,BBC, 3,Luigi,71.266,reduced visibility,status,,,,,,POINT,120.000,120.000,NA,teressa_sync_filtered_videos\HC-BBC\Deployement period 3\2026-HC-BBC-A-B__2026-01-31_16-52-58.mp4,3601,3601,,,,
2026-HC-BBC-A-B__2026-01-31_16-55-07,2026-07-14 16:27:56.164,,Media file,player #1:teressa_sync_filtered_videos\HC-BBC\Deployement period 3\2026-HC-BBC-A-B__2026-01-31_16-55-07.mp4,0.0,118.900,137.267,30.000,TW,BBC, 3,Bob,43.599,handling HC,food handling,None,None,previously processed,same/focal capuchin,None,STATE,0.000,7.367,7.367,teressa_sync_filtered_videos\HC-BBC\Deployement period 3\2026-HC-BBC-A-B__2026-01-31_16-55-07.mp4,0,221,,,stna,
2026-HC-BBC-A-B__2026-01-31_16-55-07,2026-07-14 16:27:56.164,,Media file,player #1:teressa_sync_filtered_videos\HC-BBC\Deployement period 3\2026-HC-BBC-A-B__2026-01-31_16-55-07.mp4,0.0,118.900,137.267,30.000,TW,BBC, 3,Luigi,93.634,handling HC,food handling,None,None,previously processed,same/focal capuchin,None,STATE,0.000,9.533,9.533,teressa_sync_filtered_videos\HC-BBC\Deployement period 3\2026-HC-BBC-A-B__2026-01-31_16-55-07.mp4,0,286,,,snta,
2026-HC-BBC-A-B__2026-01-31_16-55-07,2026-07-14 16:27:56.164,,Media file,player #1:teressa_sync_filtered_videos\HC-BBC\Deployement period 3\2026-HC-BBC-A-B__2026-01-31_16-55-07.mp4,0.0,118.900,137.267,30.000,TW,BBC, 3,Luigi,93.634,manipulate with hand(s),food processing - non-tool use,pull with hand,None,,,,STATE,0.000,1.000,1.000,teressa_sync_filtered_videos\HC-BBC\Deployement period 3\2026-HC-BBC-A-B__2026-01-31_16-55-07.mp4,0,30,,,snta,
2026-HC-BBC-A-B__2026-01-31_16-55-07,2026-07-14 16:27:56.164,,Media file,player #1:teressa_sync_filtered_videos\HC-BBC\Deployement period 3\2026-HC-BBC-A-B__2026-01-31_16-55-07.mp4,0.0,118.900,137.267,30.000,TW,BBC, 3,Bob,43.599,manipulate with hand(s),food processing - non-tool use,"adjust grip,pull with hand",None,,,,STATE,1.033,2.700,1.667,teressa_sync_filtered_videos\HC-BBC\Deployement period 3\2026-HC-BBC-A-B__2026-01-31_16-55-07.mp4,31,81,,,,
2026-HC-BBC-A-B__2026-01-31_16-55-07,2026-07-14 16:27:56.164,,Media file,player #1:teressa_sync_filtered_videos\HC-BBC\Deployement period 3\2026-HC-BBC-A-B__2026-01-31_16-55-07.mp4,0.0,118.900,137.267,30.000,TW,BBC, 3,Luigi,93.634,eats HC,food processing,,,,,,POINT,1.333,1.333,NA,teressa_sync_filtered_videos\HC-BBC\Deployement period 3\2026-HC-BBC-A-B__2026-01-31_16-55-07.mp4,40,40,,,,
2026-HC-BBC-A-B__2026-01-31_16-55-07,2026-07-14 16:27:56.164,,Media file,player #1:teressa_sync_filtered_videos\HC-BBC\Deployement period 3\2026-HC-BBC-A-B__2026-01-31_16-55-07.mp4,0.0,118.900,137.267,30.000,TW,BBC, 3,Luigi,93.634,eats HC,food processing,,,,,,POINT,3.000,3.000,NA,teressa_sync_filtered_videos\HC-BBC\Deployement period 3\2026-HC-BBC-A-B__2026-01-31_16-55-07.mp4,90,90,,,,
2026-HC-BBC-A-B__2026-01-31_16-55-07,2026-07-14 16:27:56.164,,Media file,player #1:teressa_sync_filtered_videos\HC-BBC\Deployement period 3\2026-HC-BBC-A-B__2026-01-31_16-55-07.mp4,0.0,118.900,137.267,30.000,TW,BBC, 3,Bob,43.599,eats HC,food processing,,,,,,POINT,3.533,3.533,NA,teressa_sync_filtered_videos\HC-BBC\Deployement period 3\2026-HC-BBC-A-B__2026-01-31_16-55-07.mp4,106,106,,,,
2026-HC-BBC-A-B__2026-01-31_16-55-07,2026-07-14 16:27:56.164,,Media file,player #1:teressa_sync_filtered_videos\HC-BBC\Deployement period 3\2026-HC-BBC-A-B__2026-01-31_16-55-07.mp4,0.0,118.900,137.267,30.000,TW,BBC, 3,Bob,43.599,releases HC,food handling,None,success/eaten,,,,POINT,7.367,7.367,NA,teressa_sync_filtered_videos\HC-BBC\Deployement period 3\2026-HC-BBC-A-B__2026-01-31_16-55-07.mp4,221,221,,,,
2026-HC-BBC-A-B__2026-01-31_16-55-07,2026-07-14 16:27:56.164,,Media file,player #1:teressa_sync_filtered_videos\HC-BBC\Deployement period 3\2026-HC-BBC-A-B__2026-01-31_16-55-07.mp4,0.0,118.900,137.267,30.000,TW,BBC, 3,Bob,43.599,handling HC,food handling,None,None,None,unknown,None,STATE,7.433,18.400,10.967,teressa_sync_filtered_videos\HC-BBC\Deployement period 3\2026-HC-BBC-A-B__2026-01-31_16-55-07.mp4,223,552,,,,
2026-HC-BBC-A-B__2026-01-31_16-55-07,2026-07-14 16:27:56.164,,Media file,player #1:teressa_sync_filtered_videos\HC-BBC\Deployement period 3\2026-HC-BBC-A-B__2026-01-31_16-55-07.mp4,0.0,118.900,137.267,30.000,TW,BBC, 3,Bob,43.599,hammerstone grab,food processing - tool use,other,by/on natural wood,yes,,,POINT,7.767,7.767,NA,teressa_sync_filtered_videos\HC-BBC\Deployement period 3\2026-HC-BBC-A-B__2026-01-31_16-55-07.mp4,233,233,,,,
2026-HC-BBC-A-B__2026-01-31_16-55-07,2026-07-14 16:27:56.164,,Media file,player #1:teressa_sync_filtered_videos\HC-BBC\Deployement period 3\2026-HC-BBC-A-B__2026-01-31_16-55-07.mp4,0.0,118.900,137.267,30.000,TW,BBC, 3,Bob,43.599,pound with hammerstone,food processing - tool use,natural wood,None,None,,,POINT,8.633,8.633,NA,teressa_sync_filtered_videos\HC-BBC\Deployement period 3\2026-HC-BBC-A-B__2026-01-31_16-55-07.mp4,259,259,,,,
2026-HC-BBC-A-B__2026-01-31_16-55-07,2026-07-14 16:27:56.164,,Media file,player #1:teressa_sync_filtered_videos\HC-BBC\Deployement period 3\2026-HC-BBC-A-B__2026-01-31_16-55-07.mp4,0.0,118.900,137.267,30.000,TW,BBC, 3,Luigi,93.634,eats HC,food processing,,,,,,POINT,9.400,9.400,NA,teressa_sync_filtered_videos\HC-BBC\Deployement period 3\2026-HC-BBC-A-B__2026-01-31_16-55-07.mp4,282,282,,,,
2026-HC-BBC-A-B__2026-01-31_16-55-07,2026-07-14 16:27:56.164,,Media file,player #1:teressa_sync_filtered_videos\HC-BBC\Deployement period 3\2026-HC-BBC-A-B__2026-01-31_16-55-07.mp4,0.0,118.900,137.267,30.000,TW,BBC, 3,Luigi,93.634,releases HC,food handling,None,success/eaten,,,,POINT,9.533,9.533,NA,teressa_sync_filtered_videos\HC-BBC\Deployement period 3\2026-HC-BBC-A-B__2026-01-31_16-55-07.mp4,286,286,,,,
2026-HC-BBC-A-B__2026-01-31_16-55-07,2026-07-14 16:27:56.164,,Media file,player #1:teressa_sync_filtered_videos\HC-BBC\Deployement period 3\2026-HC-BBC-A-B__2026-01-31_16-55-07.mp4,0.0,118.900,137.267,30.000,TW,BBC, 3,Bob,43.599,manipulate with hand(s),food processing - non-tool use,"adjust grip,pull with hand",None,,,,STATE,10.100,10.633,0.533,teressa_sync_filtered_videos\HC-BBC\Deployement period 3\2026-HC-BBC-A-B__2026-01-31_16-55-07.mp4,303,319,,,,
2026-HC-BBC-A-B__2026-01-31_16-55-07,2026-07-14 16:27:56.164,,Media file,player #1:teressa_sync_filtered_videos\HC-BBC\Deployement period 3\2026-HC-BBC-A-B__2026-01-31_16-55-07.mp4,0.0,118.900,137.267,30.000,TW,BBC, 3,Luigi,93.634,handling HC,food handling,None,None,None,None,None,STATE,10.300,16.500,6.200,teressa_sync_filtered_videos\HC-BBC\Deployement period 3\2026-HC-BBC-A-B__2026-01-31_16-55-07.mp4,309,495,,,,
2026-HC-BBC-A-B__2026-01-31_16-55-07,2026-07-14 16:27:56.164,,Media file,player #1:teressa_sync_filtered_videos\HC-BBC\Deployement period 3\2026-HC-BBC-A-B__2026-01-31_16-55-07.mp4,0.0,118.900,137.267,30.000,TW,BBC, 3,Bob,43.599,eats HC,food processing,,,,,,POINT,11.467,11.467,NA,teressa_sync_filtered_videos\HC-BBC\Deployement period 3\2026-HC-BBC-A-B__2026-01-31_16-55-07.mp4,344,344,,,,
2026-HC-BBC-A-B__2026-01-31_16-55-07,2026-07-14 16:27:56.164,,Media file,player #1:teressa_sync_filtered_videos\HC-BBC\Deployement period 3\2026-HC-BBC-A-B__2026-01-31_16-55-07.mp4,0.0,118.900,137.267,30.000,TW,BBC, 3,Luigi,93.634,hammerstone grab,food processing - tool use,medium,by/on arena stone,yes,,,POINT,12.000,12.000,NA,teressa_sync_filtered_videos\HC-BBC\Deployement period 3\2026-HC-BBC-A-B__2026-01-31_16-55-07.mp4,360,360,,,,
2026-HC-BBC-A-B__2026-01-31_16-55-07,2026-07-14 16:27:56.164,,Media file,player #1:teressa_sync_filtered_videos\HC-BBC\Deployement period 3\2026-HC-BBC-A-B__2026-01-31_16-55-07.mp4,0.0,118.900,137.267,30.000,TW,BBC, 3,Luigi,93.634,pound with hammerstone,food processing - tool use,arena stone,None,None,,,POINT,12.867,12.867,NA,teressa_sync_filtered_videos\HC-BBC\Deployement period 3\2026-HC-BBC-A-B__2026-01-31_16-55-07.mp4,386,386,,,,
2026-HC-BBC-A-B__2026-01-31_16-55-07,2026-07-14 16:27:56.164,,Media file,player #1:teressa_sync_filtered_videos\HC-BBC\Deployement period 3\2026-HC-BBC-A-B__2026-01-31_16-55-07.mp4,0.0,118.900,137.267,30.000,TW,BBC, 3,Luigi,93.634,manipulate with hand(s),food processing - non-tool use,pull with hand,None,,,,STATE,13.533,14.167,0.634,teressa_sync_filtered_videos\HC-BBC\Deployement period 3\2026-HC-BBC-A-B__2026-01-31_16-55-07.mp4,406,425,,,,
2026-HC-BBC-A-B__2026-01-31_16-55-07,2026-07-14 16:27:56.164,,Media file,player #1:teressa_sync_filtered_videos\HC-BBC\Deployement period 3\2026-HC-BBC-A-B__2026-01-31_16-55-07.mp4,0.0,118.900,137.267,30.000,TW,BBC, 3,Bob,43.599,eats HC,food processing,,,,,,POINT,13.767,13.767,NA,teressa_sync_filtered_videos\HC-BBC\Deployement period 3\2026-HC-BBC-A-B__2026-01-31_16-55-07.mp4,413,413,,,limited visibility,
2026-HC-BBC-A-B__2026-01-31_16-55-07,2026-07-14 16:27:56.164,,Media file,player #1:teressa_sync_filtered_videos\HC-BBC\Deployement period 3\2026-HC-BBC-A-B__2026-01-31_16-55-07.mp4,0.0,118.900,137.267,30.000,TW,BBC, 3,Luigi,93.634,eats HC,food processing,,,,,,POINT,14.433,14.433,NA,teressa_sync_filtered_videos\HC-BBC\Deployement period 3\2026-HC-BBC-A-B__2026-01-31_16-55-07.mp4,433,433,,,limited visibility,
2026-HC-BBC-A-B__2026-01-31_16-55-07,2026-07-14 16:27:56.164,,Media file,player #1:teressa_sync_filtered_videos\HC-BBC\Deployement period 3\2026-HC-BBC-A-B__2026-01-31_16-55-07.mp4,0.0,118.900,137.267,30.000,TW,BBC, 3,Bob,43.599,eats HC,food processing,,,,,,POINT,16.400,16.400,NA,teressa_sync_filtered_videos\HC-BBC\Deployement period 3\2026-HC-BBC-A-B__2026-01-31_16-55-07.mp4,492,492,,,limited visibility,
2026-HC-BBC-A-B__2026-01-31_16-55-07,2026-07-14 16:27:56.164,,Media file,player #1:teressa_sync_filtered_videos\HC-BBC\Deployement period 3\2026-HC-BBC-A-B__2026-01-31_16-55-07.mp4,0.0,118.900,137.267,30.000,TW,BBC, 3,Luigi,93.634,releases HC,food handling,None,success/eaten,,,,POINT,16.500,16.500,NA,teressa_sync_filtered_videos\HC-BBC\Deployement period 3\2026-HC-BBC-A-B__2026-01-31_16-55-07.mp4,495,495,,,,
2026-HC-BBC-A-B__2026-01-31_16-55-07,2026-07-14 16:27:56.164,,Media file,player #1:teressa_sync_filtered_videos\HC-BBC\Deployement period 3\2026-HC-BBC-A-B__2026-01-31_16-55-07.mp4,0.0,118.900,137.267,30.000,TW,BBC, 3,Bob,43.599,releases HC,food handling,None,success/eaten,,,,POINT,18.400,18.400,NA,teressa_sync_filtered_videos\HC-BBC\Deployement period 3\2026-HC-BBC-A-B__2026-01-31_16-55-07.mp4,552,552,,,,
2026-HC-BBC-A-B__2026-01-31_16-55-07,2026-07-14 16:27:56.164,,Media file,player #1:teressa_sync_filtered_videos\HC-BBC\Deployement period 3\2026-HC-BBC-A-B__2026-01-31_16-55-07.mp4,0.0,118.900,137.267,30.000,TW,BBC, 3,Bob,43.599,handling HC,food handling,None,None,None,unknown,None,STATE,18.467,36.999,18.532,teressa_sync_filtered_videos\HC-BBC\Deployement period 3\2026-HC-BBC-A-B__2026-01-31_16-55-07.mp4,554,NA,,,,etna
2026-HC-BBC-A-B__2026-01-31_16-55-07,2026-07-14 16:27:56.164,,Media file,player #1:teressa_sync_filtered_videos\HC-BBC\Deployement period 3\2026-HC-BBC-A-B__2026-01-31_16-55-07.mp4,0.0,118.900,137.267,30.000,TW,BBC, 3,Bob,43.599,hammerstone grab,food processing - tool use,other,by/on natural wood,yes,,,POINT,18.900,18.900,NA,teressa_sync_filtered_videos\HC-BBC\Deployement period 3\2026-HC-BBC-A-B__2026-01-31_16-55-07.mp4,567,567,,,,
2026-HC-BBC-A-B__2026-01-31_16-55-07,2026-07-14 16:27:56.164,,Media file,player #1:teressa_sync_filtered_videos\HC-BBC\Deployement period 3\2026-HC-BBC-A-B__2026-01-31_16-55-07.mp4,0.0,118.900,137.267,30.000,TW,BBC, 3,Luigi,93.634,handling HC,food handling,None,bucket 2,None,None,None,STATE,21.100,22.500,1.400,teressa_sync_filtered_videos\HC-BBC\Deployement period 3\2026-HC-BBC-A-B__2026-01-31_16-55-07.mp4,633,675,,,,
2026-HC-BBC-A-B__2026-01-31_16-55-07,2026-07-14 16:27:56.164,,Media file,player #1:teressa_sync_filtered_videos\HC-BBC\Deployement period 3\2026-HC-BBC-A-B__2026-01-31_16-55-07.mp4,0.0,118.900,137.267,30.000,TW,BBC, 3,Luigi,93.634,manipulate with hand(s),food processing - non-tool use,pull with hand,None,,,,STATE,21.400,22.400,1.000,teressa_sync_filtered_videos\HC-BBC\Deployement period 3\2026-HC-BBC-A-B__2026-01-31_16-55-07.mp4,642,672,,,,
2026-HC-BBC-A-B__2026-01-31_16-55-07,2026-07-14 16:27:56.164,,Media file,player #1:teressa_sync_filtered_videos\HC-BBC\Deployement period 3\2026-HC-BBC-A-B__2026-01-31_16-55-07.mp4,0.0,118.900,137.267,30.000,TW,BBC, 3,Bob,43.599,pound with hammerstone,food processing - tool use,natural wood,None,None,,,POINT,22.033,22.033,NA,teressa_sync_filtered_videos\HC-BBC\Deployement period 3\2026-HC-BBC-A-B__2026-01-31_16-55-07.mp4,661,661,,,,
2026-HC-BBC-A-B__2026-01-31_16-55-07,2026-07-14 16:27:56.164,,Media file,player #1:teressa_sync_filtered_videos\HC-BBC\Deployement period 3\2026-HC-BBC-A-B__2026-01-31_16-55-07.mp4,0.0,118.900,137.267,30.000,TW,BBC, 3,Luigi,93.634,releases HC,food handling,None,failure/uneaten,,,,POINT,22.500,22.500,NA,teressa_sync_filtered_videos\HC-BBC\Deployement period 3\2026-HC-BBC-A-B__2026-01-31_16-55-07.mp4,675,675,,,,
2026-HC-BBC-A-B__2026-01-31_16-55-07,2026-07-14 16:27:56.164,,Media file,player #1:teressa_sync_filtered_videos\HC-BBC\Deployement period 3\2026-HC-BBC-A-B__2026-01-31_16-55-07.mp4,0.0,118.900,137.267,30.000,TW,BBC, 3,Luigi,93.634,handling HC,food handling,None,bucket 2,None,None,None,STATE,24.333,27.633,3.300,teressa_sync_filtered_videos\HC-BBC\Deployement period 3\2026-HC-BBC-A-B__2026-01-31_16-55-07.mp4,730,829,,,,
2026-HC-BBC-A-B__2026-01-31_16-55-07,2026-07-14 16:27:56.164,,Media file,player #1:teressa_sync_filtered_videos\HC-BBC\Deployement period 3\2026-HC-BBC-A-B__2026-01-31_16-55-07.mp4,0.0,118.900,137.267,30.000,TW,BBC, 3,Luigi,93.634,manipulate with hand(s),food processing - non-tool use,pull with hand,None,,,,STATE,25.000,26.033,1.033,teressa_sync_filtered_videos\HC-BBC\Deployement period 3\2026-HC-BBC-A-B__2026-01-31_16-55-07.mp4,750,781,,,,
2026-HC-BBC-A-B__2026-01-31_16-55-07,2026-07-14 16:27:56.164,,Media file,player #1:teressa_sync_filtered_videos\HC-BBC\Deployement period 3\2026-HC-BBC-A-B__2026-01-31_16-55-07.mp4,0.0,118.900,137.267,30.000,TW,BBC, 3,Bob,43.599,pound with hammerstone,food processing - tool use,None,None,None,,,POINT,25.367,25.367,NA,teressa_sync_filtered_videos\HC-BBC\Deployement period 3\2026-HC-BBC-A-B__2026-01-31_16-55-07.mp4,761,761,,,,
2026-HC-BBC-A-B__2026-01-31_16-55-07,2026-07-14 16:27:56.164,,Media file,player #1:teressa_sync_filtered_videos\HC-BBC\Deployement period 3\2026-HC-BBC-A-B__2026-01-31_16-55-07.mp4,0.0,118.900,137.267,30.000,TW,BBC, 3,Luigi,93.634,eats HC,food processing,,,,,,POINT,26.433,26.433,NA,teressa_sync_filtered_videos\HC-BBC\Deployement period 3\2026-HC-BBC-A-B__2026-01-31_16-55-07.mp4,793,793,,,,
2026-HC-BBC-A-B__2026-01-31_16-55-07,2026-07-14 16:27:56.164,,Media file,player #1:teressa_sync_filtered_videos\HC-BBC\Deployement period 3\2026-HC-BBC-A-B__2026-01-31_16-55-07.mp4,0.0,118.900,137.267,30.000,TW,BBC, 3,Bob,43.599,pound with hammerstone,food processing - tool use,None,None,None,,,POINT,26.633,26.633,NA,teressa_sync_filtered_videos\HC-BBC\Deployement period 3\2026-HC-BBC-A-B__2026-01-31_16-55-07.mp4,799,799,,,,
2026-HC-BBC-A-B__2026-01-31_16-55-07,2026-07-14 16:27:56.164,,Media file,player #1:teressa_sync_filtered_videos\HC-BBC\Deployement period 3\2026-HC-BBC-A-B__2026-01-31_16-55-07.mp4,0.0,118.900,137.267,30.000,TW,BBC, 3,Luigi,93.634,releases HC,food handling,None,success/eaten,,,,POINT,27.633,27.633,NA,teressa_sync_filtered_videos\HC-BBC\Deployement period 3\2026-HC-BBC-A-B__2026-01-31_16-55-07.mp4,829,829,,,,
2026-HC-BBC-A-B__2026-01-31_16-55-07,2026-07-14 16:27:56.164,,Media file,player #1:teressa_sync_filtered_videos\HC-BBC\Deployement period 3\2026-HC-BBC-A-B__2026-01-31_16-55-07.mp4,0.0,118.900,137.267,30.000,TW,BBC, 3,Luigi,93.634,batch processing,food handling,3HC,1HC,1HC,pound with hammerstone,bucket 2,STATE,29.233,41.767,12.534,teressa_sync_filtered_videos\HC-BBC\Deployement period 3\2026-HC-BBC-A-B__2026-01-31_16-55-07.mp4,877,1253,,,,
2026-HC-BBC-A-B__2026-01-31_16-55-07,2026-07-14 16:27:56.164,,Media file,player #1:teressa_sync_filtered_videos\HC-BBC\Deployement period 3\2026-HC-BBC-A-B__2026-01-31_16-55-07.mp4,0.0,118.900,137.267,30.000,TW,BBC, 3,Bob,43.599,hit/pound on surface,food processing,natural wood,,,,,POINT,30.133,30.133,NA,teressa_sync_filtered_videos\HC-BBC\Deployement period 3\2026-HC-BBC-A-B__2026-01-31_16-55-07.mp4,904,904,,,,
2026-HC-BBC-A-B__2026-01-31_16-55-07,2026-07-14 16:27:56.164,,Media file,player #1:teressa_sync_filtered_videos\HC-BBC\Deployement period 3\2026-HC-BBC-A-B__2026-01-31_16-55-07.mp4,0.0,118.900,137.267,30.000,TW,BBC, 3,Luigi,93.634,2HC in batch processing,food handling,bucket 2,None,,,,STATE,30.167,35.633,5.466,teressa_sync_filtered_videos\HC-BBC\Deployement period 3\2026-HC-BBC-A-B__2026-01-31_16-55-07.mp4,905,1069,,,,
2026-HC-BBC-A-B__2026-01-31_16-55-07,2026-07-14 16:27:56.164,,Media file,player #1:teressa_sync_filtered_videos\HC-BBC\Deployement period 3\2026-HC-BBC-A-B__2026-01-31_16-55-07.mp4,0.0,118.900,137.267,30.000,TW,BBC, 3,Bob,43.599,hammerstone grab,food processing - tool use,other,by/on natural wood,yes,,,POINT,31.733,31.733,NA,teressa_sync_filtered_videos\HC-BBC\Deployement period 3\2026-HC-BBC-A-B__2026-01-31_16-55-07.mp4,952,952,,,,
2026-HC-BBC-A-B__2026-01-31_16-55-07,2026-07-14 16:27:56.164,,Media file,player #1:teressa_sync_filtered_videos\HC-BBC\Deployement period 3\2026-HC-BBC-A-B__2026-01-31_16-55-07.mp4,0.0,118.900,137.267,30.000,TW,BBC, 3,Bob,43.599,pound with hammerstone,food processing - tool use,natural wood,None,None,,,POINT,32.700,32.700,NA,teressa_sync_filtered_videos\HC-BBC\Deployement period 3\2026-HC-BBC-A-B__2026-01-31_16-55-07.mp4,981,981,,,,
2026-HC-BBC-A-B__2026-01-31_16-55-07,2026-07-14 16:27:56.164,,Media file,player #1:teressa_sync_filtered_videos\HC-BBC\Deployement period 3\2026-HC-BBC-A-B__2026-01-31_16-55-07.mp4,0.0,118.900,137.267,30.000,TW,BBC, 3,Luigi,93.634,3HC in batch processing,food handling,bucket 1,None,,,,STATE,32.767,33.700,0.933,teressa_sync_filtered_videos\HC-BBC\Deployement period 3\2026-HC-BBC-A-B__2026-01-31_16-55-07.mp4,983,1011,,,,
2026-HC-BBC-A-B__2026-01-31_16-55-07,2026-07-14 16:27:56.164,,Media file,player #1:teressa_sync_filtered_videos\HC-BBC\Deployement period 3\2026-HC-BBC-A-B__2026-01-31_16-55-07.mp4,0.0,118.900,137.267,30.000,TW,BBC, 3,Bob,43.599,hit/pound on surface,food processing,natural wood,,,,,POINT,33.500,33.500,NA,teressa_sync_filtered_videos\HC-BBC\Deployement period 3\2026-HC-BBC-A-B__2026-01-31_16-55-07.mp4,1005,1005,,,,
2026-HC-BBC-A-B__2026-01-31_16-55-07,2026-07-14 16:27:56.164,,Media file,player #1:teressa_sync_filtered_videos\HC-BBC\Deployement period 3\2026-HC-BBC-A-B__2026-01-31_16-55-07.mp4,0.0,118.900,137.267,30.000,TW,BBC, 3,Bob,43.599,pound with hammerstone,food processing - tool use,natural wood,None,None,,,POINT,34.667,34.667,NA,teressa_sync_filtered_videos\HC-BBC\Deployement period 3\2026-HC-BBC-A-B__2026-01-31_16-55-07.mp4,1040,1040,,,,
2026-HC-BBC-A-B__2026-01-31_16-55-07,2026-07-14 16:27:56.164,,Media file,player #1:teressa_sync_filtered_videos\HC-BBC\Deployement period 3\2026-HC-BBC-A-B__2026-01-31_16-55-07.mp4,0.0,118.900,137.267,30.000,TW,BBC, 3,Bob,43.599,pound with hammerstone,food processing - tool use,natural wood,one hand,None,,,POINT,35.933,35.933,NA,teressa_sync_filtered_videos\HC-BBC\Deployement period 3\2026-HC-BBC-A-B__2026-01-31_16-55-07.mp4,1078,1078,,,,
2026-HC-BBC-A-B__2026-01-31_16-55-07,2026-07-14 16:27:56.164,,Media file,player #1:teressa_sync_filtered_videos\HC-BBC\Deployement period 3\2026-HC-BBC-A-B__2026-01-31_16-55-07.mp4,0.0,118.900,137.267,30.000,TW,BBC, 3,Bob,43.599,reduced visibility,status,,,,,,POINT,37.000,37.000,NA,teressa_sync_filtered_videos\HC-BBC\Deployement period 3\2026-HC-BBC-A-B__2026-01-31_16-55-07.mp4,1110,1110,,,,
2026-HC-BBC-A-B__2026-01-31_16-55-07,2026-07-14 16:27:56.164,,Media file,player #1:teressa_sync_filtered_videos\HC-BBC\Deployement period 3\2026-HC-BBC-A-B__2026-01-31_16-55-07.mp4,0.0,118.900,137.267,30.000,TW,BBC, 3,Luigi,93.634,handling HC,food handling,None,None,None,None,None,STATE,42.500,49.367,6.867,teressa_sync_filtered_videos\HC-BBC\Deployement period 3\2026-HC-BBC-A-B__2026-01-31_16-55-07.mp4,1275,1481,,,,
2026-HC-BBC-A-B__2026-01-31_16-55-07,2026-07-14 16:27:56.164,,Media file,player #1:teressa_sync_filtered_videos\HC-BBC\Deployement period 3\2026-HC-BBC-A-B__2026-01-31_16-55-07.mp4,0.0,118.900,137.267,30.000,TW,BBC, 3,Luigi,93.634,releases HC,food handling,arena stone anvil,unknown/other,,,,POINT,43.333,43.333,NA,teressa_sync_filtered_videos\HC-BBC\Deployement period 3\2026-HC-BBC-A-B__2026-01-31_16-55-07.mp4,1300,1300,,,,
2026-HC-BBC-A-B__2026-01-31_16-55-07,2026-07-14 16:27:56.164,,Media file,player #1:teressa_sync_filtered_videos\HC-BBC\Deployement period 3\2026-HC-BBC-A-B__2026-01-31_16-55-07.mp4,0.0,118.900,137.267,30.000,TW,BBC, 3,Luigi,93.634,hammerstone grab,food processing - tool use,medium,by/on arena stone,yes,,,POINT,44.167,44.167,NA,teressa_sync_filtered_videos\HC-BBC\Deployement period 3\2026-HC-BBC-A-B__2026-01-31_16-55-07.mp4,1325,1325,,,,
2026-HC-BBC-A-B__2026-01-31_16-55-07,2026-07-14 16:27:56.164,,Media file,player #1:teressa_sync_filtered_videos\HC-BBC\Deployement period 3\2026-HC-BBC-A-B__2026-01-31_16-55-07.mp4,0.0,118.900,137.267,30.000,TW,BBC, 3,Luigi,93.634,pound with hammerstone,food processing - tool use,arena stone,None,None,,,POINT,45.633,45.633,NA,teressa_sync_filtered_videos\HC-BBC\Deployement period 3\2026-HC-BBC-A-B__2026-01-31_16-55-07.mp4,1369,1369,,,,
2026-HC-BBC-A-B__2026-01-31_16-55-07,2026-07-14 16:27:56.164,,Media file,player #1:teressa_sync_filtered_videos\HC-BBC\Deployement period 3\2026-HC-BBC-A-B__2026-01-31_16-55-07.mp4,0.0,118.900,137.267,30.000,TW,BBC, 3,Luigi,93.634,eats HC,food processing,,,,,,POINT,47.267,47.267,NA,teressa_sync_filtered_videos\HC-BBC\Deployement period 3\2026-HC-BBC-A-B__2026-01-31_16-55-07.mp4,1418,1418,,,,
2026-HC-BBC-A-B__2026-01-31_16-55-07,2026-07-14 16:27:56.164,,Media file,player #1:teressa_sync_filtered_videos\HC-BBC\Deployement period 3\2026-HC-BBC-A-B__2026-01-31_16-55-07.mp4,0.0,118.900,137.267,30.000,TW,BBC, 3,Luigi,93.634,releases HC,food handling,None,success/eaten,,,,POINT,49.367,49.367,NA,teressa_sync_filtered_videos\HC-BBC\Deployement period 3\2026-HC-BBC-A-B__2026-01-31_16-55-07.mp4,1481,1481,,,,
2026-HC-BBC-A-B__2026-01-31_16-55-07,2026-07-14 16:27:56.164,,Media file,player #1:teressa_sync_filtered_videos\HC-BBC\Deployement period 3\2026-HC-BBC-A-B__2026-01-31_16-55-07.mp4,0.0,118.900,137.267,30.000,TW,BBC, 3,Luigi,93.634,handling HC,food handling,None,None,None,None,None,STATE,51.967,53.700,1.733,teressa_sync_filtered_videos\HC-BBC\Deployement period 3\2026-HC-BBC-A-B__2026-01-31_16-55-07.mp4,1559,1611,,,,
2026-HC-BBC-A-B__2026-01-31_16-55-07,2026-07-14 16:27:56.164,,Media file,player #1:teressa_sync_filtered_videos\HC-BBC\Deployement period 3\2026-HC-BBC-A-B__2026-01-31_16-55-07.mp4,0.0,118.900,137.267,30.000,TW,BBC, 3,Luigi,93.634,smells held HC,information gain,None,,,,,STATE,52.933,53.333,0.400,teressa_sync_filtered_videos\HC-BBC\Deployement period 3\2026-HC-BBC-A-B__2026-01-31_16-55-07.mp4,1588,1600,,,,
2026-HC-BBC-A-B__2026-01-31_16-55-07,2026-07-14 16:27:56.164,,Media file,player #1:teressa_sync_filtered_videos\HC-BBC\Deployement period 3\2026-HC-BBC-A-B__2026-01-31_16-55-07.mp4,0.0,118.900,137.267,30.000,TW,BBC, 3,Luigi,93.634,releases HC,food handling,None,None,,,,POINT,53.700,53.700,NA,teressa_sync_filtered_videos\HC-BBC\Deployement period 3\2026-HC-BBC-A-B__2026-01-31_16-55-07.mp4,1611,1611,,,,
2026-HC-BBC-A-B__2026-01-31_16-55-07,2026-07-14 16:27:56.164,,Media file,player #1:teressa_sync_filtered_videos\HC-BBC\Deployement period 3\2026-HC-BBC-A-B__2026-01-31_16-55-07.mp4,0.0,118.900,137.267,30.000,TW,BBC, 3,Luigi,93.634,handling HC,food handling,None,None,None,None,None,STATE,54.633,70.367,15.734,teressa_sync_filtered_videos\HC-BBC\Deployement period 3\2026-HC-BBC-A-B__2026-01-31_16-55-07.mp4,1639,2111,,,,
2026-HC-BBC-A-B__2026-01-31_16-55-07,2026-07-14 16:27:56.164,,Media file,player #1:teressa_sync_filtered_videos\HC-BBC\Deployement period 3\2026-HC-BBC-A-B__2026-01-31_16-55-07.mp4,0.0,118.900,137.267,30.000,TW,BBC, 3,Luigi,93.634,hit/pound on surface,food processing,arena stone anvil,,,,,POINT,55.000,55.000,NA,teressa_sync_filtered_videos\HC-BBC\Deployement period 3\2026-HC-BBC-A-B__2026-01-31_16-55-07.mp4,1650,1650,,,,
2026-HC-BBC-A-B__2026-01-31_16-55-07,2026-07-14 16:27:56.164,,Media file,player #1:teressa_sync_filtered_videos\HC-BBC\Deployement period 3\2026-HC-BBC-A-B__2026-01-31_16-55-07.mp4,0.0,118.900,137.267,30.000,TW,BBC, 3,Luigi,93.634,hit/pound on surface,food processing,None,,,,,POINT,55.533,55.533,NA,teressa_sync_filtered_videos\HC-BBC\Deployement period 3\2026-HC-BBC-A-B__2026-01-31_16-55-07.mp4,1666,1666,,,,
2026-HC-BBC-A-B__2026-01-31_16-55-07,2026-07-14 16:27:56.164,,Media file,player #1:teressa_sync_filtered_videos\HC-BBC\Deployement period 3\2026-HC-BBC-A-B__2026-01-31_16-55-07.mp4,0.0,118.900,137.267,30.000,TW,BBC, 3,Luigi,93.634,hammerstone grab,food processing - tool use,medium,by/on arena stone,yes,,,POINT,56.200,56.200,NA,teressa_sync_filtered_videos\HC-BBC\Deployement period 3\2026-HC-BBC-A-B__2026-01-31_16-55-07.mp4,1686,1686,,,,
2026-HC-BBC-A-B__2026-01-31_16-55-07,2026-07-14 16:27:56.164,,Media file,player #1:teressa_sync_filtered_videos\HC-BBC\Deployement period 3\2026-HC-BBC-A-B__2026-01-31_16-55-07.mp4,0.0,118.900,137.267,30.000,TW,BBC, 3,Luigi,93.634,pound with hammerstone,food processing - tool use,arena stone,None,None,,,POINT,56.867,56.867,NA,teressa_sync_filtered_videos\HC-BBC\Deployement period 3\2026-HC-BBC-A-B__2026-01-31_16-55-07.mp4,1706,1706,,,,
2026-HC-BBC-A-B__2026-01-31_16-55-07,2026-07-14 16:27:56.164,,Media file,player #1:teressa_sync_filtered_videos\HC-BBC\Deployement period 3\2026-HC-BBC-A-B__2026-01-31_16-55-07.mp4,0.0,118.900,137.267,30.000,TW,BBC, 3,Luigi,93.634,eats HC,food processing,,,,,,POINT,59.200,59.200,NA,teressa_sync_filtered_videos\HC-BBC\Deployement period 3\2026-HC-BBC-A-B__2026-01-31_16-55-07.mp4,1776,1776,,,,
2026-HC-BBC-A-B__2026-01-31_16-55-07,2026-07-14 16:27:56.164,,Media file,player #1:teressa_sync_filtered_videos\HC-BBC\Deployement period 3\2026-HC-BBC-A-B__2026-01-31_16-55-07.mp4,0.0,118.900,137.267,30.000,TW,BBC, 3,Luigi,93.634,eats HC,food processing,,,,,,POINT,59.867,59.867,NA,teressa_sync_filtered_videos\HC-BBC\Deployement period 3\2026-HC-BBC-A-B__2026-01-31_16-55-07.mp4,1796,1796,,,,
2026-HC-BBC-A-B__2026-01-31_16-55-07,2026-07-14 16:27:56.164,,Media file,player #1:teressa_sync_filtered_videos\HC-BBC\Deployement period 3\2026-HC-BBC-A-B__2026-01-31_16-55-07.mp4,0.0,118.900,137.267,30.000,TW,BBC, 3,Luigi,93.634,eats HC,food processing,,,,,,POINT,63.667,63.667,NA,teressa_sync_filtered_videos\HC-BBC\Deployement period 3\2026-HC-BBC-A-B__2026-01-31_16-55-07.mp4,1910,1910,,,,
2026-HC-BBC-A-B__2026-01-31_16-55-07,2026-07-14 16:27:56.164,,Media file,player #1:teressa_sync_filtered_videos\HC-BBC\Deployement period 3\2026-HC-BBC-A-B__2026-01-31_16-55-07.mp4,0.0,118.900,137.267,30.000,TW,BBC, 3,Luigi,93.634,releases HC,food handling,None,success/eaten,,,,POINT,70.367,70.367,NA,teressa_sync_filtered_videos\HC-BBC\Deployement period 3\2026-HC-BBC-A-B__2026-01-31_16-55-07.mp4,2111,2111,,,,
2026-HC-BBC-A-B__2026-01-31_16-55-07,2026-07-14 16:27:56.164,,Media file,player #1:teressa_sync_filtered_videos\HC-BBC\Deployement period 3\2026-HC-BBC-A-B__2026-01-31_16-55-07.mp4,0.0,118.900,137.267,30.000,TW,BBC, 3,Luigi,93.634,handling HC,food handling,None,None,None,None,None,STATE,71.100,88.133,17.033,teressa_sync_filtered_videos\HC-BBC\Deployement period 3\2026-HC-BBC-A-B__2026-01-31_16-55-07.mp4,2133,2644,,,HC?,
2026-HC-BBC-A-B__2026-01-31_16-55-07,2026-07-14 16:27:56.164,,Media file,player #1:teressa_sync_filtered_videos\HC-BBC\Deployement period 3\2026-HC-BBC-A-B__2026-01-31_16-55-07.mp4,0.0,118.900,137.267,30.000,TW,BBC, 3,Luigi,93.634,eats HC,food processing,,,,,,POINT,74.900,74.900,NA,teressa_sync_filtered_videos\HC-BBC\Deployement period 3\2026-HC-BBC-A-B__2026-01-31_16-55-07.mp4,2247,2247,,,,
2026-HC-BBC-A-B__2026-01-31_16-55-07,2026-07-14 16:27:56.164,,Media file,player #1:teressa_sync_filtered_videos\HC-BBC\Deployement period 3\2026-HC-BBC-A-B__2026-01-31_16-55-07.mp4,0.0,118.900,137.267,30.000,TW,BBC, 3,Luigi,93.634,eats HC,food processing,,,,,,POINT,77.633,77.633,NA,teressa_sync_filtered_videos\HC-BBC\Deployement period 3\2026-HC-BBC-A-B__2026-01-31_16-55-07.mp4,2329,2329,,,,
2026-HC-BBC-A-B__2026-01-31_16-55-07,2026-07-14 16:27:56.164,,Media file,player #1:teressa_sync_filtered_videos\HC-BBC\Deployement period 3\2026-HC-BBC-A-B__2026-01-31_16-55-07.mp4,0.0,118.900,137.267,30.000,TW,BBC, 3,Luigi,93.634,eats HC,food processing,,,,,,POINT,79.000,79.000,NA,teressa_sync_filtered_videos\HC-BBC\Deployement period 3\2026-HC-BBC-A-B__2026-01-31_16-55-07.mp4,2370,2370,,,,
2026-HC-BBC-A-B__2026-01-31_16-55-07,2026-07-14 16:27:56.164,,Media file,player #1:teressa_sync_filtered_videos\HC-BBC\Deployement period 3\2026-HC-BBC-A-B__2026-01-31_16-55-07.mp4,0.0,118.900,137.267,30.000,TW,BBC, 3,Bob,43.599,bucket inspection,information gain,bucket 2,,,,,STATE,82.100,83.233,1.133,teressa_sync_filtered_videos\HC-BBC\Deployement period 3\2026-HC-BBC-A-B__2026-01-31_16-55-07.mp4,2463,2497,,,,
2026-HC-BBC-A-B__2026-01-31_16-55-07,2026-07-14 16:27:56.164,,Media file,player #1:teressa_sync_filtered_videos\HC-BBC\Deployement period 3\2026-HC-BBC-A-B__2026-01-31_16-55-07.mp4,0.0,118.900,137.267,30.000,TW,BBC, 3,Luigi,93.634,eats HC,food processing,,,,,,POINT,82.967,82.967,NA,teressa_sync_filtered_videos\HC-BBC\Deployement period 3\2026-HC-BBC-A-B__2026-01-31_16-55-07.mp4,2489,2489,,,,
2026-HC-BBC-A-B__2026-01-31_16-55-07,2026-07-14 16:27:56.164,,Media file,player #1:teressa_sync_filtered_videos\HC-BBC\Deployement period 3\2026-HC-BBC-A-B__2026-01-31_16-55-07.mp4,0.0,118.900,137.267,30.000,TW,BBC, 3,Bob,43.599,handling HC,food handling,None,None,None,None,None,STATE,84.233,85.667,1.434,teressa_sync_filtered_videos\HC-BBC\Deployement period 3\2026-HC-BBC-A-B__2026-01-31_16-55-07.mp4,2527,2570,,,,
2026-HC-BBC-A-B__2026-01-31_16-55-07,2026-07-14 16:27:56.164,,Media file,player #1:teressa_sync_filtered_videos\HC-BBC\Deployement period 3\2026-HC-BBC-A-B__2026-01-31_16-55-07.mp4,0.0,118.900,137.267,30.000,TW,BBC, 3,Bob,43.599,releases HC,food handling,bucket 2,None,,,,POINT,85.667,85.667,NA,teressa_sync_filtered_videos\HC-BBC\Deployement period 3\2026-HC-BBC-A-B__2026-01-31_16-55-07.mp4,2570,2570,,,,
2026-HC-BBC-A-B__2026-01-31_16-55-07,2026-07-14 16:27:56.164,,Media file,player #1:teressa_sync_filtered_videos\HC-BBC\Deployement period 3\2026-HC-BBC-A-B__2026-01-31_16-55-07.mp4,0.0,118.900,137.267,30.000,TW,BBC, 3,Luigi,93.634,eats HC,food processing,,,,,,POINT,86.767,86.767,NA,teressa_sync_filtered_videos\HC-BBC\Deployement period 3\2026-HC-BBC-A-B__2026-01-31_16-55-07.mp4,2604,2604,,,,
2026-HC-BBC-A-B__2026-01-31_16-55-07,2026-07-14 16:27:56.164,,Media file,player #1:teressa_sync_filtered_videos\HC-BBC\Deployement period 3\2026-HC-BBC-A-B__2026-01-31_16-55-07.mp4,0.0,118.900,137.267,30.000,TW,BBC, 3,Luigi,93.634,releases HC,food handling,None,success/eaten,,,,POINT,88.133,88.133,NA,teressa_sync_filtered_videos\HC-BBC\Deployement period 3\2026-HC-BBC-A-B__2026-01-31_16-55-07.mp4,2644,2644,,,,
2026-HC-BBC-A-B__2026-01-31_16-55-07,2026-07-14 16:27:56.164,,Media file,player #1:teressa_sync_filtered_videos\HC-BBC\Deployement period 3\2026-HC-BBC-A-B__2026-01-31_16-55-07.mp4,0.0,118.900,137.267,30.000,TW,BBC, 3,Luigi,93.634,handling HC,food handling,None,None,None,None,None,STATE,88.200,89.067,0.867,teressa_sync_filtered_videos\HC-BBC\Deployement period 3\2026-HC-BBC-A-B__2026-01-31_16-55-07.mp4,2646,2672,,,,
2026-HC-BBC-A-B__2026-01-31_16-55-07,2026-07-14 16:27:56.164,,Media file,player #1:teressa_sync_filtered_videos\HC-BBC\Deployement period 3\2026-HC-BBC-A-B__2026-01-31_16-55-07.mp4,0.0,118.900,137.267,30.000,TW,BBC, 3,Bob,43.599,handling HC,food handling,None,None,None,None,None,STATE,88.467,89.900,1.433,teressa_sync_filtered_videos\HC-BBC\Deployement period 3\2026-HC-BBC-A-B__2026-01-31_16-55-07.mp4,2654,2697,,,,
2026-HC-BBC-A-B__2026-01-31_16-55-07,2026-07-14 16:27:56.164,,Media file,player #1:teressa_sync_filtered_videos\HC-BBC\Deployement period 3\2026-HC-BBC-A-B__2026-01-31_16-55-07.mp4,0.0,118.900,137.267,30.000,TW,BBC, 3,Luigi,93.634,releases HC,food handling,None,None,,,,POINT,89.067,89.067,NA,teressa_sync_filtered_videos\HC-BBC\Deployement period 3\2026-HC-BBC-A-B__2026-01-31_16-55-07.mp4,2672,2672,,,,
2026-HC-BBC-A-B__2026-01-31_16-55-07,2026-07-14 16:27:56.164,,Media file,player #1:teressa_sync_filtered_videos\HC-BBC\Deployement period 3\2026-HC-BBC-A-B__2026-01-31_16-55-07.mp4,0.0,118.900,137.267,30.000,TW,BBC, 3,Luigi,93.634,bucket inspection,information gain,bucket 1,,,,,STATE,89.600,91.467,1.867,teressa_sync_filtered_videos\HC-BBC\Deployement period 3\2026-HC-BBC-A-B__2026-01-31_16-55-07.mp4,2688,2744,,,,
2026-HC-BBC-A-B__2026-01-31_16-55-07,2026-07-14 16:27:56.164,,Media file,player #1:teressa_sync_filtered_videos\HC-BBC\Deployement period 3\2026-HC-BBC-A-B__2026-01-31_16-55-07.mp4,0.0,118.900,137.267,30.000,TW,BBC, 3,Bob,43.599,releases HC,food handling,None,None,,,,POINT,89.900,89.900,NA,teressa_sync_filtered_videos\HC-BBC\Deployement period 3\2026-HC-BBC-A-B__2026-01-31_16-55-07.mp4,2697,2697,,,,
2026-HC-BBC-A-B__2026-01-31_16-55-07,2026-07-14 16:27:56.164,,Media file,player #1:teressa_sync_filtered_videos\HC-BBC\Deployement period 3\2026-HC-BBC-A-B__2026-01-31_16-55-07.mp4,0.0,118.900,137.267,30.000,TW,BBC, 3,Luigi,93.634,bucket rummaging,information gain,bucket 2,,,,,STATE,96.700,97.500,0.800,teressa_sync_filtered_videos\HC-BBC\Deployement period 3\2026-HC-BBC-A-B__2026-01-31_16-55-07.mp4,2901,2925,,,,
2026-HC-BBC-A-B__2026-01-31_16-55-07,2026-07-14 16:27:56.164,,Media file,player #1:teressa_sync_filtered_videos\HC-BBC\Deployement period 3\2026-HC-BBC-A-B__2026-01-31_16-55-07.mp4,0.0,118.900,137.267,30.000,TW,BBC, 3,Luigi,93.634,bucket rummaging,information gain,bucket 2,,,,,STATE,103.600,107.200,3.600,teressa_sync_filtered_videos\HC-BBC\Deployement period 3\2026-HC-BBC-A-B__2026-01-31_16-55-07.mp4,3108,3216,,,,
2026-HC-BBC-A-B__2026-01-31_16-55-07,2026-07-14 16:27:56.164,,Media file,player #1:teressa_sync_filtered_videos\HC-BBC\Deployement period 3\2026-HC-BBC-A-B__2026-01-31_16-55-07.mp4,0.0,118.900,137.267,30.000,TW,BBC, 3,Bob,43.599,handling HC,food handling,None,None,None,None,None,STATE,111.300,111.833,0.533,teressa_sync_filtered_videos\HC-BBC\Deployement period 3\2026-HC-BBC-A-B__2026-01-31_16-55-07.mp4,3339,3355,,,,
2026-HC-BBC-A-B__2026-01-31_16-55-07,2026-07-14 16:27:56.164,,Media file,player #1:teressa_sync_filtered_videos\HC-BBC\Deployement period 3\2026-HC-BBC-A-B__2026-01-31_16-55-07.mp4,0.0,118.900,137.267,30.000,TW,BBC, 3,Bob,43.599,releases HC,food handling,None,None,,,,POINT,111.833,111.833,NA,teressa_sync_filtered_videos\HC-BBC\Deployement period 3\2026-HC-BBC-A-B__2026-01-31_16-55-07.mp4,3355,3355,,,,
2026-HC-BBC-A-B__2026-01-31_16-55-07,2026-07-14 16:27:56.164,,Media file,player #1:teressa_sync_filtered_videos\HC-BBC\Deployement period 3\2026-HC-BBC-A-B__2026-01-31_16-55-07.mp4,0.0,118.900,137.267,30.000,TW,BBC, 3,Luigi,93.634,bucket rummaging,information gain,bucket 1,,,,,STATE,117.200,118.900,1.700,teressa_sync_filtered_videos\HC-BBC\Deployement period 3\2026-HC-BBC-A-B__2026-01-31_16-55-07.mp4,3516,3567,,,,
2026-HC-BBC-A-B__2026-01-31_16-57-53,2026-07-14 16:28:22.015,,Media file,player #1:teressa_sync_filtered_videos\HC-BBC\Deployement period 3\2026-HC-BBC-A-B__2026-01-31_16-57-53.mp4,0.0,80.434,123.767,30.000,TW,BBC, 3,Luigi,15.368,bucket inspection,information gain,bucket 2,,,,,STATE,3.433,5.067,1.634,teressa_sync_filtered_videos\HC-BBC\Deployement period 3\2026-HC-BBC-A-B__2026-01-31_16-57-53.mp4,103,152,,,,
2026-HC-BBC-A-B__2026-01-31_16-57-53,2026-07-14 16:28:22.015,,Media file,player #1:teressa_sync_filtered_videos\HC-BBC\Deployement period 3\2026-HC-BBC-A-B__2026-01-31_16-57-53.mp4,0.0,80.434,123.767,30.000,TW,BBC, 3,Luigi,15.368,handling HC,food handling,None,None,None,None,None,STATE,6.133,6.533,0.400,teressa_sync_filtered_videos\HC-BBC\Deployement period 3\2026-HC-BBC-A-B__2026-01-31_16-57-53.mp4,184,196,,,,
2026-HC-BBC-A-B__2026-01-31_16-57-53,2026-07-14 16:28:22.015,,Media file,player #1:teressa_sync_filtered_videos\HC-BBC\Deployement period 3\2026-HC-BBC-A-B__2026-01-31_16-57-53.mp4,0.0,80.434,123.767,30.000,TW,BBC, 3,Luigi,15.368,releases HC,food handling,None,None,,,,POINT,6.533,6.533,NA,teressa_sync_filtered_videos\HC-BBC\Deployement period 3\2026-HC-BBC-A-B__2026-01-31_16-57-53.mp4,196,196,,,,
2026-HC-BBC-A-B__2026-01-31_16-57-53,2026-07-14 16:28:22.015,,Media file,player #1:teressa_sync_filtered_videos\HC-BBC\Deployement period 3\2026-HC-BBC-A-B__2026-01-31_16-57-53.mp4,0.0,80.434,123.767,30.000,TW,BBC, 3,Luigi,15.368,handling HC,food handling,None,unknown,unknown,None,None,STATE,59.600,62.167,2.567,teressa_sync_filtered_videos\HC-BBC\Deployement period 3\2026-HC-BBC-A-B__2026-01-31_16-57-53.mp4,1788,1865,,,stna,
2026-HC-BBC-A-B__2026-01-31_16-57-53,2026-07-14 16:28:22.015,,Media file,player #1:teressa_sync_filtered_videos\HC-BBC\Deployement period 3\2026-HC-BBC-A-B__2026-01-31_16-57-53.mp4,0.0,80.434,123.767,30.000,TW,BBC, 3,Luigi,15.368,releases HC,food handling,arena stone anvil,unknown/other,,,,POINT,62.167,62.167,NA,teressa_sync_filtered_videos\HC-BBC\Deployement period 3\2026-HC-BBC-A-B__2026-01-31_16-57-53.mp4,1865,1865,,,,
2026-HC-BBC-A-B__2026-01-31_16-57-53,2026-07-14 16:28:22.015,,Media file,player #1:teressa_sync_filtered_videos\HC-BBC\Deployement period 3\2026-HC-BBC-A-B__2026-01-31_16-57-53.mp4,0.0,80.434,123.767,30.000,TW,BBC, 3,Luigi,15.368,handling HC,food handling,None,unknown,unknown,same/focal capuchin,unknown,STATE,73.100,83.867,10.767,teressa_sync_filtered_videos\HC-BBC\Deployement period 3\2026-HC-BBC-A-B__2026-01-31_16-57-53.mp4,2193,2516,,,,
2026-HC-BBC-A-B__2026-01-31_16-57-53,2026-07-14 16:28:22.015,,Media file,player #1:teressa_sync_filtered_videos\HC-BBC\Deployement period 3\2026-HC-BBC-A-B__2026-01-31_16-57-53.mp4,0.0,80.434,123.767,30.000,TW,BBC, 3,Luigi,15.368,hammerstone grab,food processing - tool use,medium,by/on arena stone,yes,,,POINT,73.267,73.267,NA,teressa_sync_filtered_videos\HC-BBC\Deployement period 3\2026-HC-BBC-A-B__2026-01-31_16-57-53.mp4,2198,2198,,,,
2026-HC-BBC-A-B__2026-01-31_16-57-53,2026-07-14 16:28:22.015,,Media file,player #1:teressa_sync_filtered_videos\HC-BBC\Deployement period 3\2026-HC-BBC-A-B__2026-01-31_16-57-53.mp4,0.0,80.434,123.767,30.000,TW,BBC, 3,Luigi,15.368,pound with hammerstone,food processing - tool use,arena stone,None,None,,,POINT,76.733,76.733,NA,teressa_sync_filtered_videos\HC-BBC\Deployement period 3\2026-HC-BBC-A-B__2026-01-31_16-57-53.mp4,2302,2302,,,,
2026-HC-BBC-A-B__2026-01-31_16-57-53,2026-07-14 16:28:22.015,,Media file,player #1:teressa_sync_filtered_videos\HC-BBC\Deployement period 3\2026-HC-BBC-A-B__2026-01-31_16-57-53.mp4,0.0,80.434,123.767,30.000,TW,BBC, 3,Luigi,15.368,eats HC,food processing,,,,,,POINT,78.733,78.733,NA,teressa_sync_filtered_videos\HC-BBC\Deployement period 3\2026-HC-BBC-A-B__2026-01-31_16-57-53.mp4,2362,2362,,,,
2026-HC-BBC-A-B__2026-01-31_16-57-53,2026-07-14 16:28:22.015,,Media file,player #1:teressa_sync_filtered_videos\HC-BBC\Deployement period 3\2026-HC-BBC-A-B__2026-01-31_16-57-53.mp4,0.0,80.434,123.767,30.000,TW,BBC, 3,Luigi,15.368,eats HC,food processing,,,,,,POINT,81.467,81.467,NA,teressa_sync_filtered_videos\HC-BBC\Deployement period 3\2026-HC-BBC-A-B__2026-01-31_16-57-53.mp4,2444,2444,,,,
2026-HC-BBC-A-B__2026-01-31_16-57-53,2026-07-14 16:28:22.015,,Media file,player #1:teressa_sync_filtered_videos\HC-BBC\Deployement period 3\2026-HC-BBC-A-B__2026-01-31_16-57-53.mp4,0.0,80.434,123.767,30.000,TW,BBC, 3,Luigi,15.368,releases HC,food handling,None,success/eaten,,,,POINT,83.867,83.867,NA,teressa_sync_filtered_videos\HC-BBC\Deployement period 3\2026-HC-BBC-A-B__2026-01-31_16-57-53.mp4,2516,2516,,,,
2026-HC-BBC-A-B__2026-01-31_17-02-42,2026-07-14 16:28:45.361,,Media file,player #1:teressa_sync_filtered_videos\HC-BBC\Deployement period 3\2026-HC-BBC-A-B__2026-01-31_17-02-42.mp4,0.0,101.633,120.700,30.000,TW,BBC, 3,Bob,27.699,bucket rummaging,information gain,bucket 1,,,,,STATE,1.100,3.433,2.333,teressa_sync_filtered_videos\HC-BBC\Deployement period 3\2026-HC-BBC-A-B__2026-01-31_17-02-42.mp4,44,137,,,,
2026-HC-BBC-A-B__2026-01-31_17-02-42,2026-07-14 16:28:45.361,,Media file,player #1:teressa_sync_filtered_videos\HC-BBC\Deployement period 3\2026-HC-BBC-A-B__2026-01-31_17-02-42.mp4,0.0,101.633,120.700,30.000,TW,BBC, 3,Bob,27.699,handling HC,food handling,None,None,None,None,None,STATE,10.767,29.533,18.766,teressa_sync_filtered_videos\HC-BBC\Deployement period 3\2026-HC-BBC-A-B__2026-01-31_17-02-42.mp4,430,1180,,,,
2026-HC-BBC-A-B__2026-01-31_17-02-42,2026-07-14 16:28:45.361,,Media file,player #1:teressa_sync_filtered_videos\HC-BBC\Deployement period 3\2026-HC-BBC-A-B__2026-01-31_17-02-42.mp4,0.0,101.633,120.700,30.000,TW,BBC, 3,Bob,27.699,manipulate with hand(s),food processing - non-tool use,pull with hand,None,,,,STATE,13.267,16.167,2.900,teressa_sync_filtered_videos\HC-BBC\Deployement period 3\2026-HC-BBC-A-B__2026-01-31_17-02-42.mp4,530,646,,,,
2026-HC-BBC-A-B__2026-01-31_17-02-42,2026-07-14 16:28:45.361,,Media file,player #1:teressa_sync_filtered_videos\HC-BBC\Deployement period 3\2026-HC-BBC-A-B__2026-01-31_17-02-42.mp4,0.0,101.633,120.700,30.000,TW,BBC, 3,Bob,27.699,manipulate with hand(s),food processing - non-tool use,pull with hand,None,,,,STATE,18.567,19.833,1.266,teressa_sync_filtered_videos\HC-BBC\Deployement period 3\2026-HC-BBC-A-B__2026-01-31_17-02-42.mp4,742,792,,,,
2026-HC-BBC-A-B__2026-01-31_17-02-42,2026-07-14 16:28:45.361,,Media file,player #1:teressa_sync_filtered_videos\HC-BBC\Deployement period 3\2026-HC-BBC-A-B__2026-01-31_17-02-42.mp4,0.0,101.633,120.700,30.000,TW,BBC, 3,Bob,27.699,bite and pull with teeth,food processing - non-tool use,,,,,,STATE,20.333,22.767,2.434,teressa_sync_filtered_videos\HC-BBC\Deployement period 3\2026-HC-BBC-A-B__2026-01-31_17-02-42.mp4,812,909,,,,
2026-HC-BBC-A-B__2026-01-31_17-02-42,2026-07-14 16:28:45.361,,Media file,player #1:teressa_sync_filtered_videos\HC-BBC\Deployement period 3\2026-HC-BBC-A-B__2026-01-31_17-02-42.mp4,0.0,101.633,120.700,30.000,TW,BBC, 3,Bob,27.699,releases HC,food handling,None,None,,,,POINT,29.533,29.533,NA,teressa_sync_filtered_videos\HC-BBC\Deployement period 3\2026-HC-BBC-A-B__2026-01-31_17-02-42.mp4,1180,1180,,,,
2026-HC-BBC-A-B__2026-01-31_17-02-42,2026-07-14 16:28:45.361,,Media file,player #1:teressa_sync_filtered_videos\HC-BBC\Deployement period 3\2026-HC-BBC-A-B__2026-01-31_17-02-42.mp4,0.0,101.633,120.700,30.000,TW,BBC, 3,Bob,27.699,other behavior/modifier,user notes,None,,,,,POINT,96.367,96.367,NA,teressa_sync_filtered_videos\HC-BBC\Deployement period 3\2026-HC-BBC-A-B__2026-01-31_17-02-42.mp4,3849,3849,,,almendra,
2026-HC-BBC-A-B__2026-01-31_17-02-42,2026-07-14 16:28:45.361,,Media file,player #1:teressa_sync_filtered_videos\HC-BBC\Deployement period 3\2026-HC-BBC-A-B__2026-01-31_17-02-42.mp4,0.0,101.633,120.700,30.000,TW,BBC, 3,Bob,27.699,hammerstone grab,food processing - tool use,large,between buckets,None,,,POINT,102.733,102.733,NA,teressa_sync_filtered_videos\HC-BBC\Deployement period 3\2026-HC-BBC-A-B__2026-01-31_17-02-42.mp4,4104,4104,,,,
2026-HC-BBC-A-B__2026-01-31_17-07-45,2026-07-14 16:29:07.705,,Media file,player #1:teressa_sync_filtered_videos\HC-BBC\Deployement period 3\2026-HC-BBC-A-B__2026-01-31_17-07-45.mp4,0.0,14.967,120.867,30.000,TW,BBC, 3,Abraham,0.0,other behavior/modifier,user notes,None,,,,,POINT,23.200,23.200,NA,teressa_sync_filtered_videos\HC-BBC\Deployement period 3\2026-HC-BBC-A-B__2026-01-31_17-07-45.mp4,696,696,,,coconut,
2026-HC-BBC-A-B__2026-01-31_17-07-45,2026-07-14 16:29:07.705,,Media file,player #1:teressa_sync_filtered_videos\HC-BBC\Deployement period 3\2026-HC-BBC-A-B__2026-01-31_17-07-45.mp4,0.0,14.967,120.867,30.000,TW,BBC, 3,adult male #2,3.7,needs rechecked,user notes,subject ID,,,,,POINT,27.867,27.867,NA,teressa_sync_filtered_videos\HC-BBC\Deployement period 3\2026-HC-BBC-A-B__2026-01-31_17-07-45.mp4,836,836,,,,
2026-HC-BBC-A-B__2026-01-31_17-07-45,2026-07-14 16:29:07.705,,Media file,player #1:teressa_sync_filtered_videos\HC-BBC\Deployement period 3\2026-HC-BBC-A-B__2026-01-31_17-07-45.mp4,0.0,14.967,120.867,30.000,TW,BBC, 3,adult male #2,3.7,bucket inspection,information gain,bucket 2,,,,,STATE,28.833,32.533,3.700,teressa_sync_filtered_videos\HC-BBC\Deployement period 3\2026-HC-BBC-A-B__2026-01-31_17-07-45.mp4,865,976,,,,
2026-HC-BBC-A-B__2026-01-31_17-07-45,2026-07-14 16:29:07.705,,Media file,player #1:teressa_sync_filtered_videos\HC-BBC\Deployement period 3\2026-HC-BBC-A-B__2026-01-31_17-07-45.mp4,0.0,14.967,120.867,30.000,TW,BBC, 3,juvenile #1,2.1,bucket inspection,information gain,bucket 2,,,,,STATE,36.067,38.167,2.100,teressa_sync_filtered_videos\HC-BBC\Deployement period 3\2026-HC-BBC-A-B__2026-01-31_17-07-45.mp4,1082,1145,,,,
2026-HC-BBC-A-B__2026-01-31_17-09-47,2026-07-14 16:29:34.713,,Media file,player #1:teressa_sync_filtered_videos\HC-BBC\Deployement period 3\2026-HC-BBC-A-B__2026-01-31_17-09-47.mp4,0.0,68.400,121.067,30.000,TW,BBC, 3,Bob,11.2,bucket inspection,information gain,bucket 1,,,,,STATE,41.267,52.467,11.200,teressa_sync_filtered_videos\HC-BBC\Deployement period 3\2026-HC-BBC-A-B__2026-01-31_17-09-47.mp4,1238,1574,,,,
2026-HC-BBC-A-B__2026-01-31_17-09-47,2026-07-14 16:29:34.713,,Media file,player #1:teressa_sync_filtered_videos\HC-BBC\Deployement period 3\2026-HC-BBC-A-B__2026-01-31_17-09-47.mp4,0.0,68.400,121.067,30.000,TW,BBC, 3,adult female #1,4.067,needs rechecked,user notes,subject ID,,,,,POINT,104.600,104.600,NA,teressa_sync_filtered_videos\HC-BBC\Deployement period 3\2026-HC-BBC-A-B__2026-01-31_17-09-47.mp4,3139,3139,,,,
2026-HC-BBC-A-B__2026-01-31_17-09-47,2026-07-14 16:29:34.713,,Media file,player #1:teressa_sync_filtered_videos\HC-BBC\Deployement period 3\2026-HC-BBC-A-B__2026-01-31_17-09-47.mp4,0.0,68.400,121.067,30.000,TW,BBC, 3,adult female #1,4.067,bucket inspection,information gain,bucket 1,,,,,STATE,105.600,109.667,4.067,teressa_sync_filtered_videos\HC-BBC\Deployement period 3\2026-HC-BBC-A-B__2026-01-31_17-09-47.mp4,3169,3291,,,,
2026-HC-BBC-A-B__2026-01-31_17-11-52,2026-07-14 16:29:54.773,,Media file,player #1:teressa_sync_filtered_videos\HC-BBC\Deployement period 3\2026-HC-BBC-A-B__2026-01-31_17-11-52.mp4,0.0,73.233,120.067,60.000,TW,BBC, 3,Macaroni,15.199,bucket inspection,information gain,bucket 2,,,,,STATE,8.100,9.267,1.167,teressa_sync_filtered_videos\HC-BBC\Deployement period 3\2026-HC-BBC-A-B__2026-01-31_17-11-52.mp4,486,556,,,,
2026-HC-BBC-A-B__2026-01-31_17-11-52,2026-07-14 16:29:54.773,,Media file,player #1:teressa_sync_filtered_videos\HC-BBC\Deployement period 3\2026-HC-BBC-A-B__2026-01-31_17-11-52.mp4,0.0,73.233,120.067,60.000,TW,BBC, 3,Macaroni,15.199,bucket rummaging,information gain,bucket 2,,,,,STATE,9.567,14.932,5.365,teressa_sync_filtered_videos\HC-BBC\Deployement period 3\2026-HC-BBC-A-B__2026-01-31_17-11-52.mp4,574,NA,,,,
2026-HC-BBC-A-B__2026-01-31_17-11-52,2026-07-14 16:29:54.773,,Media file,player #1:teressa_sync_filtered_videos\HC-BBC\Deployement period 3\2026-HC-BBC-A-B__2026-01-31_17-11-52.mp4,0.0,73.233,120.067,60.000,TW,BBC, 3,Macaroni,15.199,handling HC,food handling,None,bucket 2,None,None,None,STATE,11.600,13.067,1.467,teressa_sync_filtered_videos\HC-BBC\Deployement period 3\2026-HC-BBC-A-B__2026-01-31_17-11-52.mp4,696,784,,,,
2026-HC-BBC-A-B__2026-01-31_17-11-52,2026-07-14 16:29:54.773,,Media file,player #1:teressa_sync_filtered_videos\HC-BBC\Deployement period 3\2026-HC-BBC-A-B__2026-01-31_17-11-52.mp4,0.0,73.233,120.067,60.000,TW,BBC, 3,Macaroni,15.199,releases HC,food handling,bucket 2,None,,,,POINT,13.067,13.067,NA,teressa_sync_filtered_videos\HC-BBC\Deployement period 3\2026-HC-BBC-A-B__2026-01-31_17-11-52.mp4,784,784,,,,
2026-HC-BBC-A-B__2026-01-31_17-11-52,2026-07-14 16:29:54.773,,Media file,player #1:teressa_sync_filtered_videos\HC-BBC\Deployement period 3\2026-HC-BBC-A-B__2026-01-31_17-11-52.mp4,0.0,73.233,120.067,60.000,TW,BBC, 3,Macaroni,15.199,bucket inspection,information gain,bucket 2,,,,,STATE,14.933,15.967,1.034,teressa_sync_filtered_videos\HC-BBC\Deployement period 3\2026-HC-BBC-A-B__2026-01-31_17-11-52.mp4,896,958,,,,
2026-HC-BBC-A-B__2026-01-31_17-11-52,2026-07-14 16:29:54.773,,Media file,player #1:teressa_sync_filtered_videos\HC-BBC\Deployement period 3\2026-HC-BBC-A-B__2026-01-31_17-11-52.mp4,0.0,73.233,120.067,60.000,TW,BBC, 3,Macaroni,15.199,bucket rummaging,information gain,bucket 2,,,,,STATE,16.067,17.767,1.700,teressa_sync_filtered_videos\HC-BBC\Deployement period 3\2026-HC-BBC-A-B__2026-01-31_17-11-52.mp4,964,1066,,,,
2026-HC-BBC-A-B__2026-01-31_17-11-52,2026-07-14 16:29:54.773,,Media file,player #1:teressa_sync_filtered_videos\HC-BBC\Deployement period 3\2026-HC-BBC-A-B__2026-01-31_17-11-52.mp4,0.0,73.233,120.067,60.000,TW,BBC, 3,Macaroni,15.199,bucket rummaging,information gain,bucket 2,,,,,STATE,23.200,25.000,1.800,teressa_sync_filtered_videos\HC-BBC\Deployement period 3\2026-HC-BBC-A-B__2026-01-31_17-11-52.mp4,1392,1500,,,,
2026-HC-BBC-A-B__2026-01-31_17-11-52,2026-07-14 16:29:54.773,,Media file,player #1:teressa_sync_filtered_videos\HC-BBC\Deployement period 3\2026-HC-BBC-A-B__2026-01-31_17-11-52.mp4,0.0,73.233,120.067,60.000,TW,BBC, 3,Macaroni,15.199,bucket inspection,information gain,bucket 2,,,,,STATE,78.667,81.333,2.666,teressa_sync_filtered_videos\HC-BBC\Deployement period 3\2026-HC-BBC-A-B__2026-01-31_17-11-52.mp4,4719,4879,,,,
2026-HC-BBC-A-B__2026-01-31_17-14-06,2026-07-14 16:30:47.408,,Media file,player #1:teressa_sync_filtered_videos\HC-BBC\Deployement period 3\2026-HC-BBC-A-B__2026-01-31_17-14-06.mp4,0.0,1.267,120.000,120.000,TW,BBC, 3,Macaroni,1.267,bucket inspection,information gain,bucket 2,,,,,STATE,2.300,3.567,1.267,teressa_sync_filtered_videos\HC-BBC\Deployement period 3\2026-HC-BBC-A-B__2026-01-31_17-14-06.mp4,138,214,,,,
2026-HC-BBC-A-B__2026-01-31_17-21-32,2026-07-14 16:31:07.333,,Media file,player #1:teressa_sync_filtered_videos\HC-BBC\Deployement period 3\2026-HC-BBC-A-B__2026-01-31_17-21-32.mp4,0.0,14.033,120.033,60.000,TW,BBC, 3,juvenile #1,12.899,bucket inspection,information gain,bucket 2,,,,,STATE,1.000,3.433,2.433,teressa_sync_filtered_videos\HC-BBC\Deployement period 3\2026-HC-BBC-A-B__2026-01-31_17-21-32.mp4,50,172,,,,
2026-HC-BBC-A-B__2026-01-31_17-21-32,2026-07-14 16:31:07.333,,Media file,player #1:teressa_sync_filtered_videos\HC-BBC\Deployement period 3\2026-HC-BBC-A-B__2026-01-31_17-21-32.mp4,0.0,14.033,120.033,60.000,TW,BBC, 3,juvenile #1,12.899,bucket rummaging,information gain,bucket 2,,,,,STATE,3.500,9.400,5.900,teressa_sync_filtered_videos\HC-BBC\Deployement period 3\2026-HC-BBC-A-B__2026-01-31_17-21-32.mp4,175,470,,,,
2026-HC-BBC-A-B__2026-01-31_17-21-32,2026-07-14 16:31:07.333,,Media file,player #1:teressa_sync_filtered_videos\HC-BBC\Deployement period 3\2026-HC-BBC-A-B__2026-01-31_17-21-32.mp4,0.0,14.033,120.033,60.000,TW,BBC, 3,juvenile #1,12.899,batch processing,food handling,2HC,0HC,0HC,None,bucket 2,STATE,9.500,11.133,1.633,teressa_sync_filtered_videos\HC-BBC\Deployement period 3\2026-HC-BBC-A-B__2026-01-31_17-21-32.mp4,475,557,,,,
2026-HC-BBC-A-B__2026-01-31_17-21-32,2026-07-14 16:31:07.333,,Media file,player #1:teressa_sync_filtered_videos\HC-BBC\Deployement period 3\2026-HC-BBC-A-B__2026-01-31_17-21-32.mp4,0.0,14.033,120.033,60.000,TW,BBC, 3,juvenile #1,12.899,2HC in batch processing,food handling,bucket 2,None,,,,STATE,9.500,11.100,1.600,teressa_sync_filtered_videos\HC-BBC\Deployement period 3\2026-HC-BBC-A-B__2026-01-31_17-21-32.mp4,475,555,,,,
2026-HC-BBC-A-B__2026-01-31_17-21-32,2026-07-14 16:31:07.333,,Media file,player #1:teressa_sync_filtered_videos\HC-BBC\Deployement period 3\2026-HC-BBC-A-B__2026-01-31_17-21-32.mp4,0.0,14.033,120.033,60.000,TW,BBC, 3,juvenile #1,12.899,bucket inspection,information gain,bucket 1,,,,,STATE,13.700,15.033,1.333,teressa_sync_filtered_videos\HC-BBC\Deployement period 3\2026-HC-BBC-A-B__2026-01-31_17-21-32.mp4,685,752,,,,
2026-HC-BBC-A-B__2026-01-31_17-23-37,2026-07-14 16:31:29.203,,Media file,player #1:teressa_sync_filtered_videos\HC-BBC\Deployement period 3\2026-HC-BBC-A-B__2026-01-31_17-23-37.mp4,0.0,2.966,121.533,60.000,TW,BBC, 3,Luigi,2.965,handling HC,food handling,None,None,None,None,None,STATE,69.967,72.932,2.965,teressa_sync_filtered_videos\HC-BBC\Deployement period 3\2026-HC-BBC-A-B__2026-01-31_17-23-37.mp4,3481,NA,,,,etna
2026-HC-BBC-A-B__2026-01-31_17-23-37,2026-07-14 16:31:29.203,,Media file,player #1:teressa_sync_filtered_videos\HC-BBC\Deployement period 3\2026-HC-BBC-A-B__2026-01-31_17-23-37.mp4,0.0,2.966,121.533,60.000,TW,BBC, 3,Luigi,2.965,reduced visibility,status,,,,,,POINT,72.933,72.933,NA,teressa_sync_filtered_videos\HC-BBC\Deployement period 3\2026-HC-BBC-A-B__2026-01-31_17-23-37.mp4,3628,3628,,,,
2026-HC-BBC-A-B__2026-01-31_17-26-49,2026-07-14 16:31:54.432,,Media file,player #1:teressa_sync_filtered_videos\HC-BBC\Deployement period 3\2026-HC-BBC-A-B__2026-01-31_17-26-49.mp4,0.0,3.200,157.967,30.000,TW,BBC, 3,juvenile #1,2.2,needs rechecked,user notes,subject ID,,,,,POINT,121.367,121.367,NA,teressa_sync_filtered_videos\HC-BBC\Deployement period 3\2026-HC-BBC-A-B__2026-01-31_17-26-49.mp4,3642,3642,,,,
2026-HC-BBC-A-B__2026-01-31_17-26-49,2026-07-14 16:31:54.432,,Media file,player #1:teressa_sync_filtered_videos\HC-BBC\Deployement period 3\2026-HC-BBC-A-B__2026-01-31_17-26-49.mp4,0.0,3.200,157.967,30.000,TW,BBC, 3,juvenile #1,2.2,bucket inspection,information gain,bucket 2,,,,,STATE,122.367,124.567,2.200,teressa_sync_filtered_videos\HC-BBC\Deployement period 3\2026-HC-BBC-A-B__2026-01-31_17-26-49.mp4,3672,3738,,,,
2026-HC-BBC-A-B__2026-01-31_17-35-54,2026-07-14 16:32:14.550,,Media file,player #1:teressa_sync_filtered_videos\HC-BBC\Deployement period 3\2026-HC-BBC-A-B__2026-01-31_17-35-54.mp4,0.0,0.000,120.167,30.000,TW,BBC, 3,unknown #1,0.0,point of interest/general comment,user notes,other - comment,,,,,POINT,1.067,1.067,NA,teressa_sync_filtered_videos\HC-BBC\Deployement period 3\2026-HC-BBC-A-B__2026-01-31_17-35-54.mp4,32,32,,,nca,
2026-HC-BBC-A-B__2026-01-31_17-44-04,2026-07-14 16:32:42.580,,Media file,player #1:teressa_sync_filtered_videos\HC-BBC\Deployement period 3\2026-HC-BBC-A-B__2026-01-31_17-44-04.mp4,0.0,0.000,133.900,30.000,TW,BBC, 3,unknown #1,0.0,point of interest/general comment,user notes,other - comment,,,,,POINT,0.667,0.667,NA,teressa_sync_filtered_videos\HC-BBC\Deployement period 3\2026-HC-BBC-A-B__2026-01-31_17-44-04.mp4,26,26,,,nca,
2026-HC-BBC-A-B__2026-01-31_17-46-34,2026-07-14 16:33:20.113,,Media file,player #1:teressa_sync_filtered_videos\HC-BBC\Deployement period 3\2026-HC-BBC-A-B__2026-01-31_17-46-34.mp4,0.0,4.967,128.633,30.000,TW,BBC, 3,Macaroni,5.966,bucket inspection,information gain,bucket 1,,,,,STATE,3.300,4.467,1.167,teressa_sync_filtered_videos\HC-BBC\Deployement period 3\2026-HC-BBC-A-B__2026-01-31_17-46-34.mp4,161,217,,,,
2026-HC-BBC-A-B__2026-01-31_17-46-34,2026-07-14 16:33:20.113,,Media file,player #1:teressa_sync_filtered_videos\HC-BBC\Deployement period 3\2026-HC-BBC-A-B__2026-01-31_17-46-34.mp4,0.0,4.967,128.633,30.000,TW,BBC, 3,Macaroni,5.966,handling HC,food handling,None,None,None,None,None,STATE,4.767,8.266,3.499,teressa_sync_filtered_videos\HC-BBC\Deployement period 3\2026-HC-BBC-A-B__2026-01-31_17-46-34.mp4,232,NA,,,,etna
2026-HC-BBC-A-B__2026-01-31_17-46-34,2026-07-14 16:33:20.113,,Media file,player #1:teressa_sync_filtered_videos\HC-BBC\Deployement period 3\2026-HC-BBC-A-B__2026-01-31_17-46-34.mp4,0.0,4.967,128.633,30.000,TW,BBC, 3,Macaroni,5.966,smells held HC,information gain,None,,,,,STATE,5.567,6.867,1.300,teressa_sync_filtered_videos\HC-BBC\Deployement period 3\2026-HC-BBC-A-B__2026-01-31_17-46-34.mp4,271,334,,,,
2026-HC-BBC-A-B__2026-01-31_17-46-34,2026-07-14 16:33:20.113,,Media file,player #1:teressa_sync_filtered_videos\HC-BBC\Deployement period 3\2026-HC-BBC-A-B__2026-01-31_17-46-34.mp4,0.0,4.967,128.633,30.000,TW,BBC, 3,Macaroni,5.966,reduced visibility,status,,,,,,POINT,8.267,8.267,NA,teressa_sync_filtered_videos\HC-BBC\Deployement period 3\2026-HC-BBC-A-B__2026-01-31_17-46-34.mp4,402,402,,,,
2026-HC-BBC-A-B__2026-01-31_17-56-26,2026-07-14 16:33:47.660,,Media file,player #1:teressa_sync_filtered_videos\HC-BBC\Deployement period 3\2026-HC-BBC-A-B__2026-01-31_17-56-26.mp4,0.0,36.233,180.667,30.000,TW,BBC, 3,Rogi,2.5,bucket inspection,information gain,bucket 1,,,,,STATE,64.967,66.000,1.033,teressa_sync_filtered_videos\HC-BBC\Deployement period 3\2026-HC-BBC-A-B__2026-01-31_17-56-26.mp4,1949,1980,,,,
2026-HC-BBC-A-B__2026-01-31_17-56-26,2026-07-14 16:33:47.660,,Media file,player #1:teressa_sync_filtered_videos\HC-BBC\Deployement period 3\2026-HC-BBC-A-B__2026-01-31_17-56-26.mp4,0.0,36.233,180.667,30.000,TW,BBC, 3,Rogi,2.5,bucket inspection,information gain,bucket 2,,,,,STATE,99.733,101.200,1.467,teressa_sync_filtered_videos\HC-BBC\Deployement period 3\2026-HC-BBC-A-B__2026-01-31_17-56-26.mp4,2992,3036,,,,
2026-HC-BBC-A-B__2026-01-31_18-10-33,2026-07-14 16:34:09.694,,Media file,player #1:teressa_sync_filtered_videos\HC-BBC\Deployement period 3\2026-HC-BBC-A-B__2026-01-31_18-10-33.mp4,0.0,2.867,178.933,30.000,TW,BBC, 3,Luigi,2.8,bucket inspection,information gain,bucket 1,,,,,STATE,123.100,124.100,1.000,teressa_sync_filtered_videos\HC-BBC\Deployement period 3\2026-HC-BBC-A-B__2026-01-31_18-10-33.mp4,5345,5388,,,,
2026-HC-BBC-A-B__2026-01-31_18-10-33,2026-07-14 16:34:09.694,,Media file,player #1:teressa_sync_filtered_videos\HC-BBC\Deployement period 3\2026-HC-BBC-A-B__2026-01-31_18-10-33.mp4,0.0,2.867,178.933,30.000,TW,BBC, 3,Luigi,2.8,bucket rummaging,information gain,bucket 1,,,,,STATE,124.167,125.967,1.800,teressa_sync_filtered_videos\HC-BBC\Deployement period 3\2026-HC-BBC-A-B__2026-01-31_18-10-33.mp4,5391,5469,,,,
2026-HC-BBC-A-B__2026-01-31_18-37-34,2026-07-14 16:34:38.830,,Media file,player #1:teressa_sync_filtered_videos\HC-BBC\Deployement period 3\2026-HC-BBC-A-B__2026-01-31_18-37-34.mp4,0.0,0.000,121.800,30.000,TW,BBC, 3,unknown #1,0.0,point of interest/general comment,user notes,other - comment,,,,,POINT,1.100,1.100,NA,teressa_sync_filtered_videos\HC-BBC\Deployement period 3\2026-HC-BBC-A-B__2026-01-31_18-37-34.mp4,44,44,,,nca,
2026-HC-BBC-A-B__2026-02-04_10-22-10,2026-07-14 16:35:12.107,,Media file,player #1:teressa_sync_filtered_videos\HC-BBC\Deployement period 3\2026-HC-BBC-A-B__2026-02-04_10-22-10.mp4,0.0,116.166,124.733,30.000,TW,BBC, 3,Bob,102.732,bucket inspection,information gain,bucket 1,,,,,STATE,8.567,11.800,3.233,teressa_sync_filtered_videos\HC-BBC\Deployement period 3\2026-HC-BBC-A-B__2026-02-04_10-22-10.mp4,422,581,,,,
2026-HC-BBC-A-B__2026-02-04_10-22-10,2026-07-14 16:35:12.107,,Media file,player #1:teressa_sync_filtered_videos\HC-BBC\Deployement period 3\2026-HC-BBC-A-B__2026-02-04_10-22-10.mp4,0.0,116.166,124.733,30.000,TW,BBC, 3,Bob,102.732,bucket rummaging,information gain,bucket 1,,,,,STATE,11.900,14.333,2.433,teressa_sync_filtered_videos\HC-BBC\Deployement period 3\2026-HC-BBC-A-B__2026-02-04_10-22-10.mp4,586,706,,,,
2026-HC-BBC-A-B__2026-02-04_10-22-10,2026-07-14 16:35:12.107,,Media file,player #1:teressa_sync_filtered_videos\HC-BBC\Deployement period 3\2026-HC-BBC-A-B__2026-02-04_10-22-10.mp4,0.0,116.166,124.733,30.000,TW,BBC, 3,Bob,102.732,handling HC,food handling,None,bucket 1,None,None,None,STATE,14.400,66.500,52.100,teressa_sync_filtered_videos\HC-BBC\Deployement period 3\2026-HC-BBC-A-B__2026-02-04_10-22-10.mp4,709,3275,,,,
2026-HC-BBC-A-B__2026-02-04_10-22-10,2026-07-14 16:35:12.107,,Media file,player #1:teressa_sync_filtered_videos\HC-BBC\Deployement period 3\2026-HC-BBC-A-B__2026-02-04_10-22-10.mp4,0.0,116.166,124.733,30.000,TW,BBC, 3,Bob,102.732,manipulate with hand(s),food processing - non-tool use,pull with hand,None,,,,STATE,15.167,17.133,1.966,teressa_sync_filtered_videos\HC-BBC\Deployement period 3\2026-HC-BBC-A-B__2026-02-04_10-22-10.mp4,747,844,,,,
2026-HC-BBC-A-B__2026-02-04_10-22-10,2026-07-14 16:35:12.107,,Media file,player #1:teressa_sync_filtered_videos\HC-BBC\Deployement period 3\2026-HC-BBC-A-B__2026-02-04_10-22-10.mp4,0.0,116.166,124.733,30.000,TW,BBC, 3,Bob,102.732,other behavior/modifier,user notes,None,,,,,POINT,18.067,18.067,NA,teressa_sync_filtered_videos\HC-BBC\Deployement period 3\2026-HC-BBC-A-B__2026-02-04_10-22-10.mp4,890,890,,,bite shell,
2026-HC-BBC-A-B__2026-02-04_10-22-10,2026-07-14 16:35:12.107,,Media file,player #1:teressa_sync_filtered_videos\HC-BBC\Deployement period 3\2026-HC-BBC-A-B__2026-02-04_10-22-10.mp4,0.0,116.166,124.733,30.000,TW,BBC, 3,Bob,102.732,point of interest/general comment,user notes,other - comment,,,,,POINT,25.633,25.633,NA,teressa_sync_filtered_videos\HC-BBC\Deployement period 3\2026-HC-BBC-A-B__2026-02-04_10-22-10.mp4,1262,1262,,,limited visibility,
2026-HC-BBC-A-B__2026-02-04_10-22-10,2026-07-14 16:35:12.107,,Media file,player #1:teressa_sync_filtered_videos\HC-BBC\Deployement period 3\2026-HC-BBC-A-B__2026-02-04_10-22-10.mp4,0.0,116.166,124.733,30.000,TW,BBC, 3,Bob,102.732,releases HC,food handling,arena wood anvil,unknown/other,,,,POINT,43.667,43.667,NA,teressa_sync_filtered_videos\HC-BBC\Deployement period 3\2026-HC-BBC-A-B__2026-02-04_10-22-10.mp4,2150,2150,,,,
2026-HC-BBC-A-B__2026-02-04_10-22-10,2026-07-14 16:35:12.107,,Media file,player #1:teressa_sync_filtered_videos\HC-BBC\Deployement period 3\2026-HC-BBC-A-B__2026-02-04_10-22-10.mp4,0.0,116.166,124.733,30.000,TW,BBC, 3,Bob,102.732,hammerstone grab,food processing - tool use,large,by/on arena wood,yes,,,POINT,45.067,45.067,NA,teressa_sync_filtered_videos\HC-BBC\Deployement period 3\2026-HC-BBC-A-B__2026-02-04_10-22-10.mp4,2219,2219,,,,
2026-HC-BBC-A-B__2026-02-04_10-22-10,2026-07-14 16:35:12.107,,Media file,player #1:teressa_sync_filtered_videos\HC-BBC\Deployement period 3\2026-HC-BBC-A-B__2026-02-04_10-22-10.mp4,0.0,116.166,124.733,30.000,TW,BBC, 3,Bob,102.732,pound with hammerstone,food processing - tool use,arena wood,None,None,,,POINT,45.867,45.867,NA,teressa_sync_filtered_videos\HC-BBC\Deployement period 3\2026-HC-BBC-A-B__2026-02-04_10-22-10.mp4,2259,2259,,,,
2026-HC-BBC-A-B__2026-02-04_10-22-10,2026-07-14 16:35:12.107,,Media file,player #1:teressa_sync_filtered_videos\HC-BBC\Deployement period 3\2026-HC-BBC-A-B__2026-02-04_10-22-10.mp4,0.0,116.166,124.733,30.000,TW,BBC, 3,Bob,102.732,eats HC,food processing,,,,,,POINT,49.067,49.067,NA,teressa_sync_filtered_videos\HC-BBC\Deployement period 3\2026-HC-BBC-A-B__2026-02-04_10-22-10.mp4,2416,2416,,,,
2026-HC-BBC-A-B__2026-02-04_10-22-10,2026-07-14 16:35:12.107,,Media file,player #1:teressa_sync_filtered_videos\HC-BBC\Deployement period 3\2026-HC-BBC-A-B__2026-02-04_10-22-10.mp4,0.0,116.166,124.733,30.000,TW,BBC, 3,Bob,102.732,eats HC,food processing,,,,,,POINT,54.467,54.467,NA,teressa_sync_filtered_videos\HC-BBC\Deployement period 3\2026-HC-BBC-A-B__2026-02-04_10-22-10.mp4,2682,2682,,,,
2026-HC-BBC-A-B__2026-02-04_10-22-10,2026-07-14 16:35:12.107,,Media file,player #1:teressa_sync_filtered_videos\HC-BBC\Deployement period 3\2026-HC-BBC-A-B__2026-02-04_10-22-10.mp4,0.0,116.166,124.733,30.000,TW,BBC, 3,Bob,102.732,eats HC,food processing,,,,,,POINT,63.833,63.833,NA,teressa_sync_filtered_videos\HC-BBC\Deployement period 3\2026-HC-BBC-A-B__2026-02-04_10-22-10.mp4,3144,3144,,,,
2026-HC-BBC-A-B__2026-02-04_10-22-10,2026-07-14 16:35:12.107,,Media file,player #1:teressa_sync_filtered_videos\HC-BBC\Deployement period 3\2026-HC-BBC-A-B__2026-02-04_10-22-10.mp4,0.0,116.166,124.733,30.000,TW,BBC, 3,Bob,102.732,eats HC,food processing,,,,,,POINT,66.400,66.400,NA,teressa_sync_filtered_videos\HC-BBC\Deployement period 3\2026-HC-BBC-A-B__2026-02-04_10-22-10.mp4,3270,3270,,,,
2026-HC-BBC-A-B__2026-02-04_10-22-10,2026-07-14 16:35:12.107,,Media file,player #1:teressa_sync_filtered_videos\HC-BBC\Deployement period 3\2026-HC-BBC-A-B__2026-02-04_10-22-10.mp4,0.0,116.166,124.733,30.000,TW,BBC, 3,Bob,102.732,releases HC,food handling,None,success/eaten,,,,POINT,66.500,66.500,NA,teressa_sync_filtered_videos\HC-BBC\Deployement period 3\2026-HC-BBC-A-B__2026-02-04_10-22-10.mp4,3275,3275,,,,
2026-HC-BBC-A-B__2026-02-04_10-22-10,2026-07-14 16:35:12.107,,Media file,player #1:teressa_sync_filtered_videos\HC-BBC\Deployement period 3\2026-HC-BBC-A-B__2026-02-04_10-22-10.mp4,0.0,116.166,124.733,30.000,TW,BBC, 3,Bob,102.732,bucket rummaging,information gain,bucket 1,,,,,STATE,67.067,75.933,8.866,teressa_sync_filtered_videos\HC-BBC\Deployement period 3\2026-HC-BBC-A-B__2026-02-04_10-22-10.mp4,3303,3739,,,,
2026-HC-BBC-A-B__2026-02-04_10-22-10,2026-07-14 16:35:12.107,,Media file,player #1:teressa_sync_filtered_videos\HC-BBC\Deployement period 3\2026-HC-BBC-A-B__2026-02-04_10-22-10.mp4,0.0,116.166,124.733,30.000,TW,BBC, 3,Bob,102.732,bucket inspection,information gain,bucket 1,,,,,STATE,78.067,81.767,3.700,teressa_sync_filtered_videos\HC-BBC\Deployement period 3\2026-HC-BBC-A-B__2026-02-04_10-22-10.mp4,3845,4027,,,,
2026-HC-BBC-A-B__2026-02-04_10-22-10,2026-07-14 16:35:12.107,,Media file,player #1:teressa_sync_filtered_videos\HC-BBC\Deployement period 3\2026-HC-BBC-A-B__2026-02-04_10-22-10.mp4,0.0,116.166,124.733,30.000,TW,BBC, 3,Bob,102.732,bucket rummaging,information gain,bucket 1,,,,,STATE,81.867,81.967,0.100,teressa_sync_filtered_videos\HC-BBC\Deployement period 3\2026-HC-BBC-A-B__2026-02-04_10-22-10.mp4,4032,4037,,,,
2026-HC-BBC-A-B__2026-02-04_10-22-10,2026-07-14 16:35:12.107,,Media file,player #1:teressa_sync_filtered_videos\HC-BBC\Deployement period 3\2026-HC-BBC-A-B__2026-02-04_10-22-10.mp4,0.0,116.166,124.733,30.000,TW,BBC, 3,Bob,102.732,bucket rummaging,information gain,bucket 1,,,,,STATE,92.433,92.600,0.167,teressa_sync_filtered_videos\HC-BBC\Deployement period 3\2026-HC-BBC-A-B__2026-02-04_10-22-10.mp4,4552,4560,,,,
2026-HC-BBC-A-B__2026-02-04_10-22-10,2026-07-14 16:35:12.107,,Media file,player #1:teressa_sync_filtered_videos\HC-BBC\Deployement period 3\2026-HC-BBC-A-B__2026-02-04_10-22-10.mp4,0.0,116.166,124.733,30.000,TW,BBC, 3,Bob,102.732,bucket rummaging,information gain,bucket 1,,,,,STATE,95.433,97.867,2.434,teressa_sync_filtered_videos\HC-BBC\Deployement period 3\2026-HC-BBC-A-B__2026-02-04_10-22-10.mp4,4700,4820,,,,
2026-HC-BBC-A-B__2026-02-04_10-22-10,2026-07-14 16:35:12.107,,Media file,player #1:teressa_sync_filtered_videos\HC-BBC\Deployement period 3\2026-HC-BBC-A-B__2026-02-04_10-22-10.mp4,0.0,116.166,124.733,30.000,TW,BBC, 3,Bob,102.732,handling HC,food handling,None,bucket 1,None,None,None,STATE,97.900,124.733,26.833,teressa_sync_filtered_videos\HC-BBC\Deployement period 3\2026-HC-BBC-A-B__2026-02-04_10-22-10.mp4,4821,NA,,,,Event automatically added by the fix unpaired state events function
2026-HC-BBC-A-B__2026-02-04_10-22-10,2026-07-14 16:35:12.107,,Media file,player #1:teressa_sync_filtered_videos\HC-BBC\Deployement period 3\2026-HC-BBC-A-B__2026-02-04_10-22-10.mp4,0.0,116.166,124.733,30.000,TW,BBC, 3,Bob,102.732,hit/pound on surface,food processing,arena stone anvil,,,,,POINT,101.400,101.400,NA,teressa_sync_filtered_videos\HC-BBC\Deployement period 3\2026-HC-BBC-A-B__2026-02-04_10-22-10.mp4,4994,4994,,,,
2026-HC-BBC-A-B__2026-02-04_10-22-10,2026-07-14 16:35:12.107,,Media file,player #1:teressa_sync_filtered_videos\HC-BBC\Deployement period 3\2026-HC-BBC-A-B__2026-02-04_10-22-10.mp4,0.0,116.166,124.733,30.000,TW,BBC, 3,Bob,102.732,hit/pound on surface,food processing,None,,,,,POINT,102.300,102.300,NA,teressa_sync_filtered_videos\HC-BBC\Deployement period 3\2026-HC-BBC-A-B__2026-02-04_10-22-10.mp4,5038,5038,,,,
2026-HC-BBC-A-B__2026-02-04_10-22-10,2026-07-14 16:35:12.107,,Media file,player #1:teressa_sync_filtered_videos\HC-BBC\Deployement period 3\2026-HC-BBC-A-B__2026-02-04_10-22-10.mp4,0.0,116.166,124.733,30.000,TW,BBC, 3,Bob,102.732,hit/pound on surface,food processing,None,,,,,POINT,102.600,102.600,NA,teressa_sync_filtered_videos\HC-BBC\Deployement period 3\2026-HC-BBC-A-B__2026-02-04_10-22-10.mp4,5053,5053,,,,
2026-HC-BBC-A-B__2026-02-04_10-22-10,2026-07-14 16:35:12.107,,Media file,player #1:teressa_sync_filtered_videos\HC-BBC\Deployement period 3\2026-HC-BBC-A-B__2026-02-04_10-22-10.mp4,0.0,116.166,124.733,30.000,TW,BBC, 3,Bob,102.732,hammerstone grab,food processing - tool use,small,by/on arena stone,yes,,,POINT,104.433,104.433,NA,teressa_sync_filtered_videos\HC-BBC\Deployement period 3\2026-HC-BBC-A-B__2026-02-04_10-22-10.mp4,5143,5143,,,,
2026-HC-BBC-A-B__2026-02-04_10-22-10,2026-07-14 16:35:12.107,,Media file,player #1:teressa_sync_filtered_videos\HC-BBC\Deployement period 3\2026-HC-BBC-A-B__2026-02-04_10-22-10.mp4,0.0,116.166,124.733,30.000,TW,BBC, 3,Bob,102.732,pound with hammerstone,food processing - tool use,arena stone,None,None,,,POINT,105.100,105.100,NA,teressa_sync_filtered_videos\HC-BBC\Deployement period 3\2026-HC-BBC-A-B__2026-02-04_10-22-10.mp4,5176,5176,,,,
2026-HC-BBC-A-B__2026-02-04_10-22-10,2026-07-14 16:35:12.107,,Media file,player #1:teressa_sync_filtered_videos\HC-BBC\Deployement period 3\2026-HC-BBC-A-B__2026-02-04_10-22-10.mp4,0.0,116.166,124.733,30.000,TW,BBC, 3,Bob,102.732,manipulate with hand(s),food processing - non-tool use,pull with hand,None,,,,STATE,106.467,107.367,0.900,teressa_sync_filtered_videos\HC-BBC\Deployement period 3\2026-HC-BBC-A-B__2026-02-04_10-22-10.mp4,5243,5287,,,,
2026-HC-BBC-A-B__2026-02-04_10-22-10,2026-07-14 16:35:12.107,,Media file,player #1:teressa_sync_filtered_videos\HC-BBC\Deployement period 3\2026-HC-BBC-A-B__2026-02-04_10-22-10.mp4,0.0,116.166,124.733,30.000,TW,BBC, 3,Bob,102.732,eats HC,food processing,,,,,,POINT,107.600,107.600,NA,teressa_sync_filtered_videos\HC-BBC\Deployement period 3\2026-HC-BBC-A-B__2026-02-04_10-22-10.mp4,5299,5299,,,,
2026-HC-BBC-A-B__2026-02-04_10-22-10,2026-07-14 16:35:12.107,,Media file,player #1:teressa_sync_filtered_videos\HC-BBC\Deployement period 3\2026-HC-BBC-A-B__2026-02-04_10-22-10.mp4,0.0,116.166,124.733,30.000,TW,BBC, 3,Bob,102.732,eats HC,food processing,,,,,,POINT,110.367,110.367,NA,teressa_sync_filtered_videos\HC-BBC\Deployement period 3\2026-HC-BBC-A-B__2026-02-04_10-22-10.mp4,5435,5435,,,,
2026-HC-BBC-A-B__2026-02-04_10-22-10,2026-07-14 16:35:12.107,,Media file,player #1:teressa_sync_filtered_videos\HC-BBC\Deployement period 3\2026-HC-BBC-A-B__2026-02-04_10-22-10.mp4,0.0,116.166,124.733,30.000,TW,BBC, 3,Bob,102.732,eats HC,food processing,,,,,,POINT,115.100,115.100,NA,teressa_sync_filtered_videos\HC-BBC\Deployement period 3\2026-HC-BBC-A-B__2026-02-04_10-22-10.mp4,5668,5668,,,,
2026-HC-BBC-A-B__2026-02-04_10-22-10,2026-07-14 16:35:12.107,,Media file,player #1:teressa_sync_filtered_videos\HC-BBC\Deployement period 3\2026-HC-BBC-A-B__2026-02-04_10-22-10.mp4,0.0,116.166,124.733,30.000,TW,BBC, 3,Bob,102.732,eats HC,food processing,,,,,,POINT,117.267,117.267,NA,teressa_sync_filtered_videos\HC-BBC\Deployement period 3\2026-HC-BBC-A-B__2026-02-04_10-22-10.mp4,5775,5775,,,,
2026-HC-BBC-A-B__2026-02-04_10-22-10,2026-07-14 16:35:12.107,,Media file,player #1:teressa_sync_filtered_videos\HC-BBC\Deployement period 3\2026-HC-BBC-A-B__2026-02-04_10-22-10.mp4,0.0,116.166,124.733,30.000,TW,BBC, 3,Bob,102.732,eats HC,food processing,,,,,,POINT,122.100,122.100,NA,teressa_sync_filtered_videos\HC-BBC\Deployement period 3\2026-HC-BBC-A-B__2026-02-04_10-22-10.mp4,6013,6013,,,,
2026-HC-BBC-A-B__2026-02-04_10-24-17,2026-07-14 16:35:38.613,,Media file,player #1:teressa_sync_filtered_videos\HC-BBC\Deployement period 3\2026-HC-BBC-A-B__2026-02-04_10-24-17.mp4,0.0,53.967,120.333,60.000,TW,BBC, 3,Bob,43.6,bucket inspection,information gain,bucket 1,,,,,STATE,3.100,8.700,5.600,teressa_sync_filtered_videos\HC-BBC\Deployement period 3\2026-HC-BBC-A-B__2026-02-04_10-24-17.mp4,155,435,,,,
2026-HC-BBC-A-B__2026-02-04_10-24-17,2026-07-14 16:35:38.613,,Media file,player #1:teressa_sync_filtered_videos\HC-BBC\Deployement period 3\2026-HC-BBC-A-B__2026-02-04_10-24-17.mp4,0.0,53.967,120.333,60.000,TW,BBC, 3,Bob,43.6,bucket rummaging,information gain,bucket 1,,,,,STATE,8.700,10.600,1.900,teressa_sync_filtered_videos\HC-BBC\Deployement period 3\2026-HC-BBC-A-B__2026-02-04_10-24-17.mp4,435,529,,,,
2026-HC-BBC-A-B__2026-02-04_10-24-17,2026-07-14 16:35:38.613,,Media file,player #1:teressa_sync_filtered_videos\HC-BBC\Deployement period 3\2026-HC-BBC-A-B__2026-02-04_10-24-17.mp4,0.0,53.967,120.333,60.000,TW,BBC, 3,Bob,43.6,handling HC,food handling,None,None,None,None,None,STATE,14.667,27.800,13.133,teressa_sync_filtered_videos\HC-BBC\Deployement period 3\2026-HC-BBC-A-B__2026-02-04_10-24-17.mp4,733,1389,,,,
2026-HC-BBC-A-B__2026-02-04_10-24-17,2026-07-14 16:35:38.613,,Media file,player #1:teressa_sync_filtered_videos\HC-BBC\Deployement period 3\2026-HC-BBC-A-B__2026-02-04_10-24-17.mp4,0.0,53.967,120.333,60.000,TW,BBC, 3,Bob,43.6,other behavior/modifier,user notes,None,,,,,POINT,15.933,15.933,NA,teressa_sync_filtered_videos\HC-BBC\Deployement period 3\2026-HC-BBC-A-B__2026-02-04_10-24-17.mp4,796,796,,,bite shell,
2026-HC-BBC-A-B__2026-02-04_10-24-17,2026-07-14 16:35:38.613,,Media file,player #1:teressa_sync_filtered_videos\HC-BBC\Deployement period 3\2026-HC-BBC-A-B__2026-02-04_10-24-17.mp4,0.0,53.967,120.333,60.000,TW,BBC, 3,Bob,43.6,eats HC,food processing,,,,,,POINT,19.267,19.267,NA,teressa_sync_filtered_videos\HC-BBC\Deployement period 3\2026-HC-BBC-A-B__2026-02-04_10-24-17.mp4,962,962,,,,
2026-HC-BBC-A-B__2026-02-04_10-24-17,2026-07-14 16:35:38.613,,Media file,player #1:teressa_sync_filtered_videos\HC-BBC\Deployement period 3\2026-HC-BBC-A-B__2026-02-04_10-24-17.mp4,0.0,53.967,120.333,60.000,TW,BBC, 3,Bob,43.6,releases HC,food handling,None,success/eaten,,,,POINT,27.800,27.800,NA,teressa_sync_filtered_videos\HC-BBC\Deployement period 3\2026-HC-BBC-A-B__2026-02-04_10-24-17.mp4,1389,1389,,,,
2026-HC-BBC-A-B__2026-02-04_10-24-17,2026-07-14 16:35:38.613,,Media file,player #1:teressa_sync_filtered_videos\HC-BBC\Deployement period 3\2026-HC-BBC-A-B__2026-02-04_10-24-17.mp4,0.0,53.967,120.333,60.000,TW,BBC, 3,Bob,43.6,bucket inspection,information gain,bucket 2,,,,,STATE,28.800,30.733,1.933,teressa_sync_filtered_videos\HC-BBC\Deployement period 3\2026-HC-BBC-A-B__2026-02-04_10-24-17.mp4,1439,1535,,,,
2026-HC-BBC-A-B__2026-02-04_10-24-17,2026-07-14 16:35:38.613,,Media file,player #1:teressa_sync_filtered_videos\HC-BBC\Deployement period 3\2026-HC-BBC-A-B__2026-02-04_10-24-17.mp4,0.0,53.967,120.333,60.000,TW,BBC, 3,Bob,43.6,bucket rummaging,information gain,bucket 2,,,,,STATE,30.800,31.000,0.200,teressa_sync_filtered_videos\HC-BBC\Deployement period 3\2026-HC-BBC-A-B__2026-02-04_10-24-17.mp4,1538,1548,,,,
2026-HC-BBC-A-B__2026-02-04_10-24-17,2026-07-14 16:35:38.613,,Media file,player #1:teressa_sync_filtered_videos\HC-BBC\Deployement period 3\2026-HC-BBC-A-B__2026-02-04_10-24-17.mp4,0.0,53.967,120.333,60.000,TW,BBC, 3,Bob,43.6,bucket inspection,information gain,bucket 2,,,,,STATE,31.033,34.100,3.067,teressa_sync_filtered_videos\HC-BBC\Deployement period 3\2026-HC-BBC-A-B__2026-02-04_10-24-17.mp4,1550,1703,,,,
2026-HC-BBC-A-B__2026-02-04_10-24-17,2026-07-14 16:35:38.613,,Media file,player #1:teressa_sync_filtered_videos\HC-BBC\Deployement period 3\2026-HC-BBC-A-B__2026-02-04_10-24-17.mp4,0.0,53.967,120.333,60.000,TW,BBC, 3,Bob,43.6,bucket rummaging,information gain,bucket 2,,,,,STATE,34.133,34.233,0.100,teressa_sync_filtered_videos\HC-BBC\Deployement period 3\2026-HC-BBC-A-B__2026-02-04_10-24-17.mp4,1705,1710,,,,
2026-HC-BBC-A-B__2026-02-04_10-24-17,2026-07-14 16:35:38.613,,Media file,player #1:teressa_sync_filtered_videos\HC-BBC\Deployement period 3\2026-HC-BBC-A-B__2026-02-04_10-24-17.mp4,0.0,53.967,120.333,60.000,TW,BBC, 3,Bob,43.6,bucket inspection,information gain,bucket 1,,,,,STATE,37.367,44.167,6.800,teressa_sync_filtered_videos\HC-BBC\Deployement period 3\2026-HC-BBC-A-B__2026-02-04_10-24-17.mp4,1866,2206,,,,
2026-HC-BBC-A-B__2026-02-04_10-24-17,2026-07-14 16:35:38.613,,Media file,player #1:teressa_sync_filtered_videos\HC-BBC\Deployement period 3\2026-HC-BBC-A-B__2026-02-04_10-24-17.mp4,0.0,53.967,120.333,60.000,TW,BBC, 3,Bob,43.6,bucket rummaging,information gain,bucket 1,,,,,STATE,44.200,44.300,0.100,teressa_sync_filtered_videos\HC-BBC\Deployement period 3\2026-HC-BBC-A-B__2026-02-04_10-24-17.mp4,2208,2213,,,,
2026-HC-BBC-A-B__2026-02-04_10-24-17,2026-07-14 16:35:38.613,,Media file,player #1:teressa_sync_filtered_videos\HC-BBC\Deployement period 3\2026-HC-BBC-A-B__2026-02-04_10-24-17.mp4,0.0,53.967,120.333,60.000,TW,BBC, 3,Bob,43.6,bucket inspection,information gain,bucket 1,,,,,STATE,45.100,49.400,4.300,teressa_sync_filtered_videos\HC-BBC\Deployement period 3\2026-HC-BBC-A-B__2026-02-04_10-24-17.mp4,2253,2468,,,,
2026-HC-BBC-A-B__2026-02-04_10-24-17,2026-07-14 16:35:38.613,,Media file,player #1:teressa_sync_filtered_videos\HC-BBC\Deployement period 3\2026-HC-BBC-A-B__2026-02-04_10-24-17.mp4,0.0,53.967,120.333,60.000,TW,BBC, 3,Bob,43.6,bucket rummaging,information gain,bucket 1,,,,,STATE,49.433,49.700,0.267,teressa_sync_filtered_videos\HC-BBC\Deployement period 3\2026-HC-BBC-A-B__2026-02-04_10-24-17.mp4,2469,2483,,,,
2026-HC-BBC-A-B__2026-02-04_10-24-17,2026-07-14 16:35:38.613,,Media file,player #1:teressa_sync_filtered_videos\HC-BBC\Deployement period 3\2026-HC-BBC-A-B__2026-02-04_10-24-17.mp4,0.0,53.967,120.333,60.000,TW,BBC, 3,Bob,43.6,bucket rummaging,information gain,bucket 1,,,,,STATE,50.733,53.567,2.834,teressa_sync_filtered_videos\HC-BBC\Deployement period 3\2026-HC-BBC-A-B__2026-02-04_10-24-17.mp4,2534,2676,,,,
2026-HC-BBC-A-B__2026-02-04_10-24-17,2026-07-14 16:35:38.613,,Media file,player #1:teressa_sync_filtered_videos\HC-BBC\Deployement period 3\2026-HC-BBC-A-B__2026-02-04_10-24-17.mp4,0.0,53.967,120.333,60.000,TW,BBC, 3,Bob,43.6,handling HC,food handling,None,bucket 1,None,None,None,STATE,53.700,57.066,3.366,teressa_sync_filtered_videos\HC-BBC\Deployement period 3\2026-HC-BBC-A-B__2026-02-04_10-24-17.mp4,2682,NA,,,,etna
2026-HC-BBC-A-B__2026-02-04_10-24-17,2026-07-14 16:35:38.613,,Media file,player #1:teressa_sync_filtered_videos\HC-BBC\Deployement period 3\2026-HC-BBC-A-B__2026-02-04_10-24-17.mp4,0.0,53.967,120.333,60.000,TW,BBC, 3,Bob,43.6,reduced visibility,status,,,,,,POINT,57.067,57.067,NA,teressa_sync_filtered_videos\HC-BBC\Deployement period 3\2026-HC-BBC-A-B__2026-02-04_10-24-17.mp4,2850,2850,,,,
2026-HC-BBC-A-B__2026-02-04_12-43-56,2026-07-14 16:35:56.787,,Media file,player #1:teressa_sync_filtered_videos\HC-BBC\Deployement period 3\2026-HC-BBC-A-B__2026-02-04_12-43-56.mp4,0.0,27.566,124.333,30.000,TW,BBC, 3,Bob,5.766,bucket inspection,information gain,bucket 2,,,,,STATE,6.567,8.933,2.366,teressa_sync_filtered_videos\HC-BBC\Deployement period 3\2026-HC-BBC-A-B__2026-02-04_12-43-56.mp4,324,440,,,,
2026-HC-BBC-A-B__2026-02-04_12-43-56,2026-07-14 16:35:56.787,,Media file,player #1:teressa_sync_filtered_videos\HC-BBC\Deployement period 3\2026-HC-BBC-A-B__2026-02-04_12-43-56.mp4,0.0,27.566,124.333,30.000,TW,BBC, 3,Bob,5.766,bucket inspection,information gain,bucket 1,,,,,STATE,30.733,34.133,3.400,teressa_sync_filtered_videos\HC-BBC\Deployement period 3\2026-HC-BBC-A-B__2026-02-04_12-43-56.mp4,1515,1683,,,,
2026-HC-BBC-A-B__2026-02-08_17-03-39,2026-07-19 19:43:56.416,,Media file,player #1:teressa_sync_filtered_videos\HC-BBC\Deployement period 4\2026-HC-BBC-A-B__2026-02-08_17-03-39.mp4,0.0,116.133,120.300,60.000,TW,BBC, 4,Bob,23.664,point of interest/general comment,user notes,other - comment,,,,,POINT,0.000,0.000,NA,teressa_sync_filtered_videos\HC-BBC\Deployement period 4\2026-HC-BBC-A-B__2026-02-08_17-03-39.mp4,0,0,,,alc,
2026-HC-BBC-A-B__2026-02-08_17-03-39,2026-07-19 19:43:56.416,,Media file,player #1:teressa_sync_filtered_videos\HC-BBC\Deployement period 4\2026-HC-BBC-A-B__2026-02-08_17-03-39.mp4,0.0,116.133,120.300,60.000,TW,BBC, 4,Bob,23.664,batch processing,food handling,3HC,0HC,0HC,None,bucket 1,STATE,11.800,21.266,9.466,teressa_sync_filtered_videos\HC-BBC\Deployement period 4\2026-HC-BBC-A-B__2026-02-08_17-03-39.mp4,472,NA,,,,etna
2026-HC-BBC-A-B__2026-02-08_17-03-39,2026-07-19 19:43:56.416,,Media file,player #1:teressa_sync_filtered_videos\HC-BBC\Deployement period 4\2026-HC-BBC-A-B__2026-02-08_17-03-39.mp4,0.0,116.133,120.300,60.000,TW,BBC, 4,Bob,23.664,2HC in batch processing,food handling,bucket 1,None,,,,STATE,14.167,21.266,7.099,teressa_sync_filtered_videos\HC-BBC\Deployement period 4\2026-HC-BBC-A-B__2026-02-08_17-03-39.mp4,566,NA,,,,etna
2026-HC-BBC-A-B__2026-02-08_17-03-39,2026-07-19 19:43:56.416,,Media file,player #1:teressa_sync_filtered_videos\HC-BBC\Deployement period 4\2026-HC-BBC-A-B__2026-02-08_17-03-39.mp4,0.0,116.133,120.300,60.000,TW,BBC, 4,Bob,23.664,3HC in batch processing,food handling,bucket 1,None,,,,STATE,14.167,21.266,7.099,teressa_sync_filtered_videos\HC-BBC\Deployement period 4\2026-HC-BBC-A-B__2026-02-08_17-03-39.mp4,566,NA,,,,etna
2026-HC-BBC-A-B__2026-02-08_17-03-39,2026-07-19 19:43:56.416,,Media file,player #1:teressa_sync_filtered_videos\HC-BBC\Deployement period 4\2026-HC-BBC-A-B__2026-02-08_17-03-39.mp4,0.0,116.133,120.300,60.000,TW,BBC, 4,Bob,23.664,reduced visibility,status,,,,,,POINT,21.267,21.267,NA,teressa_sync_filtered_videos\HC-BBC\Deployement period 4\2026-HC-BBC-A-B__2026-02-08_17-03-39.mp4,850,850,,,,
2026-HC-BBC-A-B__2026-02-08_17-03-39,2026-07-19 19:43:56.416,,Media file,player #1:teressa_sync_filtered_videos\HC-BBC\Deployement period 4\2026-HC-BBC-A-B__2026-02-08_17-03-39.mp4,0.0,116.133,120.300,60.000,TW,BBC, 4,adult male #1,38.331,handling HC,food handling,None,bucket 2,None,None,None,STATE,67.500,72.600,5.100,teressa_sync_filtered_videos\HC-BBC\Deployement period 4\2026-HC-BBC-A-B__2026-02-08_17-03-39.mp4,2699,2903,,,,
2026-HC-BBC-A-B__2026-02-08_17-03-39,2026-07-19 19:43:56.416,,Media file,player #1:teressa_sync_filtered_videos\HC-BBC\Deployement period 4\2026-HC-BBC-A-B__2026-02-08_17-03-39.mp4,0.0,116.133,120.300,60.000,TW,BBC, 4,adult male #1,38.331,manipulate with hand(s),food processing - non-tool use,pull with hand,None,,,,STATE,68.233,69.333,1.100,teressa_sync_filtered_videos\HC-BBC\Deployement period 4\2026-HC-BBC-A-B__2026-02-08_17-03-39.mp4,2728,2772,,,,
2026-HC-BBC-A-B__2026-02-08_17-03-39,2026-07-19 19:43:56.416,,Media file,player #1:teressa_sync_filtered_videos\HC-BBC\Deployement period 4\2026-HC-BBC-A-B__2026-02-08_17-03-39.mp4,0.0,116.133,120.300,60.000,TW,BBC, 4,adult male #1,38.331,eats HC,food processing,,,,,,POINT,69.633,69.633,NA,teressa_sync_filtered_videos\HC-BBC\Deployement period 4\2026-HC-BBC-A-B__2026-02-08_17-03-39.mp4,2784,2784,,,,
2026-HC-BBC-A-B__2026-02-08_17-03-39,2026-07-19 19:43:56.416,,Media file,player #1:teressa_sync_filtered_videos\HC-BBC\Deployement period 4\2026-HC-BBC-A-B__2026-02-08_17-03-39.mp4,0.0,116.133,120.300,60.000,TW,BBC, 4,adult male #1,38.331,releases HC,food handling,bucket 2,success/eaten,,,,POINT,72.600,72.600,NA,teressa_sync_filtered_videos\HC-BBC\Deployement period 4\2026-HC-BBC-A-B__2026-02-08_17-03-39.mp4,2903,2903,,,,
2026-HC-BBC-A-B__2026-02-08_17-03-39,2026-07-19 19:43:56.416,,Media file,player #1:teressa_sync_filtered_videos\HC-BBC\Deployement period 4\2026-HC-BBC-A-B__2026-02-08_17-03-39.mp4,0.0,116.133,120.300,60.000,TW,BBC, 4,adult male #1,38.331,handling HC,food handling,None,bucket 2,None,None,None,STATE,73.567,77.800,4.233,teressa_sync_filtered_videos\HC-BBC\Deployement period 4\2026-HC-BBC-A-B__2026-02-08_17-03-39.mp4,2941,3111,,,,
2026-HC-BBC-A-B__2026-02-08_17-03-39,2026-07-19 19:43:56.416,,Media file,player #1:teressa_sync_filtered_videos\HC-BBC\Deployement period 4\2026-HC-BBC-A-B__2026-02-08_17-03-39.mp4,0.0,116.133,120.300,60.000,TW,BBC, 4,adult male #1,38.331,manipulate with hand(s),food processing - non-tool use,pull with hand,None,,,,STATE,74.000,75.333,1.333,teressa_sync_filtered_videos\HC-BBC\Deployement period 4\2026-HC-BBC-A-B__2026-02-08_17-03-39.mp4,2959,3012,,,,
2026-HC-BBC-A-B__2026-02-08_17-03-39,2026-07-19 19:43:56.416,,Media file,player #1:teressa_sync_filtered_videos\HC-BBC\Deployement period 4\2026-HC-BBC-A-B__2026-02-08_17-03-39.mp4,0.0,116.133,120.300,60.000,TW,BBC, 4,adult male #1,38.331,releases HC,food handling,bucket 2,None,,,,POINT,77.800,77.800,NA,teressa_sync_filtered_videos\HC-BBC\Deployement period 4\2026-HC-BBC-A-B__2026-02-08_17-03-39.mp4,3111,3111,,,,
2026-HC-BBC-A-B__2026-02-08_17-03-39,2026-07-19 19:43:56.416,,Media file,player #1:teressa_sync_filtered_videos\HC-BBC\Deployement period 4\2026-HC-BBC-A-B__2026-02-08_17-03-39.mp4,0.0,116.133,120.300,60.000,TW,BBC, 4,adult male #1,38.331,handling HC,food handling,None,bucket 2,None,None,None,STATE,79.533,92.500,12.967,teressa_sync_filtered_videos\HC-BBC\Deployement period 4\2026-HC-BBC-A-B__2026-02-08_17-03-39.mp4,3180,3698,,,,
2026-HC-BBC-A-B__2026-02-08_17-03-39,2026-07-19 19:43:56.416,,Media file,player #1:teressa_sync_filtered_videos\HC-BBC\Deployement period 4\2026-HC-BBC-A-B__2026-02-08_17-03-39.mp4,0.0,116.133,120.300,60.000,TW,BBC, 4,adult male #1,38.331,manipulate with hand(s),food processing - non-tool use,pull with hand,None,,,,STATE,80.000,81.267,1.267,teressa_sync_filtered_videos\HC-BBC\Deployement period 4\2026-HC-BBC-A-B__2026-02-08_17-03-39.mp4,3199,3249,,,,
2026-HC-BBC-A-B__2026-02-08_17-03-39,2026-07-19 19:43:56.416,,Media file,player #1:teressa_sync_filtered_videos\HC-BBC\Deployement period 4\2026-HC-BBC-A-B__2026-02-08_17-03-39.mp4,0.0,116.133,120.300,60.000,TW,BBC, 4,adult male #1,38.331,eats HC,food processing,,,,,,POINT,84.767,84.767,NA,teressa_sync_filtered_videos\HC-BBC\Deployement period 4\2026-HC-BBC-A-B__2026-02-08_17-03-39.mp4,3389,3389,,,,
2026-HC-BBC-A-B__2026-02-08_17-03-39,2026-07-19 19:43:56.416,,Media file,player #1:teressa_sync_filtered_videos\HC-BBC\Deployement period 4\2026-HC-BBC-A-B__2026-02-08_17-03-39.mp4,0.0,116.133,120.300,60.000,TW,BBC, 4,adult male #1,38.331,eats HC,food processing,,,,,,POINT,85.300,85.300,NA,teressa_sync_filtered_videos\HC-BBC\Deployement period 4\2026-HC-BBC-A-B__2026-02-08_17-03-39.mp4,3410,3410,,,,
2026-HC-BBC-A-B__2026-02-08_17-03-39,2026-07-19 19:43:56.416,,Media file,player #1:teressa_sync_filtered_videos\HC-BBC\Deployement period 4\2026-HC-BBC-A-B__2026-02-08_17-03-39.mp4,0.0,116.133,120.300,60.000,TW,BBC, 4,adult male #1,38.331,eats HC,food processing,,,,,,POINT,87.767,87.767,NA,teressa_sync_filtered_videos\HC-BBC\Deployement period 4\2026-HC-BBC-A-B__2026-02-08_17-03-39.mp4,3509,3509,,,,
2026-HC-BBC-A-B__2026-02-08_17-03-39,2026-07-19 19:43:56.416,,Media file,player #1:teressa_sync_filtered_videos\HC-BBC\Deployement period 4\2026-HC-BBC-A-B__2026-02-08_17-03-39.mp4,0.0,116.133,120.300,60.000,TW,BBC, 4,adult male #1,38.331,eats HC,food processing,,,,,,POINT,88.900,88.900,NA,teressa_sync_filtered_videos\HC-BBC\Deployement period 4\2026-HC-BBC-A-B__2026-02-08_17-03-39.mp4,3554,3554,,,,
2026-HC-BBC-A-B__2026-02-08_17-03-39,2026-07-19 19:43:56.416,,Media file,player #1:teressa_sync_filtered_videos\HC-BBC\Deployement period 4\2026-HC-BBC-A-B__2026-02-08_17-03-39.mp4,0.0,116.133,120.300,60.000,TW,BBC, 4,adult male #1,38.331,eats HC,food processing,,,,,,POINT,90.467,90.467,NA,teressa_sync_filtered_videos\HC-BBC\Deployement period 4\2026-HC-BBC-A-B__2026-02-08_17-03-39.mp4,3617,3617,,,,
2026-HC-BBC-A-B__2026-02-08_17-03-39,2026-07-19 19:43:56.416,,Media file,player #1:teressa_sync_filtered_videos\HC-BBC\Deployement period 4\2026-HC-BBC-A-B__2026-02-08_17-03-39.mp4,0.0,116.133,120.300,60.000,TW,BBC, 4,adult male #1,38.331,releases HC,food handling,None,success/eaten,,,,POINT,92.500,92.500,NA,teressa_sync_filtered_videos\HC-BBC\Deployement period 4\2026-HC-BBC-A-B__2026-02-08_17-03-39.mp4,3698,3698,,,,
2026-HC-BBC-A-B__2026-02-08_17-03-39,2026-07-19 19:43:56.416,,Media file,player #1:teressa_sync_filtered_videos\HC-BBC\Deployement period 4\2026-HC-BBC-A-B__2026-02-08_17-03-39.mp4,0.0,116.133,120.300,60.000,TW,BBC, 4,adult male #1,38.331,handling HC,food handling,None,bucket 2,None,None,None,STATE,104.333,108.000,3.667,teressa_sync_filtered_videos\HC-BBC\Deployement period 4\2026-HC-BBC-A-B__2026-02-08_17-03-39.mp4,4171,4318,,,,
2026-HC-BBC-A-B__2026-02-08_17-03-39,2026-07-19 19:43:56.416,,Media file,player #1:teressa_sync_filtered_videos\HC-BBC\Deployement period 4\2026-HC-BBC-A-B__2026-02-08_17-03-39.mp4,0.0,116.133,120.300,60.000,TW,BBC, 4,adult male #1,38.331,manipulate with hand(s),food processing - non-tool use,pull with hand,None,,,,STATE,104.900,107.333,2.433,teressa_sync_filtered_videos\HC-BBC\Deployement period 4\2026-HC-BBC-A-B__2026-02-08_17-03-39.mp4,4194,4291,,,,
2026-HC-BBC-A-B__2026-02-08_17-03-39,2026-07-19 19:43:56.416,,Media file,player #1:teressa_sync_filtered_videos\HC-BBC\Deployement period 4\2026-HC-BBC-A-B__2026-02-08_17-03-39.mp4,0.0,116.133,120.300,60.000,TW,BBC, 4,adult male #1,38.331,releases HC,food handling,bucket 2,None,,,,POINT,108.000,108.000,NA,teressa_sync_filtered_videos\HC-BBC\Deployement period 4\2026-HC-BBC-A-B__2026-02-08_17-03-39.mp4,4318,4318,,,,
2026-HC-BBC-A-B__2026-02-08_17-03-39,2026-07-19 19:43:56.416,,Media file,player #1:teressa_sync_filtered_videos\HC-BBC\Deployement period 4\2026-HC-BBC-A-B__2026-02-08_17-03-39.mp4,0.0,116.133,120.300,60.000,TW,BBC, 4,adult male #1,38.331,handling HC,food handling,None,bucket 2,None,None,None,STATE,108.267,110.033,1.766,teressa_sync_filtered_videos\HC-BBC\Deployement period 4\2026-HC-BBC-A-B__2026-02-08_17-03-39.mp4,4329,4399,,,,
2026-HC-BBC-A-B__2026-02-08_17-03-39,2026-07-19 19:43:56.416,,Media file,player #1:teressa_sync_filtered_videos\HC-BBC\Deployement period 4\2026-HC-BBC-A-B__2026-02-08_17-03-39.mp4,0.0,116.133,120.300,60.000,TW,BBC, 4,adult male #1,38.331,manipulate with hand(s),food processing - non-tool use,"adjust grip,pull with hand",None,,,,STATE,108.667,109.600,0.933,teressa_sync_filtered_videos\HC-BBC\Deployement period 4\2026-HC-BBC-A-B__2026-02-08_17-03-39.mp4,4345,4382,,,,
2026-HC-BBC-A-B__2026-02-08_17-03-39,2026-07-19 19:43:56.416,,Media file,player #1:teressa_sync_filtered_videos\HC-BBC\Deployement period 4\2026-HC-BBC-A-B__2026-02-08_17-03-39.mp4,0.0,116.133,120.300,60.000,TW,BBC, 4,adult male #1,38.331,releases HC,food handling,bucket 2,failure/uneaten,,,,POINT,110.033,110.033,NA,teressa_sync_filtered_videos\HC-BBC\Deployement period 4\2026-HC-BBC-A-B__2026-02-08_17-03-39.mp4,4399,4399,,,,
2026-HC-BBC-A-B__2026-02-08_17-03-39,2026-07-19 19:43:56.416,,Media file,player #1:teressa_sync_filtered_videos\HC-BBC\Deployement period 4\2026-HC-BBC-A-B__2026-02-08_17-03-39.mp4,0.0,116.133,120.300,60.000,TW,BBC, 4,adult male #1,38.331,handling HC,food handling,None,bucket 2,None,None,None,STATE,112.600,116.132,3.532,teressa_sync_filtered_videos\HC-BBC\Deployement period 4\2026-HC-BBC-A-B__2026-02-08_17-03-39.mp4,4502,NA,,,,etna
2026-HC-BBC-A-B__2026-02-08_17-03-39,2026-07-19 19:43:56.416,,Media file,player #1:teressa_sync_filtered_videos\HC-BBC\Deployement period 4\2026-HC-BBC-A-B__2026-02-08_17-03-39.mp4,0.0,116.133,120.300,60.000,TW,BBC, 4,adult male #1,38.331,reduced visibility,status,,,,,,POINT,116.133,116.133,NA,teressa_sync_filtered_videos\HC-BBC\Deployement period 4\2026-HC-BBC-A-B__2026-02-08_17-03-39.mp4,4643,4643,,,,
2026-HC-BBC-A-B__2026-02-08_17-06-02,2026-07-19 19:44:58.458,,Media file,player #1:teressa_sync_filtered_videos\HC-BBC\Deployement period 4\2026-HC-BBC-A-B__2026-02-08_17-06-02.mp4,0.0,86.200,138.567,30.000,TW,BBC, 4,Bob,22.231,bucket inspection,information gain,bucket 1,,,,,STATE,22.800,23.800,1.000,teressa_sync_filtered_videos\HC-BBC\Deployement period 4\2026-HC-BBC-A-B__2026-02-08_17-06-02.mp4,684,714,,,,
2026-HC-BBC-A-B__2026-02-08_17-06-02,2026-07-19 19:44:58.458,,Media file,player #1:teressa_sync_filtered_videos\HC-BBC\Deployement period 4\2026-HC-BBC-A-B__2026-02-08_17-06-02.mp4,0.0,86.200,138.567,30.000,TW,BBC, 4,Bob,22.231,batch processing,food handling,2HC,1HC,unknown,hit/pound on surface,bucket 1,STATE,24.367,35.799,11.432,teressa_sync_filtered_videos\HC-BBC\Deployement period 4\2026-HC-BBC-A-B__2026-02-08_17-06-02.mp4,731,NA,,,,etna; limited visibility
2026-HC-BBC-A-B__2026-02-08_17-06-02,2026-07-19 19:44:58.458,,Media file,player #1:teressa_sync_filtered_videos\HC-BBC\Deployement period 4\2026-HC-BBC-A-B__2026-02-08_17-06-02.mp4,0.0,86.200,138.567,30.000,TW,BBC, 4,Bob,22.231,2HC in batch processing,food handling,bucket 1,None,,,,STATE,26.000,35.799,9.799,teressa_sync_filtered_videos\HC-BBC\Deployement period 4\2026-HC-BBC-A-B__2026-02-08_17-06-02.mp4,780,NA,,,,limited visibility
2026-HC-BBC-A-B__2026-02-08_17-06-02,2026-07-19 19:44:58.458,,Media file,player #1:teressa_sync_filtered_videos\HC-BBC\Deployement period 4\2026-HC-BBC-A-B__2026-02-08_17-06-02.mp4,0.0,86.200,138.567,30.000,TW,BBC, 4,Bob,22.231,reduced visibility,status,,,,,,POINT,35.800,35.800,NA,teressa_sync_filtered_videos\HC-BBC\Deployement period 4\2026-HC-BBC-A-B__2026-02-08_17-06-02.mp4,1074,1074,,,,
2026-HC-BBC-A-B__2026-02-08_17-06-02,2026-07-19 19:44:58.458,,Media file,player #1:teressa_sync_filtered_videos\HC-BBC\Deployement period 4\2026-HC-BBC-A-B__2026-02-08_17-06-02.mp4,0.0,86.200,138.567,30.000,TW,BBC, 4,adult female #1,8.801,bucket inspection,information gain,bucket 2,,,,,STATE,46.600,52.300,5.700,teressa_sync_filtered_videos\HC-BBC\Deployement period 4\2026-HC-BBC-A-B__2026-02-08_17-06-02.mp4,1398,1569,,,,
2026-HC-BBC-A-B__2026-02-08_17-06-02,2026-07-19 19:44:58.458,,Media file,player #1:teressa_sync_filtered_videos\HC-BBC\Deployement period 4\2026-HC-BBC-A-B__2026-02-08_17-06-02.mp4,0.0,86.200,138.567,30.000,TW,BBC, 4,adult female #1,8.801,bucket inspection,information gain,bucket 1,,,,,STATE,55.033,56.400,1.367,teressa_sync_filtered_videos\HC-BBC\Deployement period 4\2026-HC-BBC-A-B__2026-02-08_17-06-02.mp4,1651,1692,,,,
2026-HC-BBC-A-B__2026-02-08_17-06-02,2026-07-19 19:44:58.458,,Media file,player #1:teressa_sync_filtered_videos\HC-BBC\Deployement period 4\2026-HC-BBC-A-B__2026-02-08_17-06-02.mp4,0.0,86.200,138.567,30.000,TW,BBC, 4,adult female #1,8.801,handling HC,food handling,None,bucket 1,None,None,None,STATE,56.833,58.567,1.734,teressa_sync_filtered_videos\HC-BBC\Deployement period 4\2026-HC-BBC-A-B__2026-02-08_17-06-02.mp4,1705,1757,,,,
2026-HC-BBC-A-B__2026-02-08_17-06-02,2026-07-19 19:44:58.458,,Media file,player #1:teressa_sync_filtered_videos\HC-BBC\Deployement period 4\2026-HC-BBC-A-B__2026-02-08_17-06-02.mp4,0.0,86.200,138.567,30.000,TW,BBC, 4,adult female #1,8.801,releases HC,food handling,bucket 1,None,,,,POINT,58.567,58.567,NA,teressa_sync_filtered_videos\HC-BBC\Deployement period 4\2026-HC-BBC-A-B__2026-02-08_17-06-02.mp4,1757,1757,,,,
2026-HC-BBC-A-B__2026-02-08_17-06-02,2026-07-19 19:44:58.458,,Media file,player #1:teressa_sync_filtered_videos\HC-BBC\Deployement period 4\2026-HC-BBC-A-B__2026-02-08_17-06-02.mp4,0.0,86.200,138.567,30.000,TW,BBC, 4,juvenile #1,8.966,bucket rummaging,information gain,bucket 1,,,,,STATE,99.867,104.267,4.400,teressa_sync_filtered_videos\HC-BBC\Deployement period 4\2026-HC-BBC-A-B__2026-02-08_17-06-02.mp4,2996,3128,,,,
2026-HC-BBC-A-B__2026-02-08_17-06-02,2026-07-19 19:44:58.458,,Media file,player #1:teressa_sync_filtered_videos\HC-BBC\Deployement period 4\2026-HC-BBC-A-B__2026-02-08_17-06-02.mp4,0.0,86.200,138.567,30.000,TW,BBC, 4,juvenile #1,8.966,batch processing,food handling,multiple,unknown,unknown,None,bucket 1,STATE,104.433,108.999,4.566,teressa_sync_filtered_videos\HC-BBC\Deployement period 4\2026-HC-BBC-A-B__2026-02-08_17-06-02.mp4,3133,NA,,,,etna
2026-HC-BBC-A-B__2026-02-08_17-06-02,2026-07-19 19:44:58.458,,Media file,player #1:teressa_sync_filtered_videos\HC-BBC\Deployement period 4\2026-HC-BBC-A-B__2026-02-08_17-06-02.mp4,0.0,86.200,138.567,30.000,TW,BBC, 4,juvenile #1,8.966,reduced visibility,status,,,,,,POINT,109.000,109.000,NA,teressa_sync_filtered_videos\HC-BBC\Deployement period 4\2026-HC-BBC-A-B__2026-02-08_17-06-02.mp4,3270,3270,,,,
2026-HC-BBC-A-B__2026-02-08_17-08-24,2026-07-19 19:45:28.877,,Media file,player #1:teressa_sync_filtered_videos\HC-BBC\Deployement period 4\2026-HC-BBC-A-B__2026-02-08_17-08-24.mp4,0.0,8.033,139.400,30.000,TW,BBC, 4,juvenile #1,7.799,bucket rummaging,information gain,bucket 1,,,,,STATE,22.000,25.967,3.967,teressa_sync_filtered_videos\HC-BBC\Deployement period 4\2026-HC-BBC-A-B__2026-02-08_17-08-24.mp4,849,1003,,,,
2026-HC-BBC-A-B__2026-02-08_17-08-24,2026-07-19 19:45:28.877,,Media file,player #1:teressa_sync_filtered_videos\HC-BBC\Deployement period 4\2026-HC-BBC-A-B__2026-02-08_17-08-24.mp4,0.0,8.033,139.400,30.000,TW,BBC, 4,juvenile #1,7.799,batch processing,food handling,multiple,unknown,unknown,None,bucket 1,STATE,26.200,30.032,3.832,teressa_sync_filtered_videos\HC-BBC\Deployement period 4\2026-HC-BBC-A-B__2026-02-08_17-08-24.mp4,1012,NA,,,,etna
2026-HC-BBC-A-B__2026-02-08_17-08-24,2026-07-19 19:45:28.877,,Media file,player #1:teressa_sync_filtered_videos\HC-BBC\Deployement period 4\2026-HC-BBC-A-B__2026-02-08_17-08-24.mp4,0.0,8.033,139.400,30.000,TW,BBC, 4,juvenile #1,7.799,reduced visibility,status,,,,,,POINT,30.033,30.033,NA,teressa_sync_filtered_videos\HC-BBC\Deployement period 4\2026-HC-BBC-A-B__2026-02-08_17-08-24.mp4,1160,1160,,,,
2026-HC-BBC-A-B__2026-02-08_17-29-56,2026-07-19 19:45:48.567,,Media file,player #1:teressa_sync_filtered_videos\HC-BBC\Deployement period 4\2026-HC-BBC-A-B__2026-02-08_17-29-56.mp4,0.0,95.933,121.967,30.000,TW,BBC, 4,juvenile #1,7.964,batch processing,food handling,2HC,unknown,unknown,None,bucket 1,STATE,10.267,15.199,4.932,teressa_sync_filtered_videos\HC-BBC\Deployement period 4\2026-HC-BBC-A-B__2026-02-08_17-29-56.mp4,308,NA,,,,etna
2026-HC-BBC-A-B__2026-02-08_17-29-56,2026-07-19 19:45:48.567,,Media file,player #1:teressa_sync_filtered_videos\HC-BBC\Deployement period 4\2026-HC-BBC-A-B__2026-02-08_17-29-56.mp4,0.0,95.933,121.967,30.000,TW,BBC, 4,juvenile #1,7.964,2HC in batch processing,food handling,bucket 1,None,,,,STATE,12.167,15.199,3.032,teressa_sync_filtered_videos\HC-BBC\Deployement period 4\2026-HC-BBC-A-B__2026-02-08_17-29-56.mp4,365,NA,,,,etna
2026-HC-BBC-A-B__2026-02-08_17-29-56,2026-07-19 19:45:48.567,,Media file,player #1:teressa_sync_filtered_videos\HC-BBC\Deployement period 4\2026-HC-BBC-A-B__2026-02-08_17-29-56.mp4,0.0,95.933,121.967,30.000,TW,BBC, 4,juvenile #1,7.964,reduced visibility,status,,,,,,POINT,15.200,15.200,NA,teressa_sync_filtered_videos\HC-BBC\Deployement period 4\2026-HC-BBC-A-B__2026-02-08_17-29-56.mp4,456,456,,,,
2026-HC-BBC-A-B__2026-02-08_17-29-56,2026-07-19 19:45:48.567,,Media file,player #1:teressa_sync_filtered_videos\HC-BBC\Deployement period 4\2026-HC-BBC-A-B__2026-02-08_17-29-56.mp4,0.0,95.933,121.967,30.000,TW,BBC, 4,Bob,7.699,bucket inspection,information gain,bucket 1,,,,,STATE,97.267,98.267,1.000,teressa_sync_filtered_videos\HC-BBC\Deployement period 4\2026-HC-BBC-A-B__2026-02-08_17-29-56.mp4,2918,2948,,,,
2026-HC-BBC-A-B__2026-02-08_17-29-56,2026-07-19 19:45:48.567,,Media file,player #1:teressa_sync_filtered_videos\HC-BBC\Deployement period 4\2026-HC-BBC-A-B__2026-02-08_17-29-56.mp4,0.0,95.933,121.967,30.000,TW,BBC, 4,Bob,7.699,batch processing,food handling,multiple,unknown,unknown,None,bucket 1,STATE,99.500,106.199,6.699,teressa_sync_filtered_videos\HC-BBC\Deployement period 4\2026-HC-BBC-A-B__2026-02-08_17-29-56.mp4,2985,NA,,,,etna
2026-HC-BBC-A-B__2026-02-08_17-29-56,2026-07-19 19:45:48.567,,Media file,player #1:teressa_sync_filtered_videos\HC-BBC\Deployement period 4\2026-HC-BBC-A-B__2026-02-08_17-29-56.mp4,0.0,95.933,121.967,30.000,TW,BBC, 4,Bob,7.699,reduced visibility,status,,,,,,POINT,106.200,106.200,NA,teressa_sync_filtered_videos\HC-BBC\Deployement period 4\2026-HC-BBC-A-B__2026-02-08_17-29-56.mp4,3187,3187,,,,
2026-HC-BBC-A-B__2026-02-09_06-59-18,2026-07-19 19:46:42.870,,Media file,player #1:teressa_sync_filtered_videos\HC-BBC\Deployement period 4\2026-HC-BBC-A-B__2026-02-09_06-59-18.mp4,0.0,119.434,120.367,30.000,TW,BBC, 4,Luigi,85.766,needs rechecked,user notes,subject ID,,,,,POINT,0.233,0.233,NA,teressa_sync_filtered_videos\HC-BBC\Deployement period 4\2026-HC-BBC-A-B__2026-02-09_06-59-18.mp4,7,7,,,,
2026-HC-BBC-A-B__2026-02-09_06-59-18,2026-07-19 19:46:42.870,,Media file,player #1:teressa_sync_filtered_videos\HC-BBC\Deployement period 4\2026-HC-BBC-A-B__2026-02-09_06-59-18.mp4,0.0,119.434,120.367,30.000,TW,BBC, 4,Luigi,85.766,handling HC,food handling,None,bucket 1,None,None,None,STATE,1.333,9.200,7.867,teressa_sync_filtered_videos\HC-BBC\Deployement period 4\2026-HC-BBC-A-B__2026-02-09_06-59-18.mp4,40,276,,,,
2026-HC-BBC-A-B__2026-02-09_06-59-18,2026-07-19 19:46:42.870,,Media file,player #1:teressa_sync_filtered_videos\HC-BBC\Deployement period 4\2026-HC-BBC-A-B__2026-02-09_06-59-18.mp4,0.0,119.434,120.367,30.000,TW,BBC, 4,Luigi,85.766,releases HC,food handling,bucket 2,None,,,,POINT,9.200,9.200,NA,teressa_sync_filtered_videos\HC-BBC\Deployement period 4\2026-HC-BBC-A-B__2026-02-09_06-59-18.mp4,276,276,,,,
2026-HC-BBC-A-B__2026-02-09_06-59-18,2026-07-19 19:46:42.870,,Media file,player #1:teressa_sync_filtered_videos\HC-BBC\Deployement period 4\2026-HC-BBC-A-B__2026-02-09_06-59-18.mp4,0.0,119.434,120.367,30.000,TW,BBC, 4,Luigi,85.766,handling HC,food handling,None,bucket 2,None,None,None,STATE,9.267,12.233,2.966,teressa_sync_filtered_videos\HC-BBC\Deployement period 4\2026-HC-BBC-A-B__2026-02-09_06-59-18.mp4,278,367,,,,
2026-HC-BBC-A-B__2026-02-09_06-59-18,2026-07-19 19:46:42.870,,Media file,player #1:teressa_sync_filtered_videos\HC-BBC\Deployement period 4\2026-HC-BBC-A-B__2026-02-09_06-59-18.mp4,0.0,119.434,120.367,30.000,TW,BBC, 4,Luigi,85.766,manipulate with hand(s),food processing - non-tool use,"adjust grip,pull with hand",None,,,,STATE,9.667,11.667,2.000,teressa_sync_filtered_videos\HC-BBC\Deployement period 4\2026-HC-BBC-A-B__2026-02-09_06-59-18.mp4,290,350,,,,
2026-HC-BBC-A-B__2026-02-09_06-59-18,2026-07-19 19:46:42.870,,Media file,player #1:teressa_sync_filtered_videos\HC-BBC\Deployement period 4\2026-HC-BBC-A-B__2026-02-09_06-59-18.mp4,0.0,119.434,120.367,30.000,TW,BBC, 4,Luigi,85.766,releases HC,food handling,None,failure/uneaten,,,,POINT,12.233,12.233,NA,teressa_sync_filtered_videos\HC-BBC\Deployement period 4\2026-HC-BBC-A-B__2026-02-09_06-59-18.mp4,367,367,,,,
2026-HC-BBC-A-B__2026-02-09_06-59-18,2026-07-19 19:46:42.870,,Media file,player #1:teressa_sync_filtered_videos\HC-BBC\Deployement period 4\2026-HC-BBC-A-B__2026-02-09_06-59-18.mp4,0.0,119.434,120.367,30.000,TW,BBC, 4,Luigi,85.766,batch processing,food handling,3HC,2HC,2HC,pound with hammerstone,bucket 2,STATE,13.933,49.267,35.334,teressa_sync_filtered_videos\HC-BBC\Deployement period 4\2026-HC-BBC-A-B__2026-02-09_06-59-18.mp4,418,1478,,,,
2026-HC-BBC-A-B__2026-02-09_06-59-18,2026-07-19 19:46:42.870,,Media file,player #1:teressa_sync_filtered_videos\HC-BBC\Deployement period 4\2026-HC-BBC-A-B__2026-02-09_06-59-18.mp4,0.0,119.434,120.367,30.000,TW,BBC, 4,Luigi,85.766,2HC in batch processing,food handling,bucket 2,None,,,,STATE,18.900,35.433,16.533,teressa_sync_filtered_videos\HC-BBC\Deployement period 4\2026-HC-BBC-A-B__2026-02-09_06-59-18.mp4,567,1063,,,,
2026-HC-BBC-A-B__2026-02-09_06-59-18,2026-07-19 19:46:42.870,,Media file,player #1:teressa_sync_filtered_videos\HC-BBC\Deployement period 4\2026-HC-BBC-A-B__2026-02-09_06-59-18.mp4,0.0,119.434,120.367,30.000,TW,BBC, 4,Luigi,85.766,3HC in batch processing,food handling,bucket 2,None,,,,STATE,20.133,22.500,2.367,teressa_sync_filtered_videos\HC-BBC\Deployement period 4\2026-HC-BBC-A-B__2026-02-09_06-59-18.mp4,604,675,,,,
2026-HC-BBC-A-B__2026-02-09_06-59-18,2026-07-19 19:46:42.870,,Media file,player #1:teressa_sync_filtered_videos\HC-BBC\Deployement period 4\2026-HC-BBC-A-B__2026-02-09_06-59-18.mp4,0.0,119.434,120.367,30.000,TW,BBC, 4,Luigi,85.766,bucket inspection,information gain,bucket 2,,,,,STATE,51.633,53.933,2.300,teressa_sync_filtered_videos\HC-BBC\Deployement period 4\2026-HC-BBC-A-B__2026-02-09_06-59-18.mp4,1549,1618,,,,
2026-HC-BBC-A-B__2026-02-09_06-59-18,2026-07-19 19:46:42.870,,Media file,player #1:teressa_sync_filtered_videos\HC-BBC\Deployement period 4\2026-HC-BBC-A-B__2026-02-09_06-59-18.mp4,0.0,119.434,120.367,30.000,TW,BBC, 4,Luigi,85.766,bucket rummaging,information gain,bucket 2,,,,,STATE,53.967,56.733,2.766,teressa_sync_filtered_videos\HC-BBC\Deployement period 4\2026-HC-BBC-A-B__2026-02-09_06-59-18.mp4,1619,1702,,,,
2026-HC-BBC-A-B__2026-02-09_06-59-18,2026-07-19 19:46:42.870,,Media file,player #1:teressa_sync_filtered_videos\HC-BBC\Deployement period 4\2026-HC-BBC-A-B__2026-02-09_06-59-18.mp4,0.0,119.434,120.367,30.000,TW,BBC, 4,Luigi,85.766,handling HC,food handling,None,bucket 2,None,None,None,STATE,56.800,70.433,13.633,teressa_sync_filtered_videos\HC-BBC\Deployement period 4\2026-HC-BBC-A-B__2026-02-09_06-59-18.mp4,1704,2113,,,,
2026-HC-BBC-A-B__2026-02-09_06-59-18,2026-07-19 19:46:42.870,,Media file,player #1:teressa_sync_filtered_videos\HC-BBC\Deployement period 4\2026-HC-BBC-A-B__2026-02-09_06-59-18.mp4,0.0,119.434,120.367,30.000,TW,BBC, 4,Luigi,85.766,releases HC,food handling,arena stone anvil,unknown/other,,,,POINT,59.900,59.900,NA,teressa_sync_filtered_videos\HC-BBC\Deployement period 4\2026-HC-BBC-A-B__2026-02-09_06-59-18.mp4,1797,1797,,,,
2026-HC-BBC-A-B__2026-02-09_06-59-18,2026-07-19 19:46:42.870,,Media file,player #1:teressa_sync_filtered_videos\HC-BBC\Deployement period 4\2026-HC-BBC-A-B__2026-02-09_06-59-18.mp4,0.0,119.434,120.367,30.000,TW,BBC, 4,Luigi,85.766,hammerstone grab,food processing - tool use,medium,by/on arena stone,yes,,,POINT,60.633,60.633,NA,teressa_sync_filtered_videos\HC-BBC\Deployement period 4\2026-HC-BBC-A-B__2026-02-09_06-59-18.mp4,1819,1819,,,,
2026-HC-BBC-A-B__2026-02-09_06-59-18,2026-07-19 19:46:42.870,,Media file,player #1:teressa_sync_filtered_videos\HC-BBC\Deployement period 4\2026-HC-BBC-A-B__2026-02-09_06-59-18.mp4,0.0,119.434,120.367,30.000,TW,BBC, 4,Luigi,85.766,pound with hammerstone,food processing - tool use,arena stone,None,None,,,POINT,61.333,61.333,NA,teressa_sync_filtered_videos\HC-BBC\Deployement period 4\2026-HC-BBC-A-B__2026-02-09_06-59-18.mp4,1840,1840,,,,
2026-HC-BBC-A-B__2026-02-09_06-59-18,2026-07-19 19:46:42.870,,Media file,player #1:teressa_sync_filtered_videos\HC-BBC\Deployement period 4\2026-HC-BBC-A-B__2026-02-09_06-59-18.mp4,0.0,119.434,120.367,30.000,TW,BBC, 4,Luigi,85.766,eats HC,food processing,,,,,,POINT,62.933,62.933,NA,teressa_sync_filtered_videos\HC-BBC\Deployement period 4\2026-HC-BBC-A-B__2026-02-09_06-59-18.mp4,1888,1888,,,,
2026-HC-BBC-A-B__2026-02-09_06-59-18,2026-07-19 19:46:42.870,,Media file,player #1:teressa_sync_filtered_videos\HC-BBC\Deployement period 4\2026-HC-BBC-A-B__2026-02-09_06-59-18.mp4,0.0,119.434,120.367,30.000,TW,BBC, 4,Luigi,85.766,releases HC,food handling,arena stone anvil,unknown/other,,,,POINT,66.000,66.000,NA,teressa_sync_filtered_videos\HC-BBC\Deployement period 4\2026-HC-BBC-A-B__2026-02-09_06-59-18.mp4,1980,1980,,,,
2026-HC-BBC-A-B__2026-02-09_06-59-18,2026-07-19 19:46:42.870,,Media file,player #1:teressa_sync_filtered_videos\HC-BBC\Deployement period 4\2026-HC-BBC-A-B__2026-02-09_06-59-18.mp4,0.0,119.434,120.367,30.000,TW,BBC, 4,Luigi,85.766,hammerstone grab,food processing - tool use,small,by/on arena stone,yes,,,POINT,66.467,66.467,NA,teressa_sync_filtered_videos\HC-BBC\Deployement period 4\2026-HC-BBC-A-B__2026-02-09_06-59-18.mp4,1994,1994,,,,
2026-HC-BBC-A-B__2026-02-09_06-59-18,2026-07-19 19:46:42.870,,Media file,player #1:teressa_sync_filtered_videos\HC-BBC\Deployement period 4\2026-HC-BBC-A-B__2026-02-09_06-59-18.mp4,0.0,119.434,120.367,30.000,TW,BBC, 4,Luigi,85.766,pound with hammerstone,food processing - tool use,arena stone,None,None,,,POINT,67.233,67.233,NA,teressa_sync_filtered_videos\HC-BBC\Deployement period 4\2026-HC-BBC-A-B__2026-02-09_06-59-18.mp4,2017,2017,,,,
2026-HC-BBC-A-B__2026-02-09_06-59-18,2026-07-19 19:46:42.870,,Media file,player #1:teressa_sync_filtered_videos\HC-BBC\Deployement period 4\2026-HC-BBC-A-B__2026-02-09_06-59-18.mp4,0.0,119.434,120.367,30.000,TW,BBC, 4,Bob,12.799,handling HC,food handling,None,None,None,None,None,STATE,67.800,77.266,9.466,teressa_sync_filtered_videos\HC-BBC\Deployement period 4\2026-HC-BBC-A-B__2026-02-09_06-59-18.mp4,2034,NA,,,,etna
2026-HC-BBC-A-B__2026-02-09_06-59-18,2026-07-19 19:46:42.870,,Media file,player #1:teressa_sync_filtered_videos\HC-BBC\Deployement period 4\2026-HC-BBC-A-B__2026-02-09_06-59-18.mp4,0.0,119.434,120.367,30.000,TW,BBC, 4,Luigi,85.766,eats HC,food processing,,,,,,POINT,70.067,70.067,NA,teressa_sync_filtered_videos\HC-BBC\Deployement period 4\2026-HC-BBC-A-B__2026-02-09_06-59-18.mp4,2102,2102,,,,
2026-HC-BBC-A-B__2026-02-09_06-59-18,2026-07-19 19:46:42.870,,Media file,player #1:teressa_sync_filtered_videos\HC-BBC\Deployement period 4\2026-HC-BBC-A-B__2026-02-09_06-59-18.mp4,0.0,119.434,120.367,30.000,TW,BBC, 4,Luigi,85.766,releases HC,food handling,None,success/eaten,,,,POINT,70.433,70.433,NA,teressa_sync_filtered_videos\HC-BBC\Deployement period 4\2026-HC-BBC-A-B__2026-02-09_06-59-18.mp4,2113,2113,,,,
2026-HC-BBC-A-B__2026-02-09_06-59-18,2026-07-19 19:46:42.870,,Media file,player #1:teressa_sync_filtered_videos\HC-BBC\Deployement period 4\2026-HC-BBC-A-B__2026-02-09_06-59-18.mp4,0.0,119.434,120.367,30.000,TW,BBC, 4,Luigi,85.766,reduced visibility,status,,,,,,POINT,72.233,72.233,NA,teressa_sync_filtered_videos\HC-BBC\Deployement period 4\2026-HC-BBC-A-B__2026-02-09_06-59-18.mp4,2167,2167,,,,
2026-HC-BBC-A-B__2026-02-09_06-59-18,2026-07-19 19:46:42.870,,Media file,player #1:teressa_sync_filtered_videos\HC-BBC\Deployement period 4\2026-HC-BBC-A-B__2026-02-09_06-59-18.mp4,0.0,119.434,120.367,30.000,TW,BBC, 4,Bob,12.799,reduced visibility,status,,,,,,POINT,77.267,77.267,NA,teressa_sync_filtered_videos\HC-BBC\Deployement period 4\2026-HC-BBC-A-B__2026-02-09_06-59-18.mp4,2318,2318,,,,
2026-HC-BBC-A-B__2026-02-09_06-59-18,2026-07-19 19:46:42.870,,Media file,player #1:teressa_sync_filtered_videos\HC-BBC\Deployement period 4\2026-HC-BBC-A-B__2026-02-09_06-59-18.mp4,0.0,119.434,120.367,30.000,TW,BBC, 4,Bob,12.799,handling HC,food handling,None,None,None,None,None,STATE,114.667,116.400,1.733,teressa_sync_filtered_videos\HC-BBC\Deployement period 4\2026-HC-BBC-A-B__2026-02-09_06-59-18.mp4,3441,3493,,,,
2026-HC-BBC-A-B__2026-02-09_06-59-18,2026-07-19 19:46:42.870,,Media file,player #1:teressa_sync_filtered_videos\HC-BBC\Deployement period 4\2026-HC-BBC-A-B__2026-02-09_06-59-18.mp4,0.0,119.434,120.367,30.000,TW,BBC, 4,Bob,12.799,releases HC,food handling,None,None,,,,POINT,116.400,116.400,NA,teressa_sync_filtered_videos\HC-BBC\Deployement period 4\2026-HC-BBC-A-B__2026-02-09_06-59-18.mp4,3493,3493,,,,
2026-HC-BBC-A-B__2026-02-09_06-59-18,2026-07-19 19:46:42.870,,Media file,player #1:teressa_sync_filtered_videos\HC-BBC\Deployement period 4\2026-HC-BBC-A-B__2026-02-09_06-59-18.mp4,0.0,119.434,120.367,30.000,TW,BBC, 4,Bob,12.799,bucket inspection,information gain,bucket 2,,,,,STATE,117.233,118.233,1.000,teressa_sync_filtered_videos\HC-BBC\Deployement period 4\2026-HC-BBC-A-B__2026-02-09_06-59-18.mp4,3518,3548,,,,
2026-HC-BBC-A-B__2026-02-09_06-59-18,2026-07-19 19:46:42.870,,Media file,player #1:teressa_sync_filtered_videos\HC-BBC\Deployement period 4\2026-HC-BBC-A-B__2026-02-09_06-59-18.mp4,0.0,119.434,120.367,30.000,TW,BBC, 4,Bob,12.799,handling HC,food handling,None,bucket 2,None,None,None,STATE,119.067,119.667,0.600,teressa_sync_filtered_videos\HC-BBC\Deployement period 4\2026-HC-BBC-A-B__2026-02-09_06-59-18.mp4,3573,3591,,,,
2026-HC-BBC-A-B__2026-02-09_06-59-18,2026-07-19 19:46:42.870,,Media file,player #1:teressa_sync_filtered_videos\HC-BBC\Deployement period 4\2026-HC-BBC-A-B__2026-02-09_06-59-18.mp4,0.0,119.434,120.367,30.000,TW,BBC, 4,Bob,12.799,releases HC,food handling,bucket 2,None,,,,POINT,119.667,119.667,NA,teressa_sync_filtered_videos\HC-BBC\Deployement period 4\2026-HC-BBC-A-B__2026-02-09_06-59-18.mp4,3591,3591,,,,
2026-HC-BBC-A-B__2026-02-09_07-01-21,2026-07-19 19:47:05.794,,Media file,player #1:teressa_sync_filtered_videos\HC-BBC\Deployement period 4\2026-HC-BBC-A-B__2026-02-09_07-01-21.mp4,0.0,64.400,120.367,30.000,TW,BBC, 4,Bob,38.694,handling HC,food handling,None,unknown,unknown,None,None,STATE,0.000,13.600,13.600,teressa_sync_filtered_videos\HC-BBC\Deployement period 4\2026-HC-BBC-A-B__2026-02-09_07-01-21.mp4,0,408,,,stna,
2026-HC-BBC-A-B__2026-02-09_07-01-21,2026-07-19 19:47:05.794,,Media file,player #1:teressa_sync_filtered_videos\HC-BBC\Deployement period 4\2026-HC-BBC-A-B__2026-02-09_07-01-21.mp4,0.0,64.400,120.367,30.000,TW,BBC, 4,Bob,38.694,hammerstone grab,food processing - tool use,large,between buckets,None,,,POINT,1.033,1.033,NA,teressa_sync_filtered_videos\HC-BBC\Deployement period 4\2026-HC-BBC-A-B__2026-02-09_07-01-21.mp4,31,31,,,,
2026-HC-BBC-A-B__2026-02-09_07-01-21,2026-07-19 19:47:05.794,,Media file,player #1:teressa_sync_filtered_videos\HC-BBC\Deployement period 4\2026-HC-BBC-A-B__2026-02-09_07-01-21.mp4,0.0,64.400,120.367,30.000,TW,BBC, 4,Bob,38.694,pound with hammerstone,food processing - tool use,arena stone,None,None,,,POINT,1.800,1.800,NA,teressa_sync_filtered_videos\HC-BBC\Deployement period 4\2026-HC-BBC-A-B__2026-02-09_07-01-21.mp4,54,54,,,,
2026-HC-BBC-A-B__2026-02-09_07-01-21,2026-07-19 19:47:05.794,,Media file,player #1:teressa_sync_filtered_videos\HC-BBC\Deployement period 4\2026-HC-BBC-A-B__2026-02-09_07-01-21.mp4,0.0,64.400,120.367,30.000,TW,BBC, 4,Bob,38.694,pound with hammerstone,food processing - tool use,None,None,None,,,POINT,4.333,4.333,NA,teressa_sync_filtered_videos\HC-BBC\Deployement period 4\2026-HC-BBC-A-B__2026-02-09_07-01-21.mp4,130,130,,,,
2026-HC-BBC-A-B__2026-02-09_07-01-21,2026-07-19 19:47:05.794,,Media file,player #1:teressa_sync_filtered_videos\HC-BBC\Deployement period 4\2026-HC-BBC-A-B__2026-02-09_07-01-21.mp4,0.0,64.400,120.367,30.000,TW,BBC, 4,Bob,38.694,pound with hammerstone,food processing - tool use,None,None,None,,,POINT,8.500,8.500,NA,teressa_sync_filtered_videos\HC-BBC\Deployement period 4\2026-HC-BBC-A-B__2026-02-09_07-01-21.mp4,255,255,,,,
2026-HC-BBC-A-B__2026-02-09_07-01-21,2026-07-19 19:47:05.794,,Media file,player #1:teressa_sync_filtered_videos\HC-BBC\Deployement period 4\2026-HC-BBC-A-B__2026-02-09_07-01-21.mp4,0.0,64.400,120.367,30.000,TW,BBC, 4,Bob,38.694,eats HC,food processing,,,,,,POINT,11.233,11.233,NA,teressa_sync_filtered_videos\HC-BBC\Deployement period 4\2026-HC-BBC-A-B__2026-02-09_07-01-21.mp4,337,337,,,,
2026-HC-BBC-A-B__2026-02-09_07-01-21,2026-07-19 19:47:05.794,,Media file,player #1:teressa_sync_filtered_videos\HC-BBC\Deployement period 4\2026-HC-BBC-A-B__2026-02-09_07-01-21.mp4,0.0,64.400,120.367,30.000,TW,BBC, 4,Bob,38.694,releases HC,food handling,None,success/eaten,,,,POINT,13.600,13.600,NA,teressa_sync_filtered_videos\HC-BBC\Deployement period 4\2026-HC-BBC-A-B__2026-02-09_07-01-21.mp4,408,408,,,,
2026-HC-BBC-A-B__2026-02-09_07-01-21,2026-07-19 19:47:05.794,,Media file,player #1:teressa_sync_filtered_videos\HC-BBC\Deployement period 4\2026-HC-BBC-A-B__2026-02-09_07-01-21.mp4,0.0,64.400,120.367,30.000,TW,BBC, 4,Bob,38.694,reduced visibility,status,,,,,,POINT,14.267,14.267,NA,teressa_sync_filtered_videos\HC-BBC\Deployement period 4\2026-HC-BBC-A-B__2026-02-09_07-01-21.mp4,428,428,,,,
2026-HC-BBC-A-B__2026-02-09_07-01-21,2026-07-19 19:47:05.794,,Media file,player #1:teressa_sync_filtered_videos\HC-BBC\Deployement period 4\2026-HC-BBC-A-B__2026-02-09_07-01-21.mp4,0.0,64.400,120.367,30.000,TW,BBC, 4,Bob,38.694,bucket inspection,information gain,bucket 2,,,,,STATE,20.267,21.533,1.266,teressa_sync_filtered_videos\HC-BBC\Deployement period 4\2026-HC-BBC-A-B__2026-02-09_07-01-21.mp4,608,646,,,,
2026-HC-BBC-A-B__2026-02-09_07-01-21,2026-07-19 19:47:05.794,,Media file,player #1:teressa_sync_filtered_videos\HC-BBC\Deployement period 4\2026-HC-BBC-A-B__2026-02-09_07-01-21.mp4,0.0,64.400,120.367,30.000,TW,BBC, 4,Bob,38.694,batch processing,food handling,2HC,0HC,0HC,None,bucket 2,STATE,22.900,28.732,5.832,teressa_sync_filtered_videos\HC-BBC\Deployement period 4\2026-HC-BBC-A-B__2026-02-09_07-01-21.mp4,687,NA,,,,
2026-HC-BBC-A-B__2026-02-09_07-01-21,2026-07-19 19:47:05.794,,Media file,player #1:teressa_sync_filtered_videos\HC-BBC\Deployement period 4\2026-HC-BBC-A-B__2026-02-09_07-01-21.mp4,0.0,64.400,120.367,30.000,TW,BBC, 4,Bob,38.694,2HC in batch processing,food handling,bucket 2,None,,,,STATE,25.967,28.732,2.765,teressa_sync_filtered_videos\HC-BBC\Deployement period 4\2026-HC-BBC-A-B__2026-02-09_07-01-21.mp4,779,NA,,,,
2026-HC-BBC-A-B__2026-02-09_07-01-21,2026-07-19 19:47:05.794,,Media file,player #1:teressa_sync_filtered_videos\HC-BBC\Deployement period 4\2026-HC-BBC-A-B__2026-02-09_07-01-21.mp4,0.0,64.400,120.367,30.000,TW,BBC, 4,Luigi,1.734,bucket inspection,information gain,bucket 2,,,,,STATE,26.833,28.567,1.734,teressa_sync_filtered_videos\HC-BBC\Deployement period 4\2026-HC-BBC-A-B__2026-02-09_07-01-21.mp4,805,857,,,,
2026-HC-BBC-A-B__2026-02-09_07-01-21,2026-07-19 19:47:05.794,,Media file,player #1:teressa_sync_filtered_videos\HC-BBC\Deployement period 4\2026-HC-BBC-A-B__2026-02-09_07-01-21.mp4,0.0,64.400,120.367,30.000,TW,BBC, 4,Bob,38.694,reduced visibility,status,,,,,,POINT,28.733,28.733,NA,teressa_sync_filtered_videos\HC-BBC\Deployement period 4\2026-HC-BBC-A-B__2026-02-09_07-01-21.mp4,862,862,,,,
2026-HC-BBC-A-B__2026-02-09_07-01-21,2026-07-19 19:47:05.794,,Media file,player #1:teressa_sync_filtered_videos\HC-BBC\Deployement period 4\2026-HC-BBC-A-B__2026-02-09_07-01-21.mp4,0.0,64.400,120.367,30.000,TW,BBC, 4,Luigi,1.734,reduced visibility,status,,,,,,POINT,31.433,31.433,NA,teressa_sync_filtered_videos\HC-BBC\Deployement period 4\2026-HC-BBC-A-B__2026-02-09_07-01-21.mp4,943,943,,,,
2026-HC-BBC-A-B__2026-02-09_07-01-21,2026-07-19 19:47:05.794,,Media file,player #1:teressa_sync_filtered_videos\HC-BBC\Deployement period 4\2026-HC-BBC-A-B__2026-02-09_07-01-21.mp4,0.0,64.400,120.367,30.000,TW,BBC, 4,Bob,38.694,bucket rummaging,information gain,bucket 2,,,,,STATE,54.667,56.300,1.633,teressa_sync_filtered_videos\HC-BBC\Deployement period 4\2026-HC-BBC-A-B__2026-02-09_07-01-21.mp4,1640,1689,,,,
2026-HC-BBC-A-B__2026-02-09_07-01-21,2026-07-19 19:47:05.794,,Media file,player #1:teressa_sync_filtered_videos\HC-BBC\Deployement period 4\2026-HC-BBC-A-B__2026-02-09_07-01-21.mp4,0.0,64.400,120.367,30.000,TW,BBC, 4,Bob,38.694,batch processing,food handling,2HC,unknown,unknown,None,bucket 2,STATE,56.400,64.399,7.999,teressa_sync_filtered_videos\HC-BBC\Deployement period 4\2026-HC-BBC-A-B__2026-02-09_07-01-21.mp4,1692,NA,,,,
2026-HC-BBC-A-B__2026-02-09_07-01-21,2026-07-19 19:47:05.794,,Media file,player #1:teressa_sync_filtered_videos\HC-BBC\Deployement period 4\2026-HC-BBC-A-B__2026-02-09_07-01-21.mp4,0.0,64.400,120.367,30.000,TW,BBC, 4,Bob,38.694,2HC in batch processing,food handling,bucket 2,None,,,,STATE,58.800,64.399,5.599,teressa_sync_filtered_videos\HC-BBC\Deployement period 4\2026-HC-BBC-A-B__2026-02-09_07-01-21.mp4,1764,NA,,,,
2026-HC-BBC-A-B__2026-02-09_07-01-21,2026-07-19 19:47:05.794,,Media file,player #1:teressa_sync_filtered_videos\HC-BBC\Deployement period 4\2026-HC-BBC-A-B__2026-02-09_07-01-21.mp4,0.0,64.400,120.367,30.000,TW,BBC, 4,Bob,38.694,reduced visibility,status,,,,,,POINT,64.400,64.400,NA,teressa_sync_filtered_videos\HC-BBC\Deployement period 4\2026-HC-BBC-A-B__2026-02-09_07-01-21.mp4,1932,1932,,,,
2026-HC-BBC-A-B__2026-02-11_11-44-12,2026-07-19 19:47:38.157,,Media file,player #1:teressa_sync_filtered_videos\HC-BBC\Deployement period 4\2026-HC-BBC-A-B__2026-02-11_11-44-12.mp4,0.0,20.400,120.000,60.008,TW,BBC, 4,Bob,20.665,bucket inspection,information gain,bucket 2,,,,,STATE,4.872,6.238,1.366,teressa_sync_filtered_videos\HC-BBC\Deployement period 4\2026-HC-BBC-A-B__2026-02-11_11-44-12.mp4,292,374,,,,
2026-HC-BBC-A-B__2026-02-11_11-44-12,2026-07-19 19:47:38.157,,Media file,player #1:teressa_sync_filtered_videos\HC-BBC\Deployement period 4\2026-HC-BBC-A-B__2026-02-11_11-44-12.mp4,0.0,20.400,120.000,60.008,TW,BBC, 4,Bob,20.665,bucket rummaging,information gain,bucket 2,,,,,STATE,6.300,8.100,1.800,teressa_sync_filtered_videos\HC-BBC\Deployement period 4\2026-HC-BBC-A-B__2026-02-11_11-44-12.mp4,378,486,,,,
2026-HC-BBC-A-B__2026-02-11_11-44-12,2026-07-19 19:47:38.157,,Media file,player #1:teressa_sync_filtered_videos\HC-BBC\Deployement period 4\2026-HC-BBC-A-B__2026-02-11_11-44-12.mp4,0.0,20.400,120.000,60.008,TW,BBC, 4,Bob,20.665,handling HC,food handling,None,bucket 2,None,None,None,STATE,8.172,25.271,17.099,teressa_sync_filtered_videos\HC-BBC\Deployement period 4\2026-HC-BBC-A-B__2026-02-11_11-44-12.mp4,490,NA,,,,etna
2026-HC-BBC-A-B__2026-02-11_11-44-12,2026-07-19 19:47:38.157,,Media file,player #1:teressa_sync_filtered_videos\HC-BBC\Deployement period 4\2026-HC-BBC-A-B__2026-02-11_11-44-12.mp4,0.0,20.400,120.000,60.008,TW,BBC, 4,Bob,20.665,smells held HC,information gain,None,,,,,STATE,8.905,9.305,0.400,teressa_sync_filtered_videos\HC-BBC\Deployement period 4\2026-HC-BBC-A-B__2026-02-11_11-44-12.mp4,534,558,,,,
2026-HC-BBC-A-B__2026-02-11_11-44-12,2026-07-19 19:47:38.157,,Media file,player #1:teressa_sync_filtered_videos\HC-BBC\Deployement period 4\2026-HC-BBC-A-B__2026-02-11_11-44-12.mp4,0.0,20.400,120.000,60.008,TW,BBC, 4,Bob,20.665,hammerstone grab,food processing - tool use,other,by/on natural wood,yes,,,POINT,14.438,14.438,NA,teressa_sync_filtered_videos\HC-BBC\Deployement period 4\2026-HC-BBC-A-B__2026-02-11_11-44-12.mp4,866,866,,,limited visibility,
2026-HC-BBC-A-B__2026-02-11_11-44-12,2026-07-19 19:47:38.157,,Media file,player #1:teressa_sync_filtered_videos\HC-BBC\Deployement period 4\2026-HC-BBC-A-B__2026-02-11_11-44-12.mp4,0.0,20.400,120.000,60.008,TW,BBC, 4,Bob,20.665,pound with hammerstone,food processing - tool use,natural wood,None,None,,,POINT,15.238,15.238,NA,teressa_sync_filtered_videos\HC-BBC\Deployement period 4\2026-HC-BBC-A-B__2026-02-11_11-44-12.mp4,914,914,,,limited visibility,
2026-HC-BBC-A-B__2026-02-11_11-44-12,2026-07-19 19:47:38.157,,Media file,player #1:teressa_sync_filtered_videos\HC-BBC\Deployement period 4\2026-HC-BBC-A-B__2026-02-11_11-44-12.mp4,0.0,20.400,120.000,60.008,TW,BBC, 4,Bob,20.665,eats HC,food processing,,,,,,POINT,19.405,19.405,NA,teressa_sync_filtered_videos\HC-BBC\Deployement period 4\2026-HC-BBC-A-B__2026-02-11_11-44-12.mp4,1164,1164,,,limited visibility,
2026-HC-BBC-A-B__2026-02-11_11-44-12,2026-07-19 19:47:38.157,,Media file,player #1:teressa_sync_filtered_videos\HC-BBC\Deployement period 4\2026-HC-BBC-A-B__2026-02-11_11-44-12.mp4,0.0,20.400,120.000,60.008,TW,BBC, 4,Bob,20.665,reduced visibility,status,,,,,,POINT,25.272,25.272,NA,teressa_sync_filtered_videos\HC-BBC\Deployement period 4\2026-HC-BBC-A-B__2026-02-11_11-44-12.mp4,1516,1516,,,,
2026-HC-BBC-A-B__2026-02-11_12-42-22,2026-07-19 19:48:13.177,,Media file,player #1:teressa_sync_filtered_videos\HC-BBC\Deployement period 4\2026-HC-BBC-A-B__2026-02-11_12-42-22.mp4,0.0,118.567,123.533,30.000,TW,BBC, 4,Bob,2.6,bucket inspection,information gain,bucket 2,,,,,STATE,4.000,5.000,1.000,teressa_sync_filtered_videos\HC-BBC\Deployement period 4\2026-HC-BBC-A-B__2026-02-11_12-42-22.mp4,198,247,,,,
2026-HC-BBC-A-B__2026-02-11_12-42-22,2026-07-19 19:48:13.177,,Media file,player #1:teressa_sync_filtered_videos\HC-BBC\Deployement period 4\2026-HC-BBC-A-B__2026-02-11_12-42-22.mp4,0.0,118.567,123.533,30.000,TW,BBC, 4,Bob,2.6,bucket rummaging,information gain,bucket 2,,,,,STATE,5.067,6.667,1.600,teressa_sync_filtered_videos\HC-BBC\Deployement period 4\2026-HC-BBC-A-B__2026-02-11_12-42-22.mp4,250,330,,,,
2026-HC-BBC-A-B__2026-02-11_12-42-22,2026-07-19 19:48:13.177,,Media file,player #1:teressa_sync_filtered_videos\HC-BBC\Deployement period 4\2026-HC-BBC-A-B__2026-02-11_12-42-22.mp4,0.0,118.567,123.533,30.000,TW,BBC, 4,Bob,2.6,other behavior/modifier,user notes,None,,,,,POINT,82.133,82.133,NA,teressa_sync_filtered_videos\HC-BBC\Deployement period 4\2026-HC-BBC-A-B__2026-02-11_12-42-22.mp4,4060,4060,,,almendra,
2026-HC-BBC-A-B__2026-02-11_12-42-22,2026-07-19 19:48:13.177,,Media file,player #1:teressa_sync_filtered_videos\HC-BBC\Deployement period 4\2026-HC-BBC-A-B__2026-02-11_12-42-22.mp4,0.0,118.567,123.533,30.000,TW,BBC, 4,Caesar,1.967,bucket inspection,information gain,bucket 2,,,,,STATE,114.100,115.100,1.000,teressa_sync_filtered_videos\HC-BBC\Deployement period 4\2026-HC-BBC-A-B__2026-02-11_12-42-22.mp4,5640,5690,,,,
2026-HC-BBC-A-B__2026-02-11_12-42-22,2026-07-19 19:48:13.177,,Media file,player #1:teressa_sync_filtered_videos\HC-BBC\Deployement period 4\2026-HC-BBC-A-B__2026-02-11_12-42-22.mp4,0.0,118.567,123.533,30.000,TW,BBC, 4,Caesar,1.967,handling HC,food handling,None,bucket 2,None,None,None,STATE,121.600,122.567,0.967,teressa_sync_filtered_videos\HC-BBC\Deployement period 4\2026-HC-BBC-A-B__2026-02-11_12-42-22.mp4,6011,6059,,,,
2026-HC-BBC-A-B__2026-02-11_12-42-22,2026-07-19 19:48:13.177,,Media file,player #1:teressa_sync_filtered_videos\HC-BBC\Deployement period 4\2026-HC-BBC-A-B__2026-02-11_12-42-22.mp4,0.0,118.567,123.533,30.000,TW,BBC, 4,Caesar,1.967,releases HC,food handling,bucket 2,None,,,,POINT,122.567,122.567,NA,teressa_sync_filtered_videos\HC-BBC\Deployement period 4\2026-HC-BBC-A-B__2026-02-11_12-42-22.mp4,6059,6059,,,,
2026-HC-BBC-A-B__2026-02-11_12-44-34,2026-07-19 19:48:52.269,,Media file,player #1:teressa_sync_filtered_videos\HC-BBC\Deployement period 4\2026-HC-BBC-A-B__2026-02-11_12-44-34.mp4,0.0,0.000,126.600,30.000,TW,BBC, 4,unknown #1,0.0,point of interest/general comment,user notes,other - comment,,,,,POINT,0.633,0.633,NA,teressa_sync_filtered_videos\HC-BBC\Deployement period 4\2026-HC-BBC-A-B__2026-02-11_12-44-34.mp4,25,25,,,nca,
2026-HC-BBC-A-B__2026-02-11_15-02-38,2026-07-19 19:49:18.132,,Media file,player #1:teressa_sync_filtered_videos\HC-BBC\Deployement period 4\2026-HC-BBC-A-B__2026-02-11_15-02-38.mp4,0.0,1.533,120.067,60.000,TW,BBC, 4,Luigi,1.533,bucket inspection,information gain,bucket 2,,,,,STATE,1.400,2.933,1.533,teressa_sync_filtered_videos\HC-BBC\Deployement period 4\2026-HC-BBC-A-B__2026-02-11_15-02-38.mp4,84,176,,,,
2026-HC-BBC-A-B__2026-02-11_15-20-42,2026-07-19 19:49:43.898,,Media file,player #1:teressa_sync_filtered_videos\HC-BBC\Deployement period 4\2026-HC-BBC-A-B__2026-02-11_15-20-42.mp4,0.0,33.434,145.167,30.000,TW,BBC, 4,Bob,60.865,bucket inspection,information gain,bucket 2,,,,,STATE,111.733,112.933,1.200,teressa_sync_filtered_videos\HC-BBC\Deployement period 4\2026-HC-BBC-A-B__2026-02-11_15-20-42.mp4,3353,3389,,,,
2026-HC-BBC-A-B__2026-02-11_15-20-42,2026-07-19 19:49:43.898,,Media file,player #1:teressa_sync_filtered_videos\HC-BBC\Deployement period 4\2026-HC-BBC-A-B__2026-02-11_15-20-42.mp4,0.0,33.434,145.167,30.000,TW,BBC, 4,Bob,60.865,bucket rummaging,information gain,bucket 2,,,,,STATE,120.333,127.500,7.167,teressa_sync_filtered_videos\HC-BBC\Deployement period 4\2026-HC-BBC-A-B__2026-02-11_15-20-42.mp4,3611,3826,,,,
2026-HC-BBC-A-B__2026-02-11_15-20-42,2026-07-19 19:49:43.898,,Media file,player #1:teressa_sync_filtered_videos\HC-BBC\Deployement period 4\2026-HC-BBC-A-B__2026-02-11_15-20-42.mp4,0.0,33.434,145.167,30.000,TW,BBC, 4,Bob,60.865,batch processing,food handling,3HC,1HC,3HC,"manipulate with hands,hit/pound on surface",bucket 2,STATE,127.667,145.167,17.500,teressa_sync_filtered_videos\HC-BBC\Deployement period 4\2026-HC-BBC-A-B__2026-02-11_15-20-42.mp4,3831,4356,,,,etna
2026-HC-BBC-A-B__2026-02-11_15-20-42,2026-07-19 19:49:43.898,,Media file,player #1:teressa_sync_filtered_videos\HC-BBC\Deployement period 4\2026-HC-BBC-A-B__2026-02-11_15-20-42.mp4,0.0,33.434,145.167,30.000,TW,BBC, 4,Bob,60.865,2HC in batch processing,food handling,bucket 2,None,,,,STATE,127.667,145.166,17.499,teressa_sync_filtered_videos\HC-BBC\Deployement period 4\2026-HC-BBC-A-B__2026-02-11_15-20-42.mp4,3831,NA,,,,Event automatically added by the fix unpaired state events function
2026-HC-BBC-A-B__2026-02-11_15-20-42,2026-07-19 19:49:43.898,,Media file,player #1:teressa_sync_filtered_videos\HC-BBC\Deployement period 4\2026-HC-BBC-A-B__2026-02-11_15-20-42.mp4,0.0,33.434,145.167,30.000,TW,BBC, 4,Bob,60.865,3HC in batch processing,food handling,bucket 2,None,,,,STATE,127.667,145.166,17.499,teressa_sync_filtered_videos\HC-BBC\Deployement period 4\2026-HC-BBC-A-B__2026-02-11_15-20-42.mp4,3831,NA,,,,Event automatically added by the fix unpaired state events function
2026-HC-BBC-A-B__2026-02-11_15-31-23,2026-07-19 19:50:07.433,,Media file,player #1:teressa_sync_filtered_videos\HC-BBC\Deployement period 4\2026-HC-BBC-A-B__2026-02-11_15-31-23.mp4,0.0,21.133,120.367,30.000,TW,BBC, 4,juvenile #1,19.597,bucket inspection,information gain,bucket 2,,,,,STATE,94.167,102.300,8.133,teressa_sync_filtered_videos\HC-BBC\Deployement period 4\2026-HC-BBC-A-B__2026-02-11_15-31-23.mp4,2826,3070,,,,
2026-HC-BBC-A-B__2026-02-11_15-31-23,2026-07-19 19:50:07.433,,Media file,player #1:teressa_sync_filtered_videos\HC-BBC\Deployement period 4\2026-HC-BBC-A-B__2026-02-11_15-31-23.mp4,0.0,21.133,120.367,30.000,TW,BBC, 4,juvenile #2,4.833,bucket inspection,information gain,bucket 2,,,,,STATE,98.467,101.300,2.833,teressa_sync_filtered_videos\HC-BBC\Deployement period 4\2026-HC-BBC-A-B__2026-02-11_15-31-23.mp4,2955,3040,,,,
2026-HC-BBC-A-B__2026-02-11_15-31-23,2026-07-19 19:50:07.433,,Media file,player #1:teressa_sync_filtered_videos\HC-BBC\Deployement period 4\2026-HC-BBC-A-B__2026-02-11_15-31-23.mp4,0.0,21.133,120.367,30.000,TW,BBC, 4,juvenile #2,4.833,bucket rummaging,information gain,bucket 2,,,,,STATE,101.433,103.433,2.000,teressa_sync_filtered_videos\HC-BBC\Deployement period 4\2026-HC-BBC-A-B__2026-02-11_15-31-23.mp4,3044,3104,,,,
2026-HC-BBC-A-B__2026-02-11_15-31-23,2026-07-19 19:50:07.433,,Media file,player #1:teressa_sync_filtered_videos\HC-BBC\Deployement period 4\2026-HC-BBC-A-B__2026-02-11_15-31-23.mp4,0.0,21.133,120.367,30.000,TW,BBC, 4,juvenile #1,19.597,bucket rummaging,information gain,bucket 2,,,,,STATE,102.667,104.933,2.266,teressa_sync_filtered_videos\HC-BBC\Deployement period 4\2026-HC-BBC-A-B__2026-02-11_15-31-23.mp4,3081,3149,,,,
2026-HC-BBC-A-B__2026-02-11_15-31-23,2026-07-19 19:50:07.433,,Media file,player #1:teressa_sync_filtered_videos\HC-BBC\Deployement period 4\2026-HC-BBC-A-B__2026-02-11_15-31-23.mp4,0.0,21.133,120.367,30.000,TW,BBC, 4,juvenile #1,19.597,handling HC,food handling,None,bucket 2,None,None,None,STATE,105.067,112.432,7.365,teressa_sync_filtered_videos\HC-BBC\Deployement period 4\2026-HC-BBC-A-B__2026-02-11_15-31-23.mp4,3153,NA,,,,etna
2026-HC-BBC-A-B__2026-02-11_15-31-23,2026-07-19 19:50:07.433,,Media file,player #1:teressa_sync_filtered_videos\HC-BBC\Deployement period 4\2026-HC-BBC-A-B__2026-02-11_15-31-23.mp4,0.0,21.133,120.367,30.000,TW,BBC, 4,juvenile #1,19.597,smells held HC,information gain,None,,,,,STATE,105.833,106.833,1.000,teressa_sync_filtered_videos\HC-BBC\Deployement period 4\2026-HC-BBC-A-B__2026-02-11_15-31-23.mp4,3176,3206,,,,
2026-HC-BBC-A-B__2026-02-11_15-31-23,2026-07-19 19:50:07.433,,Media file,player #1:teressa_sync_filtered_videos\HC-BBC\Deployement period 4\2026-HC-BBC-A-B__2026-02-11_15-31-23.mp4,0.0,21.133,120.367,30.000,TW,BBC, 4,juvenile #1,19.597,bucket inspection,information gain,bucket 1,,,,,STATE,111.067,111.467,0.400,teressa_sync_filtered_videos\HC-BBC\Deployement period 4\2026-HC-BBC-A-B__2026-02-11_15-31-23.mp4,3333,3345,,,,
2026-HC-BBC-A-B__2026-02-11_15-31-23,2026-07-19 19:50:07.433,,Media file,player #1:teressa_sync_filtered_videos\HC-BBC\Deployement period 4\2026-HC-BBC-A-B__2026-02-11_15-31-23.mp4,0.0,21.133,120.367,30.000,TW,BBC, 4,juvenile #1,19.597,smells held HC,information gain,None,,,,,STATE,111.567,112.000,0.433,teressa_sync_filtered_videos\HC-BBC\Deployement period 4\2026-HC-BBC-A-B__2026-02-11_15-31-23.mp4,3348,3361,,,,
2026-HC-BBC-A-B__2026-02-11_15-31-23,2026-07-19 19:50:07.433,,Media file,player #1:teressa_sync_filtered_videos\HC-BBC\Deployement period 4\2026-HC-BBC-A-B__2026-02-11_15-31-23.mp4,0.0,21.133,120.367,30.000,TW,BBC, 4,juvenile #1,19.597,reduced visibility,status,,,,,,POINT,112.433,112.433,NA,teressa_sync_filtered_videos\HC-BBC\Deployement period 4\2026-HC-BBC-A-B__2026-02-11_15-31-23.mp4,3374,3374,,,,
2026-HC-BBC-A-B__2026-02-11_15-31-23,2026-07-19 19:50:07.433,,Media file,player #1:teressa_sync_filtered_videos\HC-BBC\Deployement period 4\2026-HC-BBC-A-B__2026-02-11_15-31-23.mp4,0.0,21.133,120.367,30.000,TW,BBC, 4,juvenile #3,1.067,bucket rummaging,information gain,bucket 1,,,,,STATE,114.233,115.300,1.067,teressa_sync_filtered_videos\HC-BBC\Deployement period 4\2026-HC-BBC-A-B__2026-02-11_15-31-23.mp4,3428,3460,,,,
2026-HC-BBC-A-B__2026-02-11_15-33-27,2026-07-19 19:50:38.228,,Media file,player #1:teressa_sync_filtered_videos\HC-BBC\Deployement period 4\2026-HC-BBC-A-B__2026-02-11_15-33-27.mp4,0.0,106.966,120.867,30.000,TW,BBC, 4,juvenile #1,3.566,handling HC,food handling,None,bucket 2,None,None,None,STATE,3.367,5.500,2.133,teressa_sync_filtered_videos\HC-BBC\Deployement period 4\2026-HC-BBC-A-B__2026-02-11_15-33-27.mp4,101,165,,,,
2026-HC-BBC-A-B__2026-02-11_15-33-27,2026-07-19 19:50:38.228,,Media file,player #1:teressa_sync_filtered_videos\HC-BBC\Deployement period 4\2026-HC-BBC-A-B__2026-02-11_15-33-27.mp4,0.0,106.966,120.867,30.000,TW,BBC, 4,juvenile #1,3.566,smells held HC,information gain,None,,,,,STATE,4.000,5.433,1.433,teressa_sync_filtered_videos\HC-BBC\Deployement period 4\2026-HC-BBC-A-B__2026-02-11_15-33-27.mp4,120,163,,,,
2026-HC-BBC-A-B__2026-02-11_15-33-27,2026-07-19 19:50:38.228,,Media file,player #1:teressa_sync_filtered_videos\HC-BBC\Deployement period 4\2026-HC-BBC-A-B__2026-02-11_15-33-27.mp4,0.0,106.966,120.867,30.000,TW,BBC, 4,juvenile #1,3.566,releases HC,food handling,None,None,,,,POINT,5.500,5.500,NA,teressa_sync_filtered_videos\HC-BBC\Deployement period 4\2026-HC-BBC-A-B__2026-02-11_15-33-27.mp4,165,165,,,,
2026-HC-BBC-A-B__2026-02-11_15-33-27,2026-07-19 19:50:38.228,,Media file,player #1:teressa_sync_filtered_videos\HC-BBC\Deployement period 4\2026-HC-BBC-A-B__2026-02-11_15-33-27.mp4,0.0,106.966,120.867,30.000,TW,BBC, 4,juvenile #2,60.767,bucket rummaging,information gain,bucket 2,,,,,STATE,20.600,28.967,8.367,teressa_sync_filtered_videos\HC-BBC\Deployement period 4\2026-HC-BBC-A-B__2026-02-11_15-33-27.mp4,618,869,,,,
2026-HC-BBC-A-B__2026-02-11_15-33-27,2026-07-19 19:50:38.228,,Media file,player #1:teressa_sync_filtered_videos\HC-BBC\Deployement period 4\2026-HC-BBC-A-B__2026-02-11_15-33-27.mp4,0.0,106.966,120.867,30.000,TW,BBC, 4,juvenile #2,60.767,handling HC,food handling,None,bucket 2,None,None,None,STATE,29.200,30.133,0.933,teressa_sync_filtered_videos\HC-BBC\Deployement period 4\2026-HC-BBC-A-B__2026-02-11_15-33-27.mp4,876,904,,,,
2026-HC-BBC-A-B__2026-02-11_15-33-27,2026-07-19 19:50:38.228,,Media file,player #1:teressa_sync_filtered_videos\HC-BBC\Deployement period 4\2026-HC-BBC-A-B__2026-02-11_15-33-27.mp4,0.0,106.966,120.867,30.000,TW,BBC, 4,juvenile #2,60.767,releases HC,food handling,bucket 2,None,,,,POINT,30.133,30.133,NA,teressa_sync_filtered_videos\HC-BBC\Deployement period 4\2026-HC-BBC-A-B__2026-02-11_15-33-27.mp4,904,904,,,,
2026-HC-BBC-A-B__2026-02-11_15-33-27,2026-07-19 19:50:38.228,,Media file,player #1:teressa_sync_filtered_videos\HC-BBC\Deployement period 4\2026-HC-BBC-A-B__2026-02-11_15-33-27.mp4,0.0,106.966,120.867,30.000,TW,BBC, 4,juvenile #2,60.767,handling HC,food handling,None,bucket 2,None,None,None,STATE,30.633,31.300,0.667,teressa_sync_filtered_videos\HC-BBC\Deployement period 4\2026-HC-BBC-A-B__2026-02-11_15-33-27.mp4,919,939,,,,
2026-HC-BBC-A-B__2026-02-11_15-33-27,2026-07-19 19:50:38.228,,Media file,player #1:teressa_sync_filtered_videos\HC-BBC\Deployement period 4\2026-HC-BBC-A-B__2026-02-11_15-33-27.mp4,0.0,106.966,120.867,30.000,TW,BBC, 4,juvenile #2,60.767,releases HC,food handling,bucket 2,None,,,,POINT,31.300,31.300,NA,teressa_sync_filtered_videos\HC-BBC\Deployement period 4\2026-HC-BBC-A-B__2026-02-11_15-33-27.mp4,939,939,,,,
2026-HC-BBC-A-B__2026-02-11_15-33-27,2026-07-19 19:50:38.228,,Media file,player #1:teressa_sync_filtered_videos\HC-BBC\Deployement period 4\2026-HC-BBC-A-B__2026-02-11_15-33-27.mp4,0.0,106.966,120.867,30.000,TW,BBC, 4,juvenile #2,60.767,bucket rummaging,information gain,bucket 2,,,,,STATE,31.400,45.633,14.233,teressa_sync_filtered_videos\HC-BBC\Deployement period 4\2026-HC-BBC-A-B__2026-02-11_15-33-27.mp4,942,1369,,,,
2026-HC-BBC-A-B__2026-02-11_15-33-27,2026-07-19 19:50:38.228,,Media file,player #1:teressa_sync_filtered_videos\HC-BBC\Deployement period 4\2026-HC-BBC-A-B__2026-02-11_15-33-27.mp4,0.0,106.966,120.867,30.000,TW,BBC, 4,juvenile #2,60.767,bucket rummaging,information gain,bucket 2,,,,,STATE,48.333,53.900,5.567,teressa_sync_filtered_videos\HC-BBC\Deployement period 4\2026-HC-BBC-A-B__2026-02-11_15-33-27.mp4,1450,1617,,,,
2026-HC-BBC-A-B__2026-02-11_15-33-27,2026-07-19 19:50:38.228,,Media file,player #1:teressa_sync_filtered_videos\HC-BBC\Deployement period 4\2026-HC-BBC-A-B__2026-02-11_15-33-27.mp4,0.0,106.966,120.867,30.000,TW,BBC, 4,juvenile #2,60.767,handling HC,food handling,None,bucket 2,None,None,None,STATE,67.600,68.100,0.500,teressa_sync_filtered_videos\HC-BBC\Deployement period 4\2026-HC-BBC-A-B__2026-02-11_15-33-27.mp4,2028,2043,,,,
2026-HC-BBC-A-B__2026-02-11_15-33-27,2026-07-19 19:50:38.228,,Media file,player #1:teressa_sync_filtered_videos\HC-BBC\Deployement period 4\2026-HC-BBC-A-B__2026-02-11_15-33-27.mp4,0.0,106.966,120.867,30.000,TW,BBC, 4,juvenile #2,60.767,releases HC,food handling,bucket 2,None,,,,POINT,68.100,68.100,NA,teressa_sync_filtered_videos\HC-BBC\Deployement period 4\2026-HC-BBC-A-B__2026-02-11_15-33-27.mp4,2043,2043,,,,
2026-HC-BBC-A-B__2026-02-11_15-33-27,2026-07-19 19:50:38.228,,Media file,player #1:teressa_sync_filtered_videos\HC-BBC\Deployement period 4\2026-HC-BBC-A-B__2026-02-11_15-33-27.mp4,0.0,106.966,120.867,30.000,TW,BBC, 4,juvenile #2,60.767,bucket rummaging,information gain,bucket 2,,,,,STATE,68.133,73.300,5.167,teressa_sync_filtered_videos\HC-BBC\Deployement period 4\2026-HC-BBC-A-B__2026-02-11_15-33-27.mp4,2044,2199,,,,
2026-HC-BBC-A-B__2026-02-11_15-33-27,2026-07-19 19:50:38.228,,Media file,player #1:teressa_sync_filtered_videos\HC-BBC\Deployement period 4\2026-HC-BBC-A-B__2026-02-11_15-33-27.mp4,0.0,106.966,120.867,30.000,TW,BBC, 4,juvenile #2,60.767,handling HC,food handling,None,bucket 2,None,None,None,STATE,73.467,75.167,1.700,teressa_sync_filtered_videos\HC-BBC\Deployement period 4\2026-HC-BBC-A-B__2026-02-11_15-33-27.mp4,2204,2255,,,,
2026-HC-BBC-A-B__2026-02-11_15-33-27,2026-07-19 19:50:38.228,,Media file,player #1:teressa_sync_filtered_videos\HC-BBC\Deployement period 4\2026-HC-BBC-A-B__2026-02-11_15-33-27.mp4,0.0,106.966,120.867,30.000,TW,BBC, 4,juvenile #2,60.767,smells held HC,information gain,None,,,,,STATE,73.733,74.300,0.567,teressa_sync_filtered_videos\HC-BBC\Deployement period 4\2026-HC-BBC-A-B__2026-02-11_15-33-27.mp4,2212,2229,,,,
2026-HC-BBC-A-B__2026-02-11_15-33-27,2026-07-19 19:50:38.228,,Media file,player #1:teressa_sync_filtered_videos\HC-BBC\Deployement period 4\2026-HC-BBC-A-B__2026-02-11_15-33-27.mp4,0.0,106.966,120.867,30.000,TW,BBC, 4,juvenile #2,60.767,releases HC,food handling,bucket 2,None,,,,POINT,75.167,75.167,NA,teressa_sync_filtered_videos\HC-BBC\Deployement period 4\2026-HC-BBC-A-B__2026-02-11_15-33-27.mp4,2255,2255,,,,
2026-HC-BBC-A-B__2026-02-11_15-33-27,2026-07-19 19:50:38.228,,Media file,player #1:teressa_sync_filtered_videos\HC-BBC\Deployement period 4\2026-HC-BBC-A-B__2026-02-11_15-33-27.mp4,0.0,106.966,120.867,30.000,TW,BBC, 4,juvenile #2,60.767,handling HC,food handling,None,bucket 2,None,None,None,STATE,75.267,85.200,9.933,teressa_sync_filtered_videos\HC-BBC\Deployement period 4\2026-HC-BBC-A-B__2026-02-11_15-33-27.mp4,2258,2556,,,,
2026-HC-BBC-A-B__2026-02-11_15-33-27,2026-07-19 19:50:38.228,,Media file,player #1:teressa_sync_filtered_videos\HC-BBC\Deployement period 4\2026-HC-BBC-A-B__2026-02-11_15-33-27.mp4,0.0,106.966,120.867,30.000,TW,BBC, 4,juvenile #2,60.767,releases HC,food handling,arena stone anvil,unknown/other,,,,POINT,77.633,77.633,NA,teressa_sync_filtered_videos\HC-BBC\Deployement period 4\2026-HC-BBC-A-B__2026-02-11_15-33-27.mp4,2329,2329,,,,
2026-HC-BBC-A-B__2026-02-11_15-33-27,2026-07-19 19:50:38.228,,Media file,player #1:teressa_sync_filtered_videos\HC-BBC\Deployement period 4\2026-HC-BBC-A-B__2026-02-11_15-33-27.mp4,0.0,106.966,120.867,30.000,TW,BBC, 4,juvenile #2,60.767,hammerstone grab,food processing - tool use,large,by/on arena stone,yes,,,POINT,78.567,78.567,NA,teressa_sync_filtered_videos\HC-BBC\Deployement period 4\2026-HC-BBC-A-B__2026-02-11_15-33-27.mp4,2357,2357,,,,
2026-HC-BBC-A-B__2026-02-11_15-33-27,2026-07-19 19:50:38.228,,Media file,player #1:teressa_sync_filtered_videos\HC-BBC\Deployement period 4\2026-HC-BBC-A-B__2026-02-11_15-33-27.mp4,0.0,106.966,120.867,30.000,TW,BBC, 4,juvenile #2,60.767,pound with hammerstone,food processing - tool use,arena stone,None,failure,,,POINT,80.633,80.633,NA,teressa_sync_filtered_videos\HC-BBC\Deployement period 4\2026-HC-BBC-A-B__2026-02-11_15-33-27.mp4,2419,2419,,,,
2026-HC-BBC-A-B__2026-02-11_15-33-27,2026-07-19 19:50:38.228,,Media file,player #1:teressa_sync_filtered_videos\HC-BBC\Deployement period 4\2026-HC-BBC-A-B__2026-02-11_15-33-27.mp4,0.0,106.966,120.867,30.000,TW,BBC, 4,juvenile #2,60.767,releases HC,food handling,arena stone anvil,unknown/other,,,,POINT,82.900,82.900,NA,teressa_sync_filtered_videos\HC-BBC\Deployement period 4\2026-HC-BBC-A-B__2026-02-11_15-33-27.mp4,2487,2487,,,,
2026-HC-BBC-A-B__2026-02-11_15-33-27,2026-07-19 19:50:38.228,,Media file,player #1:teressa_sync_filtered_videos\HC-BBC\Deployement period 4\2026-HC-BBC-A-B__2026-02-11_15-33-27.mp4,0.0,106.966,120.867,30.000,TW,BBC, 4,juvenile #2,60.767,hammerstone grab,food processing - tool use,large,by/on arena stone,yes,,,POINT,84.167,84.167,NA,teressa_sync_filtered_videos\HC-BBC\Deployement period 4\2026-HC-BBC-A-B__2026-02-11_15-33-27.mp4,2525,2525,,,,
2026-HC-BBC-A-B__2026-02-11_15-33-27,2026-07-19 19:50:38.228,,Media file,player #1:teressa_sync_filtered_videos\HC-BBC\Deployement period 4\2026-HC-BBC-A-B__2026-02-11_15-33-27.mp4,0.0,106.966,120.867,30.000,TW,BBC, 4,juvenile #2,60.767,pound with hammerstone,food processing - tool use,arena stone,None,failure,,,POINT,85.133,85.133,NA,teressa_sync_filtered_videos\HC-BBC\Deployement period 4\2026-HC-BBC-A-B__2026-02-11_15-33-27.mp4,2554,2554,,,,
2026-HC-BBC-A-B__2026-02-11_15-33-27,2026-07-19 19:50:38.228,,Media file,player #1:teressa_sync_filtered_videos\HC-BBC\Deployement period 4\2026-HC-BBC-A-B__2026-02-11_15-33-27.mp4,0.0,106.966,120.867,30.000,TW,BBC, 4,juvenile #2,60.767,releases HC,food handling,other,failure/uneaten,,,,POINT,85.200,85.200,NA,teressa_sync_filtered_videos\HC-BBC\Deployement period 4\2026-HC-BBC-A-B__2026-02-11_15-33-27.mp4,2556,2556,,,,
2026-HC-BBC-A-B__2026-02-11_15-33-27,2026-07-19 19:50:38.228,,Media file,player #1:teressa_sync_filtered_videos\HC-BBC\Deployement period 4\2026-HC-BBC-A-B__2026-02-11_15-33-27.mp4,0.0,106.966,120.867,30.000,TW,BBC, 4,juvenile #2,60.767,bucket rummaging,information gain,bucket 2,,,,,STATE,97.200,110.333,13.133,teressa_sync_filtered_videos\HC-BBC\Deployement period 4\2026-HC-BBC-A-B__2026-02-11_15-33-27.mp4,2917,3311,,,,
2026-HC-BBC-A-B__2026-02-11_15-35-30,2026-07-19 19:51:31.636,,Media file,player #1:teressa_sync_filtered_videos\HC-BBC\Deployement period 4\2026-HC-BBC-A-B__2026-02-11_15-35-30.mp4,0.0,8.567,123.833,30.000,TW,BBC, 4,juvenile #1,5.933,bucket inspection,information gain,bucket 2,,,,,STATE,77.233,80.533,3.300,teressa_sync_filtered_videos\HC-BBC\Deployement period 4\2026-HC-BBC-A-B__2026-02-11_15-35-30.mp4,3814,3977,,,,
2026-HC-BBC-A-B__2026-02-11_15-35-30,2026-07-19 19:51:31.636,,Media file,player #1:teressa_sync_filtered_videos\HC-BBC\Deployement period 4\2026-HC-BBC-A-B__2026-02-11_15-35-30.mp4,0.0,8.567,123.833,30.000,TW,BBC, 4,juvenile #1,5.933,bucket inspection,information gain,bucket 1,,,,,STATE,83.167,85.800,2.633,teressa_sync_filtered_videos\HC-BBC\Deployement period 4\2026-HC-BBC-A-B__2026-02-11_15-35-30.mp4,4107,4237,,,,
2026-HC-BBC-A-B__2026-02-11_15-37-36,2026-07-19 19:52:35.955,,Media file,player #1:teressa_sync_filtered_videos\HC-BBC\Deployement period 4\2026-HC-BBC-A-B__2026-02-11_15-37-36.mp4,0.0,0.000,120.033,60.000,TW,BBC, 4,unknown #1,0.0,point of interest/general comment,user notes,other - comment,,,,,POINT,0.400,0.400,NA,teressa_sync_filtered_videos\HC-BBC\Deployement period 4\2026-HC-BBC-A-B__2026-02-11_15-37-36.mp4,20,20,,,nca,
2026-HC-BBC-A-B__2026-02-11_15-48-08,2026-07-19 19:52:57.156,,Media file,player #1:teressa_sync_filtered_videos\HC-BBC\Deployement period 4\2026-HC-BBC-A-B__2026-02-11_15-48-08.mp4,0.0,4.133,120.467,30.000,TW,BBC, 4,subadult male #1,4.066,bucket rummaging,information gain,bucket 1,,,,,STATE,13.967,16.533,2.566,teressa_sync_filtered_videos\HC-BBC\Deployement period 4\2026-HC-BBC-A-B__2026-02-11_15-48-08.mp4,419,496,,,,
2026-HC-BBC-A-B__2026-02-11_15-48-08,2026-07-19 19:52:57.156,,Media file,player #1:teressa_sync_filtered_videos\HC-BBC\Deployement period 4\2026-HC-BBC-A-B__2026-02-11_15-48-08.mp4,0.0,4.133,120.467,30.000,TW,BBC, 4,subadult male #1,4.066,handling HC,food handling,None,bucket 1,None,None,None,STATE,16.600,18.100,1.500,teressa_sync_filtered_videos\HC-BBC\Deployement period 4\2026-HC-BBC-A-B__2026-02-11_15-48-08.mp4,498,543,,,,
2026-HC-BBC-A-B__2026-02-11_15-48-08,2026-07-19 19:52:57.156,,Media file,player #1:teressa_sync_filtered_videos\HC-BBC\Deployement period 4\2026-HC-BBC-A-B__2026-02-11_15-48-08.mp4,0.0,4.133,120.467,30.000,TW,BBC, 4,subadult male #1,4.066,releases HC,food handling,arena stone anvil,None,,,,POINT,18.100,18.100,NA,teressa_sync_filtered_videos\HC-BBC\Deployement period 4\2026-HC-BBC-A-B__2026-02-11_15-48-08.mp4,543,543,,,,
2026-HC-BBC-A-B__2026-02-11_15-56-48,2026-07-19 19:53:17.582,,Media file,player #1:teressa_sync_filtered_videos\HC-BBC\Deployement period 4\2026-HC-BBC-A-B__2026-02-11_15-56-48.mp4,0.0,0.000,188.133,30.000,TW,BBC, 4,unknown #1,0.0,point of interest/general comment,user notes,other - comment,,,,,POINT,0.367,0.367,NA,teressa_sync_filtered_videos\HC-BBC\Deployement period 4\2026-HC-BBC-A-B__2026-02-11_15-56-48.mp4,16,16,,,nca,
2026-HC-BBC-A-B__2026-02-12_16-10-04,2026-07-19 19:53:40.425,,Media file,player #1:teressa_sync_filtered_videos\HC-BBC\Deployement period 4\2026-HC-BBC-A-B__2026-02-12_16-10-04.mp4,0.0,0.000,122.367,30.000,TW,BBC, 4,unknown #1,0.0,point of interest/general comment,user notes,other - comment,,,,,POINT,0.500,0.500,NA,teressa_sync_filtered_videos\HC-BBC\Deployement period 4\2026-HC-BBC-A-B__2026-02-12_16-10-04.mp4,15,15,,,nca,
2026-HC-BBC-A-B__2026-02-12_16-14-05,2026-07-19 19:54:02.306,,Media file,player #1:teressa_sync_filtered_videos\HC-BBC\Deployement period 4\2026-HC-BBC-A-B__2026-02-12_16-14-05.mp4,0.0,0.000,129.833,30.000,TW,BBC, 4,unknown #1,0.0,point of interest/general comment,user notes,other - comment,,,,,POINT,0.967,0.967,NA,teressa_sync_filtered_videos\HC-BBC\Deployement period 4\2026-HC-BBC-A-B__2026-02-12_16-14-05.mp4,47,47,,,nca,
2026-HC-BBC-A-B__2026-02-12_16-18-37,2026-07-19 19:54:27.176,,Media file,player #1:teressa_sync_filtered_videos\HC-BBC\Deployement period 4\2026-HC-BBC-A-B__2026-02-12_16-18-37.mp4,0.0,0.000,191.633,30.000,TW,BBC, 4,unknown #1,0.0,point of interest/general comment,user notes,other - comment,,,,,POINT,0.100,0.100,NA,teressa_sync_filtered_videos\HC-BBC\Deployement period 4\2026-HC-BBC-A-B__2026-02-12_16-18-37.mp4,4,4,,,nca,
2026-HC-BBC-A-B__2026-02-12_16-29-04,2026-07-19 19:54:48.588,,Media file,player #1:teressa_sync_filtered_videos\HC-BBC\Deployement period 4\2026-HC-BBC-A-B__2026-02-12_16-29-04.mp4,0.0,0.000,134.900,30.000,TW,BBC, 4,unknown #1,0.0,point of interest/general comment,user notes,other - comment,,,,,POINT,2.100,2.100,NA,teressa_sync_filtered_videos\HC-BBC\Deployement period 4\2026-HC-BBC-A-B__2026-02-12_16-29-04.mp4,82,82,,,nca,
2026-HC-BBC-A-B__2026-02-12_16-31-09,2026-07-19 19:55:49.625,,Media file,player #1:teressa_sync_filtered_videos\HC-BBC\Deployement period 4\2026-HC-BBC-A-B__2026-02-12_16-31-09.mp4,0.0,0.000,122.500,30.000,TW,BBC, 4,unknown #1,0.0,point of interest/general comment,user notes,other - comment,,,,,POINT,0.367,0.367,NA,teressa_sync_filtered_videos\HC-BBC\Deployement period 4\2026-HC-BBC-A-B__2026-02-12_16-31-09.mp4,15,15,,,nca,
2026-HC-BBC-A-B__2026-02-12_16-39-11,2026-07-19 19:56:16.223,,Media file,player #1:teressa_sync_filtered_videos\HC-BBC\Deployement period 4\2026-HC-BBC-A-B__2026-02-12_16-39-11.mp4,0.0,0.000,191.200,30.000,TW,BBC, 4,unknown #1,0.0,point of interest/general comment,user notes,other - comment,,,,,POINT,0.367,0.367,NA,teressa_sync_filtered_videos\HC-BBC\Deployement period 4\2026-HC-BBC-A-B__2026-02-12_16-39-11.mp4,13,13,,,nca,
2026-HC-BBC-A-B__2026-02-12_16-46-35,2026-07-19 19:56:37.789,,Media file,player #1:teressa_sync_filtered_videos\HC-BBC\Deployement period 4\2026-HC-BBC-A-B__2026-02-12_16-46-35.mp4,0.0,1.966,121.467,30.000,TW,BBC, 4,juvenile #1,1.966,bucket inspection,information gain,bucket 2,,,,,STATE,3.267,5.233,1.966,teressa_sync_filtered_videos\HC-BBC\Deployement period 4\2026-HC-BBC-A-B__2026-02-12_16-46-35.mp4,98,157,,,,
2026-HC-BBC-A-B__2026-02-13_06-47-27,2026-07-19 19:57:34.742,,Media file,player #1:teressa_sync_filtered_videos\HC-BBC\Deployement period 4\2026-HC-BBC-A-B__2026-02-13_06-47-27.mp4,0.0,67.967,121.167,30.000,TW,BBC, 4,Luigi,90.2,bucket inspection,information gain,bucket 1,,,,,STATE,4.000,5.233,1.233,teressa_sync_filtered_videos\HC-BBC\Deployement period 4\2026-HC-BBC-A-B__2026-02-13_06-47-27.mp4,120,157,,,,
2026-HC-BBC-A-B__2026-02-13_06-47-27,2026-07-19 19:57:34.742,,Media file,player #1:teressa_sync_filtered_videos\HC-BBC\Deployement period 4\2026-HC-BBC-A-B__2026-02-13_06-47-27.mp4,0.0,67.967,121.167,30.000,TW,BBC, 4,Luigi,90.2,batch processing,food handling,2HC,2HC,2HC,"manipulate with hands,hit/pound on surface",ground,STATE,5.433,39.933,34.500,teressa_sync_filtered_videos\HC-BBC\Deployement period 4\2026-HC-BBC-A-B__2026-02-13_06-47-27.mp4,163,1198,,,,
2026-HC-BBC-A-B__2026-02-13_06-47-27,2026-07-19 19:57:34.742,,Media file,player #1:teressa_sync_filtered_videos\HC-BBC\Deployement period 4\2026-HC-BBC-A-B__2026-02-13_06-47-27.mp4,0.0,67.967,121.167,30.000,TW,BBC, 4,Luigi,90.2,2HC in batch processing,food handling,ground,None,,,,STATE,8.567,21.233,12.666,teressa_sync_filtered_videos\HC-BBC\Deployement period 4\2026-HC-BBC-A-B__2026-02-13_06-47-27.mp4,257,637,,,,
2026-HC-BBC-A-B__2026-02-13_06-47-27,2026-07-19 19:57:34.742,,Media file,player #1:teressa_sync_filtered_videos\HC-BBC\Deployement period 4\2026-HC-BBC-A-B__2026-02-13_06-47-27.mp4,0.0,67.967,121.167,30.000,TW,BBC, 4,Luigi,90.2,smells held HC,information gain,None,,,,,STATE,9.300,9.767,0.467,teressa_sync_filtered_videos\HC-BBC\Deployement period 4\2026-HC-BBC-A-B__2026-02-13_06-47-27.mp4,279,293,,,,
2026-HC-BBC-A-B__2026-02-13_06-47-27,2026-07-19 19:57:34.742,,Media file,player #1:teressa_sync_filtered_videos\HC-BBC\Deployement period 4\2026-HC-BBC-A-B__2026-02-13_06-47-27.mp4,0.0,67.967,121.167,30.000,TW,BBC, 4,Luigi,90.2,handling HC,food handling,None,None,None,None,None,STATE,49.033,71.967,22.934,teressa_sync_filtered_videos\HC-BBC\Deployement period 4\2026-HC-BBC-A-B__2026-02-13_06-47-27.mp4,1471,2160,,,,
2026-HC-BBC-A-B__2026-02-13_06-47-27,2026-07-19 19:57:34.742,,Media file,player #1:teressa_sync_filtered_videos\HC-BBC\Deployement period 4\2026-HC-BBC-A-B__2026-02-13_06-47-27.mp4,0.0,67.967,121.167,30.000,TW,BBC, 4,Luigi,90.2,manipulate with hand(s),food processing - non-tool use,"adjust grip,pull with hand",None,,,,STATE,50.233,57.200,6.967,teressa_sync_filtered_videos\HC-BBC\Deployement period 4\2026-HC-BBC-A-B__2026-02-13_06-47-27.mp4,1507,1716,,,,
2026-HC-BBC-A-B__2026-02-13_06-47-27,2026-07-19 19:57:34.742,,Media file,player #1:teressa_sync_filtered_videos\HC-BBC\Deployement period 4\2026-HC-BBC-A-B__2026-02-13_06-47-27.mp4,0.0,67.967,121.167,30.000,TW,BBC, 4,Luigi,90.2,manipulate with hand(s),food processing - non-tool use,"adjust grip,pull with hand",None,,,,STATE,58.767,70.200,11.433,teressa_sync_filtered_videos\HC-BBC\Deployement period 4\2026-HC-BBC-A-B__2026-02-13_06-47-27.mp4,1763,2107,,,,
2026-HC-BBC-A-B__2026-02-13_06-47-27,2026-07-19 19:57:34.742,,Media file,player #1:teressa_sync_filtered_videos\HC-BBC\Deployement period 4\2026-HC-BBC-A-B__2026-02-13_06-47-27.mp4,0.0,67.967,121.167,30.000,TW,BBC, 4,Luigi,90.2,eats HC,food processing,,,,,,POINT,70.533,70.533,NA,teressa_sync_filtered_videos\HC-BBC\Deployement period 4\2026-HC-BBC-A-B__2026-02-13_06-47-27.mp4,2117,2117,,,,
2026-HC-BBC-A-B__2026-02-13_06-47-27,2026-07-19 19:57:34.742,,Media file,player #1:teressa_sync_filtered_videos\HC-BBC\Deployement period 4\2026-HC-BBC-A-B__2026-02-13_06-47-27.mp4,0.0,67.967,121.167,30.000,TW,BBC, 4,Luigi,90.2,releases HC,food handling,None,success/eaten,,,,POINT,71.967,71.967,NA,teressa_sync_filtered_videos\HC-BBC\Deployement period 4\2026-HC-BBC-A-B__2026-02-13_06-47-27.mp4,2160,2160,,,,
2026-HC-BBC-A-B__2026-02-13_07-00-19,2026-07-19 19:57:56.178,,Media file,player #1:teressa_sync_filtered_videos\HC-BBC\Deployement period 4\2026-HC-BBC-A-B__2026-02-13_07-00-19.mp4,0.0,0.000,121.167,30.000,TW,BBC, 4,unknown #1,0.0,point of interest/general comment,user notes,other - comment,,,,,POINT,0.633,0.633,NA,teressa_sync_filtered_videos\HC-BBC\Deployement period 4\2026-HC-BBC-A-B__2026-02-13_07-00-19.mp4,19,19,,,nca,
2026-HC-BBC-A-B__2026-02-13_07-02-28,2026-07-19 19:58:52.534,,Media file,player #1:teressa_sync_filtered_videos\HC-BBC\Deployement period 4\2026-HC-BBC-A-B__2026-02-13_07-02-28.mp4,0.0,0.000,122.400,30.000,TW,BBC, 4,unknown #1,0.0,point of interest/general comment,user notes,other - comment,,,,,POINT,0.300,0.300,NA,teressa_sync_filtered_videos\HC-BBC\Deployement period 4\2026-HC-BBC-A-B__2026-02-13_07-02-28.mp4,12,12,,,nca,
2026-HC-BBC-A-B__2026-02-13_07-12-13,2026-07-19 19:59:17.522,,Media file,player #1:teressa_sync_filtered_videos\HC-BBC\Deployement period 4\2026-HC-BBC-A-B__2026-02-13_07-12-13.mp4,0.0,0.000,120.200,60.000,TW,BBC, 4,unknown #1,0.0,point of interest/general comment,user notes,other - comment,,,,,POINT,1.500,1.500,NA,teressa_sync_filtered_videos\HC-BBC\Deployement period 4\2026-HC-BBC-A-B__2026-02-13_07-12-13.mp4,60,60,,,nca,
2026-HC-BBC-A-B__2026-02-13_07-20-27,2026-07-19 19:59:38.398,,Media file,player #1:teressa_sync_filtered_videos\HC-BBC\Deployement period 4\2026-HC-BBC-A-B__2026-02-13_07-20-27.mp4,0.0,0.000,141.700,30.000,TW,BBC, 4,unknown #1,0.0,point of interest/general comment,user notes,other - comment,,,,,POINT,0.400,0.400,NA,teressa_sync_filtered_videos\HC-BBC\Deployement period 4\2026-HC-BBC-A-B__2026-02-13_07-20-27.mp4,15,15,,,nca,
2026-HC-BBC-A-B__2026-02-13_14-07-02,2026-07-31 11:14:46.261,,Media file,player #1:teressa_sync_filtered_videos\HC-BBC\Deployement period 5\2026-HC-BBC-A-B__2026-02-13_14-07-02.mp4,0.0,111.366,127.400,30.000,TW,BBC, 5,Bob,147.296,bucket inspection,information gain,bucket 2,,,,,STATE,8.667,12.833,4.166,teressa_sync_filtered_videos\HC-BBC\Deployement period 5\2026-HC-BBC-A-B__2026-02-13_14-07-02.mp4,342,506,,,,
2026-HC-BBC-A-B__2026-02-13_14-07-02,2026-07-31 11:14:46.261,,Media file,player #1:teressa_sync_filtered_videos\HC-BBC\Deployement period 5\2026-HC-BBC-A-B__2026-02-13_14-07-02.mp4,0.0,111.366,127.400,30.000,TW,BBC, 5,Bob,147.296,bucket rummaging,information gain,bucket 2,,,,,STATE,13.267,15.767,2.500,teressa_sync_filtered_videos\HC-BBC\Deployement period 5\2026-HC-BBC-A-B__2026-02-13_14-07-02.mp4,523,622,,,,
2026-HC-BBC-A-B__2026-02-13_14-07-02,2026-07-31 11:14:46.261,,Media file,player #1:teressa_sync_filtered_videos\HC-BBC\Deployement period 5\2026-HC-BBC-A-B__2026-02-13_14-07-02.mp4,0.0,111.366,127.400,30.000,TW,BBC, 5,Bob,147.296,batch processing,food handling,2HC,2HC,2HC,pound with hammerstone,bucket 2,STATE,15.867,99.467,83.600,teressa_sync_filtered_videos\HC-BBC\Deployement period 5\2026-HC-BBC-A-B__2026-02-13_14-07-02.mp4,626,3922,,,,
2026-HC-BBC-A-B__2026-02-13_14-07-02,2026-07-31 11:14:46.261,,Media file,player #1:teressa_sync_filtered_videos\HC-BBC\Deployement period 5\2026-HC-BBC-A-B__2026-02-13_14-07-02.mp4,0.0,111.366,127.400,30.000,TW,BBC, 5,Bob,147.296,smells held HC,information gain,None,,,,,STATE,16.600,17.100,0.500,teressa_sync_filtered_videos\HC-BBC\Deployement period 5\2026-HC-BBC-A-B__2026-02-13_14-07-02.mp4,654,674,,,,
2026-HC-BBC-A-B__2026-02-13_14-07-02,2026-07-31 11:14:46.261,,Media file,player #1:teressa_sync_filtered_videos\HC-BBC\Deployement period 5\2026-HC-BBC-A-B__2026-02-13_14-07-02.mp4,0.0,111.366,127.400,30.000,TW,BBC, 5,Bob,147.296,2HC in batch processing,food handling,bucket 2,None,,,,STATE,27.600,58.100,30.500,teressa_sync_filtered_videos\HC-BBC\Deployement period 5\2026-HC-BBC-A-B__2026-02-13_14-07-02.mp4,1088,2291,,,,
2026-HC-BBC-A-B__2026-02-13_14-07-02,2026-07-31 11:14:46.261,,Media file,player #1:teressa_sync_filtered_videos\HC-BBC\Deployement period 5\2026-HC-BBC-A-B__2026-02-13_14-07-02.mp4,0.0,111.366,127.400,30.000,TW,BBC, 5,Bob,147.296,bucket inspection,information gain,bucket 2,,,,,STATE,103.867,105.100,1.233,teressa_sync_filtered_videos\HC-BBC\Deployement period 5\2026-HC-BBC-A-B__2026-02-13_14-07-02.mp4,4095,4144,,,,
2026-HC-BBC-A-B__2026-02-13_14-07-02,2026-07-31 11:14:46.261,,Media file,player #1:teressa_sync_filtered_videos\HC-BBC\Deployement period 5\2026-HC-BBC-A-B__2026-02-13_14-07-02.mp4,0.0,111.366,127.400,30.000,TW,BBC, 5,Bob,147.296,batch processing,food handling,2HC,unknown,1HC,manipulate with hands,bucket 2,STATE,106.367,120.032,13.665,teressa_sync_filtered_videos\HC-BBC\Deployement period 5\2026-HC-BBC-A-B__2026-02-13_14-07-02.mp4,4194,NA,,,,etna
2026-HC-BBC-A-B__2026-02-13_14-07-02,2026-07-31 11:14:46.261,,Media file,player #1:teressa_sync_filtered_videos\HC-BBC\Deployement period 5\2026-HC-BBC-A-B__2026-02-13_14-07-02.mp4,0.0,111.366,127.400,30.000,TW,BBC, 5,Bob,147.296,2HC in batch processing,food handling,bucket 2,None,,,,STATE,111.167,120.032,8.865,teressa_sync_filtered_videos\HC-BBC\Deployement period 5\2026-HC-BBC-A-B__2026-02-13_14-07-02.mp4,4383,NA,,,,
2026-HC-BBC-A-B__2026-02-13_14-07-02,2026-07-31 11:14:46.261,,Media file,player #1:teressa_sync_filtered_videos\HC-BBC\Deployement period 5\2026-HC-BBC-A-B__2026-02-13_14-07-02.mp4,0.0,111.366,127.400,30.000,TW,BBC, 5,Bob,147.296,bucket inspection,information gain,bucket 1,,,,,STATE,115.633,117.900,2.267,teressa_sync_filtered_videos\HC-BBC\Deployement period 5\2026-HC-BBC-A-B__2026-02-13_14-07-02.mp4,4559,4648,,,,
2026-HC-BBC-A-B__2026-02-13_14-07-02,2026-07-31 11:14:46.261,,Media file,player #1:teressa_sync_filtered_videos\HC-BBC\Deployement period 5\2026-HC-BBC-A-B__2026-02-13_14-07-02.mp4,0.0,111.366,127.400,30.000,TW,BBC, 5,Bob,147.296,reduced visibility,status,,,,,,POINT,120.033,120.033,NA,teressa_sync_filtered_videos\HC-BBC\Deployement period 5\2026-HC-BBC-A-B__2026-02-13_14-07-02.mp4,4732,4732,,,,
2026-HC-BBC-A-B__2026-02-13_14-10-28,2026-07-31 11:22:45.077,,Media file,player #1:teressa_sync_filtered_videos\HC-BBC\Deployement period 5\2026-HC-BBC-A-B__2026-02-13_14-10-28.mp4,0.0,119.000,120.233,60.000,TW,BBC, 5,Bob,143.665,bucket inspection,information gain,bucket 2,,,,,STATE,1.233,2.700,1.467,teressa_sync_filtered_videos\HC-BBC\Deployement period 5\2026-HC-BBC-A-B__2026-02-13_14-10-28.mp4,62,135,,,,
2026-HC-BBC-A-B__2026-02-13_14-10-28,2026-07-31 11:22:45.077,,Media file,player #1:teressa_sync_filtered_videos\HC-BBC\Deployement period 5\2026-HC-BBC-A-B__2026-02-13_14-10-28.mp4,0.0,119.000,120.233,60.000,TW,BBC, 5,Bob,143.665,batch processing,food handling,2HC,2HC,2HC,"manipulate with hands,pound with hammerstone",bucket 2,STATE,4.067,62.500,58.433,teressa_sync_filtered_videos\HC-BBC\Deployement period 5\2026-HC-BBC-A-B__2026-02-13_14-10-28.mp4,203,3123,,,,
2026-HC-BBC-A-B__2026-02-13_14-10-28,2026-07-31 11:22:45.077,,Media file,player #1:teressa_sync_filtered_videos\HC-BBC\Deployement period 5\2026-HC-BBC-A-B__2026-02-13_14-10-28.mp4,0.0,119.000,120.233,60.000,TW,BBC, 5,Bob,143.665,2HC in batch processing,food handling,bucket 2,None,,,,STATE,7.867,45.633,37.766,teressa_sync_filtered_videos\HC-BBC\Deployement period 5\2026-HC-BBC-A-B__2026-02-13_14-10-28.mp4,393,2280,,,,
2026-HC-BBC-A-B__2026-02-13_14-10-28,2026-07-31 11:22:45.077,,Media file,player #1:teressa_sync_filtered_videos\HC-BBC\Deployement period 5\2026-HC-BBC-A-B__2026-02-13_14-10-28.mp4,0.0,119.000,120.233,60.000,TW,BBC, 5,Bob,143.665,bucket inspection,information gain,bucket 2,,,,,STATE,71.500,72.400,0.900,teressa_sync_filtered_videos\HC-BBC\Deployement period 5\2026-HC-BBC-A-B__2026-02-13_14-10-28.mp4,3572,3617,,,,
2026-HC-BBC-A-B__2026-02-13_14-10-28,2026-07-31 11:22:45.077,,Media file,player #1:teressa_sync_filtered_videos\HC-BBC\Deployement period 5\2026-HC-BBC-A-B__2026-02-13_14-10-28.mp4,0.0,119.000,120.233,60.000,TW,BBC, 5,Bob,143.665,batch processing,food handling,3HC,0HC,0HC,None,bucket 2,STATE,74.233,82.300,8.067,teressa_sync_filtered_videos\HC-BBC\Deployement period 5\2026-HC-BBC-A-B__2026-02-13_14-10-28.mp4,3709,4112,,,,
2026-HC-BBC-A-B__2026-02-13_14-10-28,2026-07-31 11:22:45.077,,Media file,player #1:teressa_sync_filtered_videos\HC-BBC\Deployement period 5\2026-HC-BBC-A-B__2026-02-13_14-10-28.mp4,0.0,119.000,120.233,60.000,TW,BBC, 5,Bob,143.665,2HC in batch processing,food handling,bucket 2,None,,,,STATE,78.367,82.300,3.933,teressa_sync_filtered_videos\HC-BBC\Deployement period 5\2026-HC-BBC-A-B__2026-02-13_14-10-28.mp4,3915,4112,,,,
2026-HC-BBC-A-B__2026-02-13_14-10-28,2026-07-31 11:22:45.077,,Media file,player #1:teressa_sync_filtered_videos\HC-BBC\Deployement period 5\2026-HC-BBC-A-B__2026-02-13_14-10-28.mp4,0.0,119.000,120.233,60.000,TW,BBC, 5,Bob,143.665,3HC in batch processing,food handling,bucket 2,None,,,,STATE,80.800,82.300,1.500,teressa_sync_filtered_videos\HC-BBC\Deployement period 5\2026-HC-BBC-A-B__2026-02-13_14-10-28.mp4,4037,4112,,,,
2026-HC-BBC-A-B__2026-02-13_14-10-28,2026-07-31 11:22:45.077,,Media file,player #1:teressa_sync_filtered_videos\HC-BBC\Deployement period 5\2026-HC-BBC-A-B__2026-02-13_14-10-28.mp4,0.0,119.000,120.233,60.000,TW,BBC, 5,Bob,143.665,handling HC,food handling,None,bucket 2,None,None,None,STATE,83.667,107.433,23.766,teressa_sync_filtered_videos\HC-BBC\Deployement period 5\2026-HC-BBC-A-B__2026-02-13_14-10-28.mp4,4180,5368,,,,
2026-HC-BBC-A-B__2026-02-13_14-10-28,2026-07-31 11:22:45.077,,Media file,player #1:teressa_sync_filtered_videos\HC-BBC\Deployement period 5\2026-HC-BBC-A-B__2026-02-13_14-10-28.mp4,0.0,119.000,120.233,60.000,TW,BBC, 5,Bob,143.665,hit/pound on surface,food processing,arena stone anvil,,,,,POINT,86.467,86.467,NA,teressa_sync_filtered_videos\HC-BBC\Deployement period 5\2026-HC-BBC-A-B__2026-02-13_14-10-28.mp4,4320,4320,,,,
2026-HC-BBC-A-B__2026-02-13_14-10-28,2026-07-31 11:22:45.077,,Media file,player #1:teressa_sync_filtered_videos\HC-BBC\Deployement period 5\2026-HC-BBC-A-B__2026-02-13_14-10-28.mp4,0.0,119.000,120.233,60.000,TW,BBC, 5,Bob,143.665,hit/pound on surface,food processing,None,,,,,POINT,86.967,86.967,NA,teressa_sync_filtered_videos\HC-BBC\Deployement period 5\2026-HC-BBC-A-B__2026-02-13_14-10-28.mp4,4345,4345,,,,
2026-HC-BBC-A-B__2026-02-13_14-10-28,2026-07-31 11:22:45.077,,Media file,player #1:teressa_sync_filtered_videos\HC-BBC\Deployement period 5\2026-HC-BBC-A-B__2026-02-13_14-10-28.mp4,0.0,119.000,120.233,60.000,TW,BBC, 5,Bob,143.665,hit/pound on surface,food processing,None,,,,,POINT,87.700,87.700,NA,teressa_sync_filtered_videos\HC-BBC\Deployement period 5\2026-HC-BBC-A-B__2026-02-13_14-10-28.mp4,4382,4382,,,,
2026-HC-BBC-A-B__2026-02-13_14-10-28,2026-07-31 11:22:45.077,,Media file,player #1:teressa_sync_filtered_videos\HC-BBC\Deployement period 5\2026-HC-BBC-A-B__2026-02-13_14-10-28.mp4,0.0,119.000,120.233,60.000,TW,BBC, 5,Bob,143.665,releases HC,food handling,arena stone anvil,unknown/other,,,,POINT,87.733,87.733,NA,teressa_sync_filtered_videos\HC-BBC\Deployement period 5\2026-HC-BBC-A-B__2026-02-13_14-10-28.mp4,4383,4383,,,,
2026-HC-BBC-A-B__2026-02-13_14-10-28,2026-07-31 11:22:45.077,,Media file,player #1:teressa_sync_filtered_videos\HC-BBC\Deployement period 5\2026-HC-BBC-A-B__2026-02-13_14-10-28.mp4,0.0,119.000,120.233,60.000,TW,BBC, 5,Bob,143.665,hammerstone grab,food processing - tool use,medium,between buckets,None,,,POINT,89.167,89.167,NA,teressa_sync_filtered_videos\HC-BBC\Deployement period 5\2026-HC-BBC-A-B__2026-02-13_14-10-28.mp4,4455,4455,,,,
2026-HC-BBC-A-B__2026-02-13_14-10-28,2026-07-31 11:22:45.077,,Media file,player #1:teressa_sync_filtered_videos\HC-BBC\Deployement period 5\2026-HC-BBC-A-B__2026-02-13_14-10-28.mp4,0.0,119.000,120.233,60.000,TW,BBC, 5,Bob,143.665,pound with hammerstone,food processing - tool use,arena stone,None,None,,,POINT,90.333,90.333,NA,teressa_sync_filtered_videos\HC-BBC\Deployement period 5\2026-HC-BBC-A-B__2026-02-13_14-10-28.mp4,4513,4513,,,,
2026-HC-BBC-A-B__2026-02-13_14-10-28,2026-07-31 11:22:45.077,,Media file,player #1:teressa_sync_filtered_videos\HC-BBC\Deployement period 5\2026-HC-BBC-A-B__2026-02-13_14-10-28.mp4,0.0,119.000,120.233,60.000,TW,BBC, 5,Bob,143.665,manipulate with hand(s),food processing - non-tool use,pull with hand,None,,,,STATE,91.700,92.400,0.700,teressa_sync_filtered_videos\HC-BBC\Deployement period 5\2026-HC-BBC-A-B__2026-02-13_14-10-28.mp4,4582,4617,,,,
2026-HC-BBC-A-B__2026-02-13_14-10-28,2026-07-31 11:22:45.077,,Media file,player #1:teressa_sync_filtered_videos\HC-BBC\Deployement period 5\2026-HC-BBC-A-B__2026-02-13_14-10-28.mp4,0.0,119.000,120.233,60.000,TW,BBC, 5,Bob,143.665,eats HC,food processing,,,,,,POINT,92.600,92.600,NA,teressa_sync_filtered_videos\HC-BBC\Deployement period 5\2026-HC-BBC-A-B__2026-02-13_14-10-28.mp4,4627,4627,,,,
2026-HC-BBC-A-B__2026-02-13_14-10-28,2026-07-31 11:22:45.077,,Media file,player #1:teressa_sync_filtered_videos\HC-BBC\Deployement period 5\2026-HC-BBC-A-B__2026-02-13_14-10-28.mp4,0.0,119.000,120.233,60.000,TW,BBC, 5,Bob,143.665,eats HC,food processing,,,,,,POINT,94.233,94.233,NA,teressa_sync_filtered_videos\HC-BBC\Deployement period 5\2026-HC-BBC-A-B__2026-02-13_14-10-28.mp4,4708,4708,,,,
2026-HC-BBC-A-B__2026-02-13_14-10-28,2026-07-31 11:22:45.077,,Media file,player #1:teressa_sync_filtered_videos\HC-BBC\Deployement period 5\2026-HC-BBC-A-B__2026-02-13_14-10-28.mp4,0.0,119.000,120.233,60.000,TW,BBC, 5,Bob,143.665,eats HC,food processing,,,,,,POINT,95.633,95.633,NA,teressa_sync_filtered_videos\HC-BBC\Deployement period 5\2026-HC-BBC-A-B__2026-02-13_14-10-28.mp4,4778,4778,,,,
2026-HC-BBC-A-B__2026-02-13_14-10-28,2026-07-31 11:22:45.077,,Media file,player #1:teressa_sync_filtered_videos\HC-BBC\Deployement period 5\2026-HC-BBC-A-B__2026-02-13_14-10-28.mp4,0.0,119.000,120.233,60.000,TW,BBC, 5,Bob,143.665,eats HC,food processing,,,,,,POINT,100.800,100.800,NA,teressa_sync_filtered_videos\HC-BBC\Deployement period 5\2026-HC-BBC-A-B__2026-02-13_14-10-28.mp4,5036,5036,,,,
2026-HC-BBC-A-B__2026-02-13_14-10-28,2026-07-31 11:22:45.077,,Media file,player #1:teressa_sync_filtered_videos\HC-BBC\Deployement period 5\2026-HC-BBC-A-B__2026-02-13_14-10-28.mp4,0.0,119.000,120.233,60.000,TW,BBC, 5,Bob,143.665,eats HC,food processing,,,,,,POINT,104.767,104.767,NA,teressa_sync_filtered_videos\HC-BBC\Deployement period 5\2026-HC-BBC-A-B__2026-02-13_14-10-28.mp4,5234,5234,,,,
2026-HC-BBC-A-B__2026-02-13_14-10-28,2026-07-31 11:22:45.077,,Media file,player #1:teressa_sync_filtered_videos\HC-BBC\Deployement period 5\2026-HC-BBC-A-B__2026-02-13_14-10-28.mp4,0.0,119.000,120.233,60.000,TW,BBC, 5,Bob,143.665,eats HC,food processing,,,,,,POINT,106.567,106.567,NA,teressa_sync_filtered_videos\HC-BBC\Deployement period 5\2026-HC-BBC-A-B__2026-02-13_14-10-28.mp4,5324,5324,,,,
2026-HC-BBC-A-B__2026-02-13_14-10-28,2026-07-31 11:22:45.077,,Media file,player #1:teressa_sync_filtered_videos\HC-BBC\Deployement period 5\2026-HC-BBC-A-B__2026-02-13_14-10-28.mp4,0.0,119.000,120.233,60.000,TW,BBC, 5,Bob,143.665,releases HC,food handling,None,success/eaten,,,,POINT,107.433,107.433,NA,teressa_sync_filtered_videos\HC-BBC\Deployement period 5\2026-HC-BBC-A-B__2026-02-13_14-10-28.mp4,5368,5368,,,,
2026-HC-BBC-A-B__2026-02-13_14-10-28,2026-07-31 11:22:45.077,,Media file,player #1:teressa_sync_filtered_videos\HC-BBC\Deployement period 5\2026-HC-BBC-A-B__2026-02-13_14-10-28.mp4,0.0,119.000,120.233,60.000,TW,BBC, 5,Bob,143.665,bucket inspection,information gain,bucket 1,,,,,STATE,109.400,112.300,2.900,teressa_sync_filtered_videos\HC-BBC\Deployement period 5\2026-HC-BBC-A-B__2026-02-13_14-10-28.mp4,5466,5611,,,,
2026-HC-BBC-A-B__2026-02-13_14-10-28,2026-07-31 11:22:45.077,,Media file,player #1:teressa_sync_filtered_videos\HC-BBC\Deployement period 5\2026-HC-BBC-A-B__2026-02-13_14-10-28.mp4,0.0,119.000,120.233,60.000,TW,BBC, 5,Bob,143.665,bucket inspection,information gain,bucket 2,,,,,STATE,115.400,116.567,1.167,teressa_sync_filtered_videos\HC-BBC\Deployement period 5\2026-HC-BBC-A-B__2026-02-13_14-10-28.mp4,5766,5824,,,,
2026-HC-BBC-A-B__2026-02-13_14-10-28,2026-07-31 11:22:45.077,,Media file,player #1:teressa_sync_filtered_videos\HC-BBC\Deployement period 5\2026-HC-BBC-A-B__2026-02-13_14-10-28.mp4,0.0,119.000,120.233,60.000,TW,BBC, 5,Bob,143.665,batch processing,food handling,2HC,unknown,unknown,None,bucket 2,STATE,117.667,120.233,2.566,teressa_sync_filtered_videos\HC-BBC\Deployement period 5\2026-HC-BBC-A-B__2026-02-13_14-10-28.mp4,5879,6007,,,,etna
2026-HC-BBC-A-B__2026-02-13_14-10-28,2026-07-31 11:22:45.077,,Media file,player #1:teressa_sync_filtered_videos\HC-BBC\Deployement period 5\2026-HC-BBC-A-B__2026-02-13_14-10-28.mp4,0.0,119.000,120.233,60.000,TW,BBC, 5,Bob,143.665,2HC in batch processing,food handling,bucket 2,None,,,,STATE,119.733,120.233,0.500,teressa_sync_filtered_videos\HC-BBC\Deployement period 5\2026-HC-BBC-A-B__2026-02-13_14-10-28.mp4,5982,NA,,,,Event automatically added by the fix unpaired state events function
2026-HC-BBC-A-B__2026-02-13_14-12-31,2026-07-31 11:23:08.393,,Media file,player #1:teressa_sync_filtered_videos\HC-BBC\Deployement period 5\2026-HC-BBC-A-B__2026-02-13_14-12-31.mp4,0.0,28.433,120.333,60.000,TW,BBC, 5,Bob,28.333,bucket rummaging,information gain,bucket 2,,,,,STATE,91.900,93.800,1.900,teressa_sync_filtered_videos\HC-BBC\Deployement period 5\2026-HC-BBC-A-B__2026-02-13_14-12-31.mp4,4591,4685,,,,
2026-HC-BBC-A-B__2026-02-13_14-12-31,2026-07-31 11:23:08.393,,Media file,player #1:teressa_sync_filtered_videos\HC-BBC\Deployement period 5\2026-HC-BBC-A-B__2026-02-13_14-12-31.mp4,0.0,28.433,120.333,60.000,TW,BBC, 5,Bob,28.333,handling HC,food handling,None,bucket 2,None,None,None,STATE,93.900,120.333,26.433,teressa_sync_filtered_videos\HC-BBC\Deployement period 5\2026-HC-BBC-A-B__2026-02-13_14-12-31.mp4,4690,NA,,,,Event automatically added by the fix unpaired state events function
2026-HC-BBC-A-B__2026-02-13_14-12-31,2026-07-31 11:23:08.393,,Media file,player #1:teressa_sync_filtered_videos\HC-BBC\Deployement period 5\2026-HC-BBC-A-B__2026-02-13_14-12-31.mp4,0.0,28.433,120.333,60.000,TW,BBC, 5,Bob,28.333,hit/pound on surface,food processing,other/unknown,,,,,POINT,97.633,97.633,NA,teressa_sync_filtered_videos\HC-BBC\Deployement period 5\2026-HC-BBC-A-B__2026-02-13_14-12-31.mp4,4877,4877,,,,
2026-HC-BBC-A-B__2026-02-13_14-12-31,2026-07-31 11:23:08.393,,Media file,player #1:teressa_sync_filtered_videos\HC-BBC\Deployement period 5\2026-HC-BBC-A-B__2026-02-13_14-12-31.mp4,0.0,28.433,120.333,60.000,TW,BBC, 5,Bob,28.333,hit/pound on surface,food processing,None,,,,,POINT,98.467,98.467,NA,teressa_sync_filtered_videos\HC-BBC\Deployement period 5\2026-HC-BBC-A-B__2026-02-13_14-12-31.mp4,4919,4919,,,,
2026-HC-BBC-A-B__2026-02-13_14-12-31,2026-07-31 11:23:08.393,,Media file,player #1:teressa_sync_filtered_videos\HC-BBC\Deployement period 5\2026-HC-BBC-A-B__2026-02-13_14-12-31.mp4,0.0,28.433,120.333,60.000,TW,BBC, 5,Bob,28.333,hammerstone grab,food processing - tool use,other,other/unknown,yes,,,POINT,98.867,98.867,NA,teressa_sync_filtered_videos\HC-BBC\Deployement period 5\2026-HC-BBC-A-B__2026-02-13_14-12-31.mp4,4939,4939,,,,
2026-HC-BBC-A-B__2026-02-13_14-12-31,2026-07-31 11:23:08.393,,Media file,player #1:teressa_sync_filtered_videos\HC-BBC\Deployement period 5\2026-HC-BBC-A-B__2026-02-13_14-12-31.mp4,0.0,28.433,120.333,60.000,TW,BBC, 5,Bob,28.333,pound with hammerstone,food processing - tool use,unknown,None,None,,,POINT,99.367,99.367,NA,teressa_sync_filtered_videos\HC-BBC\Deployement period 5\2026-HC-BBC-A-B__2026-02-13_14-12-31.mp4,4964,4964,,,,
2026-HC-BBC-A-B__2026-02-13_14-12-31,2026-07-31 11:23:08.393,,Media file,player #1:teressa_sync_filtered_videos\HC-BBC\Deployement period 5\2026-HC-BBC-A-B__2026-02-13_14-12-31.mp4,0.0,28.433,120.333,60.000,TW,BBC, 5,Bob,28.333,eats HC,food processing,,,,,,POINT,102.367,102.367,NA,teressa_sync_filtered_videos\HC-BBC\Deployement period 5\2026-HC-BBC-A-B__2026-02-13_14-12-31.mp4,5113,5113,,,,
2026-HC-BBC-A-B__2026-02-13_14-12-31,2026-07-31 11:23:08.393,,Media file,player #1:teressa_sync_filtered_videos\HC-BBC\Deployement period 5\2026-HC-BBC-A-B__2026-02-13_14-12-31.mp4,0.0,28.433,120.333,60.000,TW,BBC, 5,Bob,28.333,eats HC,food processing,,,,,,POINT,104.667,104.667,NA,teressa_sync_filtered_videos\HC-BBC\Deployement period 5\2026-HC-BBC-A-B__2026-02-13_14-12-31.mp4,5228,5228,,,,
2026-HC-BBC-A-B__2026-02-13_14-12-31,2026-07-31 11:23:08.393,,Media file,player #1:teressa_sync_filtered_videos\HC-BBC\Deployement period 5\2026-HC-BBC-A-B__2026-02-13_14-12-31.mp4,0.0,28.433,120.333,60.000,TW,BBC, 5,Bob,28.333,eats HC,food processing,,,,,,POINT,110.300,110.300,NA,teressa_sync_filtered_videos\HC-BBC\Deployement period 5\2026-HC-BBC-A-B__2026-02-13_14-12-31.mp4,5510,5510,,,,
2026-HC-BBC-A-B__2026-02-13_14-12-31,2026-07-31 11:23:08.393,,Media file,player #1:teressa_sync_filtered_videos\HC-BBC\Deployement period 5\2026-HC-BBC-A-B__2026-02-13_14-12-31.mp4,0.0,28.433,120.333,60.000,TW,BBC, 5,Bob,28.333,eats HC,food processing,,,,,,POINT,114.067,114.067,NA,teressa_sync_filtered_videos\HC-BBC\Deployement period 5\2026-HC-BBC-A-B__2026-02-13_14-12-31.mp4,5698,5698,,,,
2026-HC-BBC-A-B__2026-02-13_14-12-31,2026-07-31 11:23:08.393,,Media file,player #1:teressa_sync_filtered_videos\HC-BBC\Deployement period 5\2026-HC-BBC-A-B__2026-02-13_14-12-31.mp4,0.0,28.433,120.333,60.000,TW,BBC, 5,Bob,28.333,eats HC,food processing,,,,,,POINT,117.033,117.033,NA,teressa_sync_filtered_videos\HC-BBC\Deployement period 5\2026-HC-BBC-A-B__2026-02-13_14-12-31.mp4,5846,5846,,,,
2026-HC-BBC-A-B__2026-02-13_14-15-19,2026-07-31 11:23:29.154,,Media file,player #1:teressa_sync_filtered_videos\HC-BBC\Deployement period 5\2026-HC-BBC-A-B__2026-02-13_14-15-19.mp4,0.0,116.866,121.233,60.000,TW,BBC, 5,Bob,70.533,batch processing,food handling,2HC,2HC,2HC,"manipulate with hands,pound with hammerstone",bucket 2,STATE,4.367,44.067,39.700,teressa_sync_filtered_videos\HC-BBC\Deployement period 5\2026-HC-BBC-A-B__2026-02-13_14-15-19.mp4,217,2194,,,,
2026-HC-BBC-A-B__2026-02-13_14-15-19,2026-07-31 11:23:29.154,,Media file,player #1:teressa_sync_filtered_videos\HC-BBC\Deployement period 5\2026-HC-BBC-A-B__2026-02-13_14-15-19.mp4,0.0,116.866,121.233,60.000,TW,BBC, 5,Bob,70.533,2HC in batch processing,food handling,bucket 2,None,,,,STATE,6.900,37.733,30.833,teressa_sync_filtered_videos\HC-BBC\Deployement period 5\2026-HC-BBC-A-B__2026-02-13_14-15-19.mp4,344,1879,,,,
2026-HC-BBC-A-B__2026-02-13_14-15-19,2026-07-31 11:23:29.154,,Media file,player #1:teressa_sync_filtered_videos\HC-BBC\Deployement period 5\2026-HC-BBC-A-B__2026-02-13_14-15-19.mp4,0.0,116.866,121.233,60.000,TW,BBC, 5,Fuji,44.066,bucket inspection,information gain,bucket 2,,,,,STATE,11.233,13.300,2.067,teressa_sync_filtered_videos\HC-BBC\Deployement period 5\2026-HC-BBC-A-B__2026-02-13_14-15-19.mp4,559,662,,,,
2026-HC-BBC-A-B__2026-02-13_14-15-19,2026-07-31 11:23:29.154,,Media file,player #1:teressa_sync_filtered_videos\HC-BBC\Deployement period 5\2026-HC-BBC-A-B__2026-02-13_14-15-19.mp4,0.0,116.866,121.233,60.000,TW,BBC, 5,Fuji,44.066,handling HC,food handling,None,bucket 2,None,None,None,STATE,13.667,44.100,30.433,teressa_sync_filtered_videos\HC-BBC\Deployement period 5\2026-HC-BBC-A-B__2026-02-13_14-15-19.mp4,681,2196,,,,
2026-HC-BBC-A-B__2026-02-13_14-15-19,2026-07-31 11:23:29.154,,Media file,player #1:teressa_sync_filtered_videos\HC-BBC\Deployement period 5\2026-HC-BBC-A-B__2026-02-13_14-15-19.mp4,0.0,116.866,121.233,60.000,TW,BBC, 5,Fuji,44.066,hit/pound on surface,food processing,arena stone anvil,,,,,POINT,23.633,23.633,NA,teressa_sync_filtered_videos\HC-BBC\Deployement period 5\2026-HC-BBC-A-B__2026-02-13_14-15-19.mp4,1177,1177,,,,
2026-HC-BBC-A-B__2026-02-13_14-15-19,2026-07-31 11:23:29.154,,Media file,player #1:teressa_sync_filtered_videos\HC-BBC\Deployement period 5\2026-HC-BBC-A-B__2026-02-13_14-15-19.mp4,0.0,116.866,121.233,60.000,TW,BBC, 5,Fuji,44.066,hit/pound on surface,food processing,None,,,,,POINT,25.433,25.433,NA,teressa_sync_filtered_videos\HC-BBC\Deployement period 5\2026-HC-BBC-A-B__2026-02-13_14-15-19.mp4,1266,1266,,,,
2026-HC-BBC-A-B__2026-02-13_14-15-19,2026-07-31 11:23:29.154,,Media file,player #1:teressa_sync_filtered_videos\HC-BBC\Deployement period 5\2026-HC-BBC-A-B__2026-02-13_14-15-19.mp4,0.0,116.866,121.233,60.000,TW,BBC, 5,Fuji,44.066,hit/pound on surface,food processing,None,,,,,POINT,27.633,27.633,NA,teressa_sync_filtered_videos\HC-BBC\Deployement period 5\2026-HC-BBC-A-B__2026-02-13_14-15-19.mp4,1376,1376,,,,
2026-HC-BBC-A-B__2026-02-13_14-15-19,2026-07-31 11:23:29.154,,Media file,player #1:teressa_sync_filtered_videos\HC-BBC\Deployement period 5\2026-HC-BBC-A-B__2026-02-13_14-15-19.mp4,0.0,116.866,121.233,60.000,TW,BBC, 5,Fuji,44.066,manipulate with hand(s),food processing - non-tool use,"adjust grip,pull with hand",None,,,,STATE,28.833,31.133,2.300,teressa_sync_filtered_videos\HC-BBC\Deployement period 5\2026-HC-BBC-A-B__2026-02-13_14-15-19.mp4,1436,1550,,,,
2026-HC-BBC-A-B__2026-02-13_14-15-19,2026-07-31 11:23:29.154,,Media file,player #1:teressa_sync_filtered_videos\HC-BBC\Deployement period 5\2026-HC-BBC-A-B__2026-02-13_14-15-19.mp4,0.0,116.866,121.233,60.000,TW,BBC, 5,Fuji,44.066,hit/pound on surface,food processing,arena stone anvil,,,,,POINT,31.367,31.367,NA,teressa_sync_filtered_videos\HC-BBC\Deployement period 5\2026-HC-BBC-A-B__2026-02-13_14-15-19.mp4,1562,1562,,,,
2026-HC-BBC-A-B__2026-02-13_14-15-19,2026-07-31 11:23:29.154,,Media file,player #1:teressa_sync_filtered_videos\HC-BBC\Deployement period 5\2026-HC-BBC-A-B__2026-02-13_14-15-19.mp4,0.0,116.866,121.233,60.000,TW,BBC, 5,Fuji,44.066,manipulate with hand(s),food processing - non-tool use,pull with hand,None,,,,STATE,32.400,34.767,2.367,teressa_sync_filtered_videos\HC-BBC\Deployement period 5\2026-HC-BBC-A-B__2026-02-13_14-15-19.mp4,1613,1731,,,,
2026-HC-BBC-A-B__2026-02-13_14-15-19,2026-07-31 11:23:29.154,,Media file,player #1:teressa_sync_filtered_videos\HC-BBC\Deployement period 5\2026-HC-BBC-A-B__2026-02-13_14-15-19.mp4,0.0,116.866,121.233,60.000,TW,BBC, 5,Fuji,44.066,smells held HC,information gain,None,,,,,STATE,35.167,35.667,0.500,teressa_sync_filtered_videos\HC-BBC\Deployement period 5\2026-HC-BBC-A-B__2026-02-13_14-15-19.mp4,1751,1776,,,,
2026-HC-BBC-A-B__2026-02-13_14-15-19,2026-07-31 11:23:29.154,,Media file,player #1:teressa_sync_filtered_videos\HC-BBC\Deployement period 5\2026-HC-BBC-A-B__2026-02-13_14-15-19.mp4,0.0,116.866,121.233,60.000,TW,BBC, 5,Fuji,44.066,eats HC,food processing,,,,,,POINT,35.933,35.933,NA,teressa_sync_filtered_videos\HC-BBC\Deployement period 5\2026-HC-BBC-A-B__2026-02-13_14-15-19.mp4,1789,1789,,,,
2026-HC-BBC-A-B__2026-02-13_14-15-19,2026-07-31 11:23:29.154,,Media file,player #1:teressa_sync_filtered_videos\HC-BBC\Deployement period 5\2026-HC-BBC-A-B__2026-02-13_14-15-19.mp4,0.0,116.866,121.233,60.000,TW,BBC, 5,Fuji,44.066,eats HC,food processing,,,,,,POINT,38.133,38.133,NA,teressa_sync_filtered_videos\HC-BBC\Deployement period 5\2026-HC-BBC-A-B__2026-02-13_14-15-19.mp4,1899,1899,,,,
2026-HC-BBC-A-B__2026-02-13_14-15-19,2026-07-31 11:23:29.154,,Media file,player #1:teressa_sync_filtered_videos\HC-BBC\Deployement period 5\2026-HC-BBC-A-B__2026-02-13_14-15-19.mp4,0.0,116.866,121.233,60.000,TW,BBC, 5,Fuji,44.066,releases HC,food handling,None,success/eaten,,,,POINT,44.100,44.100,NA,teressa_sync_filtered_videos\HC-BBC\Deployement period 5\2026-HC-BBC-A-B__2026-02-13_14-15-19.mp4,2196,2196,,,,
2026-HC-BBC-A-B__2026-02-13_14-15-19,2026-07-31 11:23:29.154,,Media file,player #1:teressa_sync_filtered_videos\HC-BBC\Deployement period 5\2026-HC-BBC-A-B__2026-02-13_14-15-19.mp4,0.0,116.866,121.233,60.000,TW,BBC, 5,Fuji,44.066,handling HC,food handling,None,bucket 2,None,None,None,STATE,117.900,121.233,3.333,teressa_sync_filtered_videos\HC-BBC\Deployement period 5\2026-HC-BBC-A-B__2026-02-13_14-15-19.mp4,5871,NA,,,,Event automatically added by the fix unpaired state events function
2026-HC-BBC-A-B__2026-02-13_14-15-19,2026-07-31 11:23:29.154,,Media file,player #1:teressa_sync_filtered_videos\HC-BBC\Deployement period 5\2026-HC-BBC-A-B__2026-02-13_14-15-19.mp4,0.0,116.866,121.233,60.000,TW,BBC, 5,Fuji,44.066,manipulate with hand(s),food processing - non-tool use,"adjust grip,pull with hand",None,,,,STATE,118.167,121.233,3.066,teressa_sync_filtered_videos\HC-BBC\Deployement period 5\2026-HC-BBC-A-B__2026-02-13_14-15-19.mp4,5884,6037,,,,etna
2026-HC-BBC-A-B__2026-02-13_14-17-27,2026-07-31 11:23:52.500,,Media file,player #1:teressa_sync_filtered_videos\HC-BBC\Deployement period 5\2026-HC-BBC-A-B__2026-02-13_14-17-27.mp4,0.0,115.167,120.100,60.000,TW,BBC, 5,Fuji,11.032,bucket rummaging,information gain,bucket 2,,,,,STATE,4.933,9.333,4.400,teressa_sync_filtered_videos\HC-BBC\Deployement period 5\2026-HC-BBC-A-B__2026-02-13_14-17-27.mp4,197,373,,,,
2026-HC-BBC-A-B__2026-02-13_14-17-27,2026-07-31 11:23:52.500,,Media file,player #1:teressa_sync_filtered_videos\HC-BBC\Deployement period 5\2026-HC-BBC-A-B__2026-02-13_14-17-27.mp4,0.0,115.167,120.100,60.000,TW,BBC, 5,Fuji,11.032,batch processing,food handling,multiple,unknown,unknown,None,bucket 2,STATE,9.500,16.132,6.632,teressa_sync_filtered_videos\HC-BBC\Deployement period 5\2026-HC-BBC-A-B__2026-02-13_14-17-27.mp4,380,NA,,,,etna
2026-HC-BBC-A-B__2026-02-13_14-17-27,2026-07-31 11:23:52.500,,Media file,player #1:teressa_sync_filtered_videos\HC-BBC\Deployement period 5\2026-HC-BBC-A-B__2026-02-13_14-17-27.mp4,0.0,115.167,120.100,60.000,TW,BBC, 5,Bob,12.866,bucket rummaging,information gain,bucket 2,,,,,STATE,12.233,21.767,9.534,teressa_sync_filtered_videos\HC-BBC\Deployement period 5\2026-HC-BBC-A-B__2026-02-13_14-17-27.mp4,489,871,,,,
2026-HC-BBC-A-B__2026-02-13_14-17-27,2026-07-31 11:23:52.500,,Media file,player #1:teressa_sync_filtered_videos\HC-BBC\Deployement period 5\2026-HC-BBC-A-B__2026-02-13_14-17-27.mp4,0.0,115.167,120.100,60.000,TW,BBC, 5,Fuji,11.032,reduced visibility,status,,,,,,POINT,16.133,16.133,NA,teressa_sync_filtered_videos\HC-BBC\Deployement period 5\2026-HC-BBC-A-B__2026-02-13_14-17-27.mp4,645,645,,,,
2026-HC-BBC-A-B__2026-02-13_14-17-27,2026-07-31 11:23:52.500,,Media file,player #1:teressa_sync_filtered_videos\HC-BBC\Deployement period 5\2026-HC-BBC-A-B__2026-02-13_14-17-27.mp4,0.0,115.167,120.100,60.000,TW,BBC, 5,Bob,12.866,batch processing,food handling,multiple,unknown,unknown,None,bucket 2,STATE,21.800,25.132,3.332,teressa_sync_filtered_videos\HC-BBC\Deployement period 5\2026-HC-BBC-A-B__2026-02-13_14-17-27.mp4,872,NA,,,,etna
2026-HC-BBC-A-B__2026-02-13_14-17-27,2026-07-31 11:23:52.500,,Media file,player #1:teressa_sync_filtered_videos\HC-BBC\Deployement period 5\2026-HC-BBC-A-B__2026-02-13_14-17-27.mp4,0.0,115.167,120.100,60.000,TW,BBC, 5,Bob,12.866,reduced visibility,status,,,,,,POINT,25.133,25.133,NA,teressa_sync_filtered_videos\HC-BBC\Deployement period 5\2026-HC-BBC-A-B__2026-02-13_14-17-27.mp4,1005,1005,,,,
2026-HC-BBC-A-B__2026-02-13_14-17-27,2026-07-31 11:23:52.500,,Media file,player #1:teressa_sync_filtered_videos\HC-BBC\Deployement period 5\2026-HC-BBC-A-B__2026-02-13_14-17-27.mp4,0.0,115.167,120.100,60.000,TW,BBC, 5,Luigi,108.733,batch processing,food handling,4HC,1HC,1HC,pound with hammerstone,bucket 2,STATE,59.033,76.933,17.900,teressa_sync_filtered_videos\HC-BBC\Deployement period 5\2026-HC-BBC-A-B__2026-02-13_14-17-27.mp4,2361,3077,,,,
2026-HC-BBC-A-B__2026-02-13_14-17-27,2026-07-31 11:23:52.500,,Media file,player #1:teressa_sync_filtered_videos\HC-BBC\Deployement period 5\2026-HC-BBC-A-B__2026-02-13_14-17-27.mp4,0.0,115.167,120.100,60.000,TW,BBC, 5,Luigi,108.733,2HC in batch processing,food handling,bucket 2,None,,,,STATE,62.267,72.900,10.633,teressa_sync_filtered_videos\HC-BBC\Deployement period 5\2026-HC-BBC-A-B__2026-02-13_14-17-27.mp4,2490,2916,,,,
2026-HC-BBC-A-B__2026-02-13_14-17-27,2026-07-31 11:23:52.500,,Media file,player #1:teressa_sync_filtered_videos\HC-BBC\Deployement period 5\2026-HC-BBC-A-B__2026-02-13_14-17-27.mp4,0.0,115.167,120.100,60.000,TW,BBC, 5,Luigi,108.733,3HC in batch processing,food handling,bucket 1,None,,,,STATE,69.900,72.900,3.000,teressa_sync_filtered_videos\HC-BBC\Deployement period 5\2026-HC-BBC-A-B__2026-02-13_14-17-27.mp4,2796,2916,,,,
2026-HC-BBC-A-B__2026-02-13_14-17-27,2026-07-31 11:23:52.500,,Media file,player #1:teressa_sync_filtered_videos\HC-BBC\Deployement period 5\2026-HC-BBC-A-B__2026-02-13_14-17-27.mp4,0.0,115.167,120.100,60.000,TW,BBC, 5,Luigi,108.733,4HC in batch processing,food handling,unknown,None,,,,STATE,69.900,71.333,1.433,teressa_sync_filtered_videos\HC-BBC\Deployement period 5\2026-HC-BBC-A-B__2026-02-13_14-17-27.mp4,2796,2853,,,,
2026-HC-BBC-A-B__2026-02-13_14-17-27,2026-07-31 11:23:52.500,,Media file,player #1:teressa_sync_filtered_videos\HC-BBC\Deployement period 5\2026-HC-BBC-A-B__2026-02-13_14-17-27.mp4,0.0,115.167,120.100,60.000,TW,BBC, 5,Luigi,108.733,handling HC,food handling,None,None,None,None,None,STATE,86.200,96.400,10.200,teressa_sync_filtered_videos\HC-BBC\Deployement period 5\2026-HC-BBC-A-B__2026-02-13_14-17-27.mp4,3448,3856,,,,
2026-HC-BBC-A-B__2026-02-13_14-17-27,2026-07-31 11:23:52.500,,Media file,player #1:teressa_sync_filtered_videos\HC-BBC\Deployement period 5\2026-HC-BBC-A-B__2026-02-13_14-17-27.mp4,0.0,115.167,120.100,60.000,TW,BBC, 5,Luigi,108.733,releases HC,food handling,arena stone anvil,unknown/other,,,,POINT,88.833,88.833,NA,teressa_sync_filtered_videos\HC-BBC\Deployement period 5\2026-HC-BBC-A-B__2026-02-13_14-17-27.mp4,3553,3553,,,,
2026-HC-BBC-A-B__2026-02-13_14-17-27,2026-07-31 11:23:52.500,,Media file,player #1:teressa_sync_filtered_videos\HC-BBC\Deployement period 5\2026-HC-BBC-A-B__2026-02-13_14-17-27.mp4,0.0,115.167,120.100,60.000,TW,BBC, 5,Luigi,108.733,hammerstone grab,food processing - tool use,medium,by/on arena stone,yes,,,POINT,89.267,89.267,NA,teressa_sync_filtered_videos\HC-BBC\Deployement period 5\2026-HC-BBC-A-B__2026-02-13_14-17-27.mp4,3570,3570,,,,
2026-HC-BBC-A-B__2026-02-13_14-17-27,2026-07-31 11:23:52.500,,Media file,player #1:teressa_sync_filtered_videos\HC-BBC\Deployement period 5\2026-HC-BBC-A-B__2026-02-13_14-17-27.mp4,0.0,115.167,120.100,60.000,TW,BBC, 5,Luigi,108.733,pound with hammerstone,food processing - tool use,arena stone,None,None,,,POINT,90.000,90.000,NA,teressa_sync_filtered_videos\HC-BBC\Deployement period 5\2026-HC-BBC-A-B__2026-02-13_14-17-27.mp4,3600,3600,,,,
2026-HC-BBC-A-B__2026-02-13_14-17-27,2026-07-31 11:23:52.500,,Media file,player #1:teressa_sync_filtered_videos\HC-BBC\Deployement period 5\2026-HC-BBC-A-B__2026-02-13_14-17-27.mp4,0.0,115.167,120.100,60.000,TW,BBC, 5,Luigi,108.733,manipulate with hand(s),food processing - non-tool use,"adjust grip,pull with hand",None,,,,STATE,91.033,91.500,0.467,teressa_sync_filtered_videos\HC-BBC\Deployement period 5\2026-HC-BBC-A-B__2026-02-13_14-17-27.mp4,3641,3660,,,,
2026-HC-BBC-A-B__2026-02-13_14-17-27,2026-07-31 11:23:52.500,,Media file,player #1:teressa_sync_filtered_videos\HC-BBC\Deployement period 5\2026-HC-BBC-A-B__2026-02-13_14-17-27.mp4,0.0,115.167,120.100,60.000,TW,BBC, 5,Luigi,108.733,eats HC,food processing,,,,,,POINT,91.967,91.967,NA,teressa_sync_filtered_videos\HC-BBC\Deployement period 5\2026-HC-BBC-A-B__2026-02-13_14-17-27.mp4,3678,3678,,,,
2026-HC-BBC-A-B__2026-02-13_14-17-27,2026-07-31 11:23:52.500,,Media file,player #1:teressa_sync_filtered_videos\HC-BBC\Deployement period 5\2026-HC-BBC-A-B__2026-02-13_14-17-27.mp4,0.0,115.167,120.100,60.000,TW,BBC, 5,Luigi,108.733,eats HC,food processing,,,,,,POINT,95.300,95.300,NA,teressa_sync_filtered_videos\HC-BBC\Deployement period 5\2026-HC-BBC-A-B__2026-02-13_14-17-27.mp4,3812,3812,,,,
2026-HC-BBC-A-B__2026-02-13_14-17-27,2026-07-31 11:23:52.500,,Media file,player #1:teressa_sync_filtered_videos\HC-BBC\Deployement period 5\2026-HC-BBC-A-B__2026-02-13_14-17-27.mp4,0.0,115.167,120.100,60.000,TW,BBC, 5,Luigi,108.733,releases HC,food handling,None,success/eaten,,,,POINT,96.400,96.400,NA,teressa_sync_filtered_videos\HC-BBC\Deployement period 5\2026-HC-BBC-A-B__2026-02-13_14-17-27.mp4,3856,3856,,,,
2026-HC-BBC-A-B__2026-02-13_14-17-27,2026-07-31 11:23:52.500,,Media file,player #1:teressa_sync_filtered_videos\HC-BBC\Deployement period 5\2026-HC-BBC-A-B__2026-02-13_14-17-27.mp4,0.0,115.167,120.100,60.000,TW,BBC, 5,Luigi,108.733,batch processing,food handling,5HC,unknown,1HC,manipulate with hands,bucket 1,STATE,100.233,120.100,19.867,teressa_sync_filtered_videos\HC-BBC\Deployement period 5\2026-HC-BBC-A-B__2026-02-13_14-17-27.mp4,4009,4804,,,,etna
2026-HC-BBC-A-B__2026-02-13_14-17-27,2026-07-31 11:23:52.500,,Media file,player #1:teressa_sync_filtered_videos\HC-BBC\Deployement period 5\2026-HC-BBC-A-B__2026-02-13_14-17-27.mp4,0.0,115.167,120.100,60.000,TW,BBC, 5,Luigi,108.733,2HC in batch processing,food handling,bucket 1,None,,,,STATE,102.433,120.100,17.667,teressa_sync_filtered_videos\HC-BBC\Deployement period 5\2026-HC-BBC-A-B__2026-02-13_14-17-27.mp4,4097,NA,,,,Event automatically added by the fix unpaired state events function
2026-HC-BBC-A-B__2026-02-13_14-17-27,2026-07-31 11:23:52.500,,Media file,player #1:teressa_sync_filtered_videos\HC-BBC\Deployement period 5\2026-HC-BBC-A-B__2026-02-13_14-17-27.mp4,0.0,115.167,120.100,60.000,TW,BBC, 5,Luigi,108.733,3HC in batch processing,food handling,bucket 1,None,,,,STATE,104.267,120.100,15.833,teressa_sync_filtered_videos\HC-BBC\Deployement period 5\2026-HC-BBC-A-B__2026-02-13_14-17-27.mp4,4170,NA,,,,Event automatically added by the fix unpaired state events function
2026-HC-BBC-A-B__2026-02-13_14-17-27,2026-07-31 11:23:52.500,,Media file,player #1:teressa_sync_filtered_videos\HC-BBC\Deployement period 5\2026-HC-BBC-A-B__2026-02-13_14-17-27.mp4,0.0,115.167,120.100,60.000,TW,BBC, 5,Luigi,108.733,4HC in batch processing,food handling,bucket 1,None,,,,STATE,108.367,120.100,11.733,teressa_sync_filtered_videos\HC-BBC\Deployement period 5\2026-HC-BBC-A-B__2026-02-13_14-17-27.mp4,4334,NA,,,,Event automatically added by the fix unpaired state events function
2026-HC-BBC-A-B__2026-02-13_14-19-29,2026-07-31 11:24:16.945,,Media file,player #1:teressa_sync_filtered_videos\HC-BBC\Deployement period 5\2026-HC-BBC-A-B__2026-02-13_14-19-29.mp4,0.0,106.167,120.167,30.000,TW,BBC, 5,Luigi,122.798,batch processing,food handling,3HC,3HC,3HC,pound with hammerstone,unknown,STATE,0.000,41.033,41.033,teressa_sync_filtered_videos\HC-BBC\Deployement period 5\2026-HC-BBC-A-B__2026-02-13_14-19-29.mp4,0,1231,,,stna,
2026-HC-BBC-A-B__2026-02-13_14-19-29,2026-07-31 11:24:16.945,,Media file,player #1:teressa_sync_filtered_videos\HC-BBC\Deployement period 5\2026-HC-BBC-A-B__2026-02-13_14-19-29.mp4,0.0,106.167,120.167,30.000,TW,BBC, 5,Luigi,122.798,handling HC,food handling,None,None,None,None,None,STATE,41.733,50.467,8.734,teressa_sync_filtered_videos\HC-BBC\Deployement period 5\2026-HC-BBC-A-B__2026-02-13_14-19-29.mp4,1252,1514,,,,
2026-HC-BBC-A-B__2026-02-13_14-19-29,2026-07-31 11:24:16.945,,Media file,player #1:teressa_sync_filtered_videos\HC-BBC\Deployement period 5\2026-HC-BBC-A-B__2026-02-13_14-19-29.mp4,0.0,106.167,120.167,30.000,TW,BBC, 5,Luigi,122.798,manipulate with hand(s),food processing - non-tool use,move between hands,None,,,,STATE,42.200,42.567,0.367,teressa_sync_filtered_videos\HC-BBC\Deployement period 5\2026-HC-BBC-A-B__2026-02-13_14-19-29.mp4,1266,1277,,,,
2026-HC-BBC-A-B__2026-02-13_14-19-29,2026-07-31 11:24:16.945,,Media file,player #1:teressa_sync_filtered_videos\HC-BBC\Deployement period 5\2026-HC-BBC-A-B__2026-02-13_14-19-29.mp4,0.0,106.167,120.167,30.000,TW,BBC, 5,Luigi,122.798,hit/pound on surface,food processing,arena stone anvil,,,,,POINT,42.800,42.800,NA,teressa_sync_filtered_videos\HC-BBC\Deployement period 5\2026-HC-BBC-A-B__2026-02-13_14-19-29.mp4,1284,1284,,,,
2026-HC-BBC-A-B__2026-02-13_14-19-29,2026-07-31 11:24:16.945,,Media file,player #1:teressa_sync_filtered_videos\HC-BBC\Deployement period 5\2026-HC-BBC-A-B__2026-02-13_14-19-29.mp4,0.0,106.167,120.167,30.000,TW,BBC, 5,Luigi,122.798,releases HC,food handling,arena stone anvil,unknown/other,,,,POINT,43.033,43.033,NA,teressa_sync_filtered_videos\HC-BBC\Deployement period 5\2026-HC-BBC-A-B__2026-02-13_14-19-29.mp4,1291,1291,,,,
2026-HC-BBC-A-B__2026-02-13_14-19-29,2026-07-31 11:24:16.945,,Media file,player #1:teressa_sync_filtered_videos\HC-BBC\Deployement period 5\2026-HC-BBC-A-B__2026-02-13_14-19-29.mp4,0.0,106.167,120.167,30.000,TW,BBC, 5,Luigi,122.798,hammerstone grab,food processing - tool use,medium,by/on arena stone,yes,,,POINT,43.900,43.900,NA,teressa_sync_filtered_videos\HC-BBC\Deployement period 5\2026-HC-BBC-A-B__2026-02-13_14-19-29.mp4,1317,1317,,,,
2026-HC-BBC-A-B__2026-02-13_14-19-29,2026-07-31 11:24:16.945,,Media file,player #1:teressa_sync_filtered_videos\HC-BBC\Deployement period 5\2026-HC-BBC-A-B__2026-02-13_14-19-29.mp4,0.0,106.167,120.167,30.000,TW,BBC, 5,Luigi,122.798,pound with hammerstone,food processing - tool use,arena stone,None,None,,,POINT,44.667,44.667,NA,teressa_sync_filtered_videos\HC-BBC\Deployement period 5\2026-HC-BBC-A-B__2026-02-13_14-19-29.mp4,1340,1340,,,,
2026-HC-BBC-A-B__2026-02-13_14-19-29,2026-07-31 11:24:16.945,,Media file,player #1:teressa_sync_filtered_videos\HC-BBC\Deployement period 5\2026-HC-BBC-A-B__2026-02-13_14-19-29.mp4,0.0,106.167,120.167,30.000,TW,BBC, 5,Luigi,122.798,eats HC,food processing,,,,,,POINT,46.600,46.600,NA,teressa_sync_filtered_videos\HC-BBC\Deployement period 5\2026-HC-BBC-A-B__2026-02-13_14-19-29.mp4,1398,1398,,,,
2026-HC-BBC-A-B__2026-02-13_14-19-29,2026-07-31 11:24:16.945,,Media file,player #1:teressa_sync_filtered_videos\HC-BBC\Deployement period 5\2026-HC-BBC-A-B__2026-02-13_14-19-29.mp4,0.0,106.167,120.167,30.000,TW,BBC, 5,Luigi,122.798,releases HC,food handling,None,success/eaten,,,,POINT,50.467,50.467,NA,teressa_sync_filtered_videos\HC-BBC\Deployement period 5\2026-HC-BBC-A-B__2026-02-13_14-19-29.mp4,1514,1514,,,,
2026-HC-BBC-A-B__2026-02-13_14-19-29,2026-07-31 11:24:16.945,,Media file,player #1:teressa_sync_filtered_videos\HC-BBC\Deployement period 5\2026-HC-BBC-A-B__2026-02-13_14-19-29.mp4,0.0,106.167,120.167,30.000,TW,BBC, 5,Luigi,122.798,batch processing,food handling,2HC,0HC,1HC,pound with hammerstone,ground,STATE,51.133,57.633,6.500,teressa_sync_filtered_videos\HC-BBC\Deployement period 5\2026-HC-BBC-A-B__2026-02-13_14-19-29.mp4,1534,1729,,,,
2026-HC-BBC-A-B__2026-02-13_14-19-29,2026-07-31 11:24:16.945,,Media file,player #1:teressa_sync_filtered_videos\HC-BBC\Deployement period 5\2026-HC-BBC-A-B__2026-02-13_14-19-29.mp4,0.0,106.167,120.167,30.000,TW,BBC, 5,Luigi,122.798,2HC in batch processing,food handling,ground,None,,,,STATE,51.867,53.767,1.900,teressa_sync_filtered_videos\HC-BBC\Deployement period 5\2026-HC-BBC-A-B__2026-02-13_14-19-29.mp4,1556,1613,,,,
2026-HC-BBC-A-B__2026-02-13_14-19-29,2026-07-31 11:24:16.945,,Media file,player #1:teressa_sync_filtered_videos\HC-BBC\Deployement period 5\2026-HC-BBC-A-B__2026-02-13_14-19-29.mp4,0.0,106.167,120.167,30.000,TW,BBC, 5,Luigi,122.798,handling HC,food handling,None,None,None,None,None,STATE,59.500,62.833,3.333,teressa_sync_filtered_videos\HC-BBC\Deployement period 5\2026-HC-BBC-A-B__2026-02-13_14-19-29.mp4,1785,1885,,,,
2026-HC-BBC-A-B__2026-02-13_14-19-29,2026-07-31 11:24:16.945,,Media file,player #1:teressa_sync_filtered_videos\HC-BBC\Deployement period 5\2026-HC-BBC-A-B__2026-02-13_14-19-29.mp4,0.0,106.167,120.167,30.000,TW,BBC, 5,Luigi,122.798,bite and pull with teeth,food processing - non-tool use,,,,,,STATE,60.133,61.233,1.100,teressa_sync_filtered_videos\HC-BBC\Deployement period 5\2026-HC-BBC-A-B__2026-02-13_14-19-29.mp4,1804,1837,,,,
2026-HC-BBC-A-B__2026-02-13_14-19-29,2026-07-31 11:24:16.945,,Media file,player #1:teressa_sync_filtered_videos\HC-BBC\Deployement period 5\2026-HC-BBC-A-B__2026-02-13_14-19-29.mp4,0.0,106.167,120.167,30.000,TW,BBC, 5,Luigi,122.798,eats HC,food processing,,,,,,POINT,61.767,61.767,NA,teressa_sync_filtered_videos\HC-BBC\Deployement period 5\2026-HC-BBC-A-B__2026-02-13_14-19-29.mp4,1853,1853,,,,
2026-HC-BBC-A-B__2026-02-13_14-19-29,2026-07-31 11:24:16.945,,Media file,player #1:teressa_sync_filtered_videos\HC-BBC\Deployement period 5\2026-HC-BBC-A-B__2026-02-13_14-19-29.mp4,0.0,106.167,120.167,30.000,TW,BBC, 5,Luigi,122.798,releases HC,food handling,None,success/eaten,,,,POINT,62.833,62.833,NA,teressa_sync_filtered_videos\HC-BBC\Deployement period 5\2026-HC-BBC-A-B__2026-02-13_14-19-29.mp4,1885,1885,,,,
2026-HC-BBC-A-B__2026-02-13_14-19-29,2026-07-31 11:24:16.945,,Media file,player #1:teressa_sync_filtered_videos\HC-BBC\Deployement period 5\2026-HC-BBC-A-B__2026-02-13_14-19-29.mp4,0.0,106.167,120.167,30.000,TW,BBC, 5,Luigi,122.798,handling HC,food handling,None,bucket 1,None,None,None,STATE,65.167,67.133,1.966,teressa_sync_filtered_videos\HC-BBC\Deployement period 5\2026-HC-BBC-A-B__2026-02-13_14-19-29.mp4,1955,2014,,,,
2026-HC-BBC-A-B__2026-02-13_14-19-29,2026-07-31 11:24:16.945,,Media file,player #1:teressa_sync_filtered_videos\HC-BBC\Deployement period 5\2026-HC-BBC-A-B__2026-02-13_14-19-29.mp4,0.0,106.167,120.167,30.000,TW,BBC, 5,Luigi,122.798,releases HC,food handling,bucket 1,None,,,,POINT,67.133,67.133,NA,teressa_sync_filtered_videos\HC-BBC\Deployement period 5\2026-HC-BBC-A-B__2026-02-13_14-19-29.mp4,2014,2014,,,,
2026-HC-BBC-A-B__2026-02-13_14-19-29,2026-07-31 11:24:16.945,,Media file,player #1:teressa_sync_filtered_videos\HC-BBC\Deployement period 5\2026-HC-BBC-A-B__2026-02-13_14-19-29.mp4,0.0,106.167,120.167,30.000,TW,BBC, 5,Luigi,122.798,bucket rummaging,information gain,bucket 1,,,,,STATE,67.200,70.333,3.133,teressa_sync_filtered_videos\HC-BBC\Deployement period 5\2026-HC-BBC-A-B__2026-02-13_14-19-29.mp4,2016,2110,,,,
2026-HC-BBC-A-B__2026-02-13_14-19-29,2026-07-31 11:24:16.945,,Media file,player #1:teressa_sync_filtered_videos\HC-BBC\Deployement period 5\2026-HC-BBC-A-B__2026-02-13_14-19-29.mp4,0.0,106.167,120.167,30.000,TW,BBC, 5,Luigi,122.798,batch processing,food handling,3HC,unknown,unknown,None,bucket 1,STATE,70.433,91.866,21.433,teressa_sync_filtered_videos\HC-BBC\Deployement period 5\2026-HC-BBC-A-B__2026-02-13_14-19-29.mp4,2113,NA,,,,etna
2026-HC-BBC-A-B__2026-02-13_14-19-29,2026-07-31 11:24:16.945,,Media file,player #1:teressa_sync_filtered_videos\HC-BBC\Deployement period 5\2026-HC-BBC-A-B__2026-02-13_14-19-29.mp4,0.0,106.167,120.167,30.000,TW,BBC, 5,Luigi,122.798,2HC in batch processing,food handling,ground,None,,,,STATE,74.833,91.866,17.033,teressa_sync_filtered_videos\HC-BBC\Deployement period 5\2026-HC-BBC-A-B__2026-02-13_14-19-29.mp4,2245,NA,,,,
2026-HC-BBC-A-B__2026-02-13_14-19-29,2026-07-31 11:24:16.945,,Media file,player #1:teressa_sync_filtered_videos\HC-BBC\Deployement period 5\2026-HC-BBC-A-B__2026-02-13_14-19-29.mp4,0.0,106.167,120.167,30.000,TW,BBC, 5,Luigi,122.798,3HC in batch processing,food handling,ground,None,,,,STATE,75.600,91.866,16.266,teressa_sync_filtered_videos\HC-BBC\Deployement period 5\2026-HC-BBC-A-B__2026-02-13_14-19-29.mp4,2268,NA,,,,
2026-HC-BBC-A-B__2026-02-13_14-19-29,2026-07-31 11:24:16.945,,Media file,player #1:teressa_sync_filtered_videos\HC-BBC\Deployement period 5\2026-HC-BBC-A-B__2026-02-13_14-19-29.mp4,0.0,106.167,120.167,30.000,TW,BBC, 5,Fuji,20.666,bucket rummaging,information gain,bucket 1,,,,,STATE,84.067,84.967,0.900,teressa_sync_filtered_videos\HC-BBC\Deployement period 5\2026-HC-BBC-A-B__2026-02-13_14-19-29.mp4,2522,2549,,,,
2026-HC-BBC-A-B__2026-02-13_14-19-29,2026-07-31 11:24:16.945,,Media file,player #1:teressa_sync_filtered_videos\HC-BBC\Deployement period 5\2026-HC-BBC-A-B__2026-02-13_14-19-29.mp4,0.0,106.167,120.167,30.000,TW,BBC, 5,Fuji,20.666,handling HC,food handling,None,bucket 1,None,None,None,STATE,85.067,85.533,0.466,teressa_sync_filtered_videos\HC-BBC\Deployement period 5\2026-HC-BBC-A-B__2026-02-13_14-19-29.mp4,2552,2566,,,,
2026-HC-BBC-A-B__2026-02-13_14-19-29,2026-07-31 11:24:16.945,,Media file,player #1:teressa_sync_filtered_videos\HC-BBC\Deployement period 5\2026-HC-BBC-A-B__2026-02-13_14-19-29.mp4,0.0,106.167,120.167,30.000,TW,BBC, 5,Fuji,20.666,releases HC,food handling,bucket 1,None,,,,POINT,85.533,85.533,NA,teressa_sync_filtered_videos\HC-BBC\Deployement period 5\2026-HC-BBC-A-B__2026-02-13_14-19-29.mp4,2566,2566,,,,
2026-HC-BBC-A-B__2026-02-13_14-19-29,2026-07-31 11:24:16.945,,Media file,player #1:teressa_sync_filtered_videos\HC-BBC\Deployement period 5\2026-HC-BBC-A-B__2026-02-13_14-19-29.mp4,0.0,106.167,120.167,30.000,TW,BBC, 5,Fuji,20.666,bucket rummaging,information gain,bucket 1,,,,,STATE,85.633,88.133,2.500,teressa_sync_filtered_videos\HC-BBC\Deployement period 5\2026-HC-BBC-A-B__2026-02-13_14-19-29.mp4,2569,2644,,,,
2026-HC-BBC-A-B__2026-02-13_14-19-29,2026-07-31 11:24:16.945,,Media file,player #1:teressa_sync_filtered_videos\HC-BBC\Deployement period 5\2026-HC-BBC-A-B__2026-02-13_14-19-29.mp4,0.0,106.167,120.167,30.000,TW,BBC, 5,Fuji,20.666,handling HC,food handling,None,bucket 1,None,None,None,STATE,88.300,103.300,15.000,teressa_sync_filtered_videos\HC-BBC\Deployement period 5\2026-HC-BBC-A-B__2026-02-13_14-19-29.mp4,2649,3099,,,,
2026-HC-BBC-A-B__2026-02-13_14-19-29,2026-07-31 11:24:16.945,,Media file,player #1:teressa_sync_filtered_videos\HC-BBC\Deployement period 5\2026-HC-BBC-A-B__2026-02-13_14-19-29.mp4,0.0,106.167,120.167,30.000,TW,BBC, 5,Fuji,20.666,hit/pound on surface,food processing,arena stone anvil,,,,,POINT,90.667,90.667,NA,teressa_sync_filtered_videos\HC-BBC\Deployement period 5\2026-HC-BBC-A-B__2026-02-13_14-19-29.mp4,2720,2720,,,,
2026-HC-BBC-A-B__2026-02-13_14-19-29,2026-07-31 11:24:16.945,,Media file,player #1:teressa_sync_filtered_videos\HC-BBC\Deployement period 5\2026-HC-BBC-A-B__2026-02-13_14-19-29.mp4,0.0,106.167,120.167,30.000,TW,BBC, 5,Luigi,122.798,reduced visibility,status,,,,,,POINT,91.867,91.867,NA,teressa_sync_filtered_videos\HC-BBC\Deployement period 5\2026-HC-BBC-A-B__2026-02-13_14-19-29.mp4,2756,2756,,,,
2026-HC-BBC-A-B__2026-02-13_14-19-29,2026-07-31 11:24:16.945,,Media file,player #1:teressa_sync_filtered_videos\HC-BBC\Deployement period 5\2026-HC-BBC-A-B__2026-02-13_14-19-29.mp4,0.0,106.167,120.167,30.000,TW,BBC, 5,Fuji,20.666,hit/pound on surface,food processing,None,,,,,POINT,93.267,93.267,NA,teressa_sync_filtered_videos\HC-BBC\Deployement period 5\2026-HC-BBC-A-B__2026-02-13_14-19-29.mp4,2798,2798,,,,
2026-HC-BBC-A-B__2026-02-13_14-19-29,2026-07-31 11:24:16.945,,Media file,player #1:teressa_sync_filtered_videos\HC-BBC\Deployement period 5\2026-HC-BBC-A-B__2026-02-13_14-19-29.mp4,0.0,106.167,120.167,30.000,TW,BBC, 5,Fuji,20.666,hit/pound on surface,food processing,None,,,,,POINT,94.133,94.133,NA,teressa_sync_filtered_videos\HC-BBC\Deployement period 5\2026-HC-BBC-A-B__2026-02-13_14-19-29.mp4,2824,2824,,,,
2026-HC-BBC-A-B__2026-02-13_14-19-29,2026-07-31 11:24:16.945,,Media file,player #1:teressa_sync_filtered_videos\HC-BBC\Deployement period 5\2026-HC-BBC-A-B__2026-02-13_14-19-29.mp4,0.0,106.167,120.167,30.000,TW,BBC, 5,Fuji,20.666,manipulate with hand(s),food processing - non-tool use,pick with finger,None,,,,STATE,97.700,99.500,1.800,teressa_sync_filtered_videos\HC-BBC\Deployement period 5\2026-HC-BBC-A-B__2026-02-13_14-19-29.mp4,2931,2985,,,,
2026-HC-BBC-A-B__2026-02-13_14-19-29,2026-07-31 11:24:16.945,,Media file,player #1:teressa_sync_filtered_videos\HC-BBC\Deployement period 5\2026-HC-BBC-A-B__2026-02-13_14-19-29.mp4,0.0,106.167,120.167,30.000,TW,BBC, 5,Fuji,20.666,eats HC,food processing,,,,,,POINT,99.900,99.900,NA,teressa_sync_filtered_videos\HC-BBC\Deployement period 5\2026-HC-BBC-A-B__2026-02-13_14-19-29.mp4,2997,2997,,,,
2026-HC-BBC-A-B__2026-02-13_14-19-29,2026-07-31 11:24:16.945,,Media file,player #1:teressa_sync_filtered_videos\HC-BBC\Deployement period 5\2026-HC-BBC-A-B__2026-02-13_14-19-29.mp4,0.0,106.167,120.167,30.000,TW,BBC, 5,Fuji,20.666,eats HC,food processing,,,,,,POINT,101.633,101.633,NA,teressa_sync_filtered_videos\HC-BBC\Deployement period 5\2026-HC-BBC-A-B__2026-02-13_14-19-29.mp4,3049,3049,,,,
2026-HC-BBC-A-B__2026-02-13_14-19-29,2026-07-31 11:24:16.945,,Media file,player #1:teressa_sync_filtered_videos\HC-BBC\Deployement period 5\2026-HC-BBC-A-B__2026-02-13_14-19-29.mp4,0.0,106.167,120.167,30.000,TW,BBC, 5,Fuji,20.666,releases HC,food handling,None,success/eaten,,,,POINT,103.300,103.300,NA,teressa_sync_filtered_videos\HC-BBC\Deployement period 5\2026-HC-BBC-A-B__2026-02-13_14-19-29.mp4,3099,3099,,,,
2026-HC-BBC-A-B__2026-02-13_14-19-29,2026-07-31 11:24:16.945,,Media file,player #1:teressa_sync_filtered_videos\HC-BBC\Deployement period 5\2026-HC-BBC-A-B__2026-02-13_14-19-29.mp4,0.0,106.167,120.167,30.000,TW,BBC, 5,Fuji,20.666,reduced visibility,status,,,,,,POINT,106.167,106.167,NA,teressa_sync_filtered_videos\HC-BBC\Deployement period 5\2026-HC-BBC-A-B__2026-02-13_14-19-29.mp4,3185,3185,,,,
2026-HC-BBC-A-B__2026-02-15_06-45-42,2026-07-31 11:24:39.391,,Media file,player #1:teressa_sync_filtered_videos\HC-BBC\Deployement period 5\2026-HC-BBC-A-B__2026-02-15_06-45-42.mp4,0.0,118.733,122.233,30.000,TW,BBC, 5,Luigi,73.998,bucket inspection,information gain,bucket 1,,,,,STATE,3.500,5.400,1.900,teressa_sync_filtered_videos\HC-BBC\Deployement period 5\2026-HC-BBC-A-B__2026-02-15_06-45-42.mp4,174,268,,,,
2026-HC-BBC-A-B__2026-02-15_06-45-42,2026-07-31 11:24:39.391,,Media file,player #1:teressa_sync_filtered_videos\HC-BBC\Deployement period 5\2026-HC-BBC-A-B__2026-02-15_06-45-42.mp4,0.0,118.733,122.233,30.000,TW,BBC, 5,Luigi,73.998,handling HC,food handling,None,bucket 1,None,None,None,STATE,6.000,12.167,6.167,teressa_sync_filtered_videos\HC-BBC\Deployement period 5\2026-HC-BBC-A-B__2026-02-15_06-45-42.mp4,298,604,,,,
2026-HC-BBC-A-B__2026-02-15_06-45-42,2026-07-31 11:24:39.391,,Media file,player #1:teressa_sync_filtered_videos\HC-BBC\Deployement period 5\2026-HC-BBC-A-B__2026-02-15_06-45-42.mp4,0.0,118.733,122.233,30.000,TW,BBC, 5,Luigi,73.998,manipulate with hand(s),food processing - non-tool use,"adjust grip,pull with hand",None,,,,STATE,6.700,7.633,0.933,teressa_sync_filtered_videos\HC-BBC\Deployement period 5\2026-HC-BBC-A-B__2026-02-15_06-45-42.mp4,333,379,,,,
2026-HC-BBC-A-B__2026-02-15_06-45-42,2026-07-31 11:24:39.391,,Media file,player #1:teressa_sync_filtered_videos\HC-BBC\Deployement period 5\2026-HC-BBC-A-B__2026-02-15_06-45-42.mp4,0.0,118.733,122.233,30.000,TW,BBC, 5,Luigi,73.998,eats HC,food processing,,,,,,POINT,7.833,7.833,NA,teressa_sync_filtered_videos\HC-BBC\Deployement period 5\2026-HC-BBC-A-B__2026-02-15_06-45-42.mp4,389,389,,,,
2026-HC-BBC-A-B__2026-02-15_06-45-42,2026-07-31 11:24:39.391,,Media file,player #1:teressa_sync_filtered_videos\HC-BBC\Deployement period 5\2026-HC-BBC-A-B__2026-02-15_06-45-42.mp4,0.0,118.733,122.233,30.000,TW,BBC, 5,Luigi,73.998,eats HC,food processing,,,,,,POINT,10.833,10.833,NA,teressa_sync_filtered_videos\HC-BBC\Deployement period 5\2026-HC-BBC-A-B__2026-02-15_06-45-42.mp4,538,538,,,,
2026-HC-BBC-A-B__2026-02-15_06-45-42,2026-07-31 11:24:39.391,,Media file,player #1:teressa_sync_filtered_videos\HC-BBC\Deployement period 5\2026-HC-BBC-A-B__2026-02-15_06-45-42.mp4,0.0,118.733,122.233,30.000,TW,BBC, 5,Luigi,73.998,releases HC,food handling,bucket 1,success/eaten,,,,POINT,12.167,12.167,NA,teressa_sync_filtered_videos\HC-BBC\Deployement period 5\2026-HC-BBC-A-B__2026-02-15_06-45-42.mp4,604,604,,,,
2026-HC-BBC-A-B__2026-02-15_06-45-42,2026-07-31 11:24:39.391,,Media file,player #1:teressa_sync_filtered_videos\HC-BBC\Deployement period 5\2026-HC-BBC-A-B__2026-02-15_06-45-42.mp4,0.0,118.733,122.233,30.000,TW,BBC, 5,Luigi,73.998,batch processing,food handling,4HC,1HC,2HC,"manipulate with hands,pound with hammerstone",bucket 1,STATE,18.767,50.167,31.400,teressa_sync_filtered_videos\HC-BBC\Deployement period 5\2026-HC-BBC-A-B__2026-02-15_06-45-42.mp4,932,2490,,,,
2026-HC-BBC-A-B__2026-02-15_06-45-42,2026-07-31 11:24:39.391,,Media file,player #1:teressa_sync_filtered_videos\HC-BBC\Deployement period 5\2026-HC-BBC-A-B__2026-02-15_06-45-42.mp4,0.0,118.733,122.233,30.000,TW,BBC, 5,Luigi,73.998,smells held HC,information gain,None,,,,,STATE,19.400,20.133,0.733,teressa_sync_filtered_videos\HC-BBC\Deployement period 5\2026-HC-BBC-A-B__2026-02-15_06-45-42.mp4,963,999,,,,
2026-HC-BBC-A-B__2026-02-15_06-45-42,2026-07-31 11:24:39.391,,Media file,player #1:teressa_sync_filtered_videos\HC-BBC\Deployement period 5\2026-HC-BBC-A-B__2026-02-15_06-45-42.mp4,0.0,118.733,122.233,30.000,TW,BBC, 5,Luigi,73.998,2HC in batch processing,food handling,bucket 1,None,,,,STATE,23.300,32.733,9.433,teressa_sync_filtered_videos\HC-BBC\Deployement period 5\2026-HC-BBC-A-B__2026-02-15_06-45-42.mp4,1157,1625,,,,
2026-HC-BBC-A-B__2026-02-15_06-45-42,2026-07-31 11:24:39.391,,Media file,player #1:teressa_sync_filtered_videos\HC-BBC\Deployement period 5\2026-HC-BBC-A-B__2026-02-15_06-45-42.mp4,0.0,118.733,122.233,30.000,TW,BBC, 5,Luigi,73.998,3HC in batch processing,food handling,bucket 1,None,,,,STATE,24.967,31.367,6.400,teressa_sync_filtered_videos\HC-BBC\Deployement period 5\2026-HC-BBC-A-B__2026-02-15_06-45-42.mp4,1239,1557,,,,
2026-HC-BBC-A-B__2026-02-15_06-45-42,2026-07-31 11:24:39.391,,Media file,player #1:teressa_sync_filtered_videos\HC-BBC\Deployement period 5\2026-HC-BBC-A-B__2026-02-15_06-45-42.mp4,0.0,118.733,122.233,30.000,TW,BBC, 5,Luigi,73.998,4HC in batch processing,food handling,bucket 1,None,,,,STATE,26.167,30.767,4.600,teressa_sync_filtered_videos\HC-BBC\Deployement period 5\2026-HC-BBC-A-B__2026-02-15_06-45-42.mp4,1299,1527,,,,
2026-HC-BBC-A-B__2026-02-15_06-45-42,2026-07-31 11:24:39.391,,Media file,player #1:teressa_sync_filtered_videos\HC-BBC\Deployement period 5\2026-HC-BBC-A-B__2026-02-15_06-45-42.mp4,0.0,118.733,122.233,30.000,TW,BBC, 5,adult male #1,11.331,needs rechecked,user notes,subject ID,,,,,POINT,30.167,30.167,NA,teressa_sync_filtered_videos\HC-BBC\Deployement period 5\2026-HC-BBC-A-B__2026-02-15_06-45-42.mp4,1498,1498,,,,
2026-HC-BBC-A-B__2026-02-15_06-45-42,2026-07-31 11:24:39.391,,Media file,player #1:teressa_sync_filtered_videos\HC-BBC\Deployement period 5\2026-HC-BBC-A-B__2026-02-15_06-45-42.mp4,0.0,118.733,122.233,30.000,TW,BBC, 5,adult male #1,11.331,batch processing,food handling,3HC,unknown,unknown,None,bucket 1,STATE,31.167,36.766,5.599,teressa_sync_filtered_videos\HC-BBC\Deployement period 5\2026-HC-BBC-A-B__2026-02-15_06-45-42.mp4,1547,NA,,,,etna
2026-HC-BBC-A-B__2026-02-15_06-45-42,2026-07-31 11:24:39.391,,Media file,player #1:teressa_sync_filtered_videos\HC-BBC\Deployement period 5\2026-HC-BBC-A-B__2026-02-15_06-45-42.mp4,0.0,118.733,122.233,30.000,TW,BBC, 5,adult male #1,11.331,2HC in batch processing,food handling,anvil,None,,,,STATE,32.700,36.766,4.066,teressa_sync_filtered_videos\HC-BBC\Deployement period 5\2026-HC-BBC-A-B__2026-02-15_06-45-42.mp4,1623,NA,,,,etna
2026-HC-BBC-A-B__2026-02-15_06-45-42,2026-07-31 11:24:39.391,,Media file,player #1:teressa_sync_filtered_videos\HC-BBC\Deployement period 5\2026-HC-BBC-A-B__2026-02-15_06-45-42.mp4,0.0,118.733,122.233,30.000,TW,BBC, 5,adult male #1,11.331,smells held HC,information gain,None,,,,,STATE,32.967,33.167,0.200,teressa_sync_filtered_videos\HC-BBC\Deployement period 5\2026-HC-BBC-A-B__2026-02-15_06-45-42.mp4,1637,1646,,,,
2026-HC-BBC-A-B__2026-02-15_06-45-42,2026-07-31 11:24:39.391,,Media file,player #1:teressa_sync_filtered_videos\HC-BBC\Deployement period 5\2026-HC-BBC-A-B__2026-02-15_06-45-42.mp4,0.0,118.733,122.233,30.000,TW,BBC, 5,adult male #1,11.331,3HC in batch processing,food handling,bucket 1,None,,,,STATE,35.300,36.766,1.466,teressa_sync_filtered_videos\HC-BBC\Deployement period 5\2026-HC-BBC-A-B__2026-02-15_06-45-42.mp4,1752,NA,,,,etna
2026-HC-BBC-A-B__2026-02-15_06-45-42,2026-07-31 11:24:39.391,,Media file,player #1:teressa_sync_filtered_videos\HC-BBC\Deployement period 5\2026-HC-BBC-A-B__2026-02-15_06-45-42.mp4,0.0,118.733,122.233,30.000,TW,BBC, 5,adult male #1,11.331,reduced visibility,status,,,,,,POINT,36.767,36.767,NA,teressa_sync_filtered_videos\HC-BBC\Deployement period 5\2026-HC-BBC-A-B__2026-02-15_06-45-42.mp4,1825,1825,,,,
2026-HC-BBC-A-B__2026-02-15_06-45-42,2026-07-31 11:24:39.391,,Media file,player #1:teressa_sync_filtered_videos\HC-BBC\Deployement period 5\2026-HC-BBC-A-B__2026-02-15_06-45-42.mp4,0.0,118.733,122.233,30.000,TW,BBC, 5,Luigi,73.998,2HC in batch processing,food handling,ground,None,,,,STATE,40.300,47.333,7.033,teressa_sync_filtered_videos\HC-BBC\Deployement period 5\2026-HC-BBC-A-B__2026-02-15_06-45-42.mp4,2001,2350,,,,
2026-HC-BBC-A-B__2026-02-15_06-45-42,2026-07-31 11:24:39.391,,Media file,player #1:teressa_sync_filtered_videos\HC-BBC\Deployement period 5\2026-HC-BBC-A-B__2026-02-15_06-45-42.mp4,0.0,118.733,122.233,30.000,TW,BBC, 5,Luigi,73.998,handling HC,food handling,None,None,None,None,None,STATE,54.900,60.299,5.399,teressa_sync_filtered_videos\HC-BBC\Deployement period 5\2026-HC-BBC-A-B__2026-02-15_06-45-42.mp4,2725,NA,,,,etna
2026-HC-BBC-A-B__2026-02-15_06-45-42,2026-07-31 11:24:39.391,,Media file,player #1:teressa_sync_filtered_videos\HC-BBC\Deployement period 5\2026-HC-BBC-A-B__2026-02-15_06-45-42.mp4,0.0,118.733,122.233,30.000,TW,BBC, 5,juvenile #1,35.9,needs rechecked,user notes,"subject are/sex,subject ID",,,,,POINT,56.667,56.667,NA,teressa_sync_filtered_videos\HC-BBC\Deployement period 5\2026-HC-BBC-A-B__2026-02-15_06-45-42.mp4,2813,2813,,,,
2026-HC-BBC-A-B__2026-02-15_06-45-42,2026-07-31 11:24:39.391,,Media file,player #1:teressa_sync_filtered_videos\HC-BBC\Deployement period 5\2026-HC-BBC-A-B__2026-02-15_06-45-42.mp4,0.0,118.733,122.233,30.000,TW,BBC, 5,juvenile #1,35.9,bucket inspection,information gain,bucket 1,,,,,STATE,57.633,60.600,2.967,teressa_sync_filtered_videos\HC-BBC\Deployement period 5\2026-HC-BBC-A-B__2026-02-15_06-45-42.mp4,2861,3008,,,,
2026-HC-BBC-A-B__2026-02-15_06-45-42,2026-07-31 11:24:39.391,,Media file,player #1:teressa_sync_filtered_videos\HC-BBC\Deployement period 5\2026-HC-BBC-A-B__2026-02-15_06-45-42.mp4,0.0,118.733,122.233,30.000,TW,BBC, 5,Luigi,73.998,reduced visibility,status,,,,,,POINT,60.300,60.300,NA,teressa_sync_filtered_videos\HC-BBC\Deployement period 5\2026-HC-BBC-A-B__2026-02-15_06-45-42.mp4,2993,2993,,,,
2026-HC-BBC-A-B__2026-02-15_06-45-42,2026-07-31 11:24:39.391,,Media file,player #1:teressa_sync_filtered_videos\HC-BBC\Deployement period 5\2026-HC-BBC-A-B__2026-02-15_06-45-42.mp4,0.0,118.733,122.233,30.000,TW,BBC, 5,juvenile #1,35.9,handling HC,food handling,None,bucket 1,None,None,None,STATE,61.700,93.466,31.766,teressa_sync_filtered_videos\HC-BBC\Deployement period 5\2026-HC-BBC-A-B__2026-02-15_06-45-42.mp4,3063,NA,,,,etna
2026-HC-BBC-A-B__2026-02-15_06-45-42,2026-07-31 11:24:39.391,,Media file,player #1:teressa_sync_filtered_videos\HC-BBC\Deployement period 5\2026-HC-BBC-A-B__2026-02-15_06-45-42.mp4,0.0,118.733,122.233,30.000,TW,BBC, 5,juvenile #1,35.9,smells held HC,information gain,None,,,,,STATE,62.800,63.967,1.167,teressa_sync_filtered_videos\HC-BBC\Deployement period 5\2026-HC-BBC-A-B__2026-02-15_06-45-42.mp4,3117,3175,,,,
2026-HC-BBC-A-B__2026-02-15_06-45-42,2026-07-31 11:24:39.391,,Media file,player #1:teressa_sync_filtered_videos\HC-BBC\Deployement period 5\2026-HC-BBC-A-B__2026-02-15_06-45-42.mp4,0.0,118.733,122.233,30.000,TW,BBC, 5,juvenile #1,35.9,eats HC,food processing,,,,,,POINT,65.600,65.600,NA,teressa_sync_filtered_videos\HC-BBC\Deployement period 5\2026-HC-BBC-A-B__2026-02-15_06-45-42.mp4,3256,3256,,,,
2026-HC-BBC-A-B__2026-02-15_06-45-42,2026-07-31 11:24:39.391,,Media file,player #1:teressa_sync_filtered_videos\HC-BBC\Deployement period 5\2026-HC-BBC-A-B__2026-02-15_06-45-42.mp4,0.0,118.733,122.233,30.000,TW,BBC, 5,juvenile #1,35.9,eats HC,food processing,,,,,,POINT,73.733,73.733,NA,teressa_sync_filtered_videos\HC-BBC\Deployement period 5\2026-HC-BBC-A-B__2026-02-15_06-45-42.mp4,3660,3660,,,,
2026-HC-BBC-A-B__2026-02-15_06-45-42,2026-07-31 11:24:39.391,,Media file,player #1:teressa_sync_filtered_videos\HC-BBC\Deployement period 5\2026-HC-BBC-A-B__2026-02-15_06-45-42.mp4,0.0,118.733,122.233,30.000,TW,BBC, 5,Caesar,32.933,handling HC,food handling,None,None,None,None,None,STATE,79.567,92.767,13.200,teressa_sync_filtered_videos\HC-BBC\Deployement period 5\2026-HC-BBC-A-B__2026-02-15_06-45-42.mp4,3950,4605,,,,
2026-HC-BBC-A-B__2026-02-15_06-45-42,2026-07-31 11:24:39.391,,Media file,player #1:teressa_sync_filtered_videos\HC-BBC\Deployement period 5\2026-HC-BBC-A-B__2026-02-15_06-45-42.mp4,0.0,118.733,122.233,30.000,TW,BBC, 5,Caesar,32.933,releases HC,food handling,arena stone anvil,unknown/other,,,,POINT,81.733,81.733,NA,teressa_sync_filtered_videos\HC-BBC\Deployement period 5\2026-HC-BBC-A-B__2026-02-15_06-45-42.mp4,4057,4057,,,,
2026-HC-BBC-A-B__2026-02-15_06-45-42,2026-07-31 11:24:39.391,,Media file,player #1:teressa_sync_filtered_videos\HC-BBC\Deployement period 5\2026-HC-BBC-A-B__2026-02-15_06-45-42.mp4,0.0,118.733,122.233,30.000,TW,BBC, 5,Caesar,32.933,hammerstone grab,food processing - tool use,medium,by/on arena stone,yes,,,POINT,82.200,82.200,NA,teressa_sync_filtered_videos\HC-BBC\Deployement period 5\2026-HC-BBC-A-B__2026-02-15_06-45-42.mp4,4081,4081,,,,
2026-HC-BBC-A-B__2026-02-15_06-45-42,2026-07-31 11:24:39.391,,Media file,player #1:teressa_sync_filtered_videos\HC-BBC\Deployement period 5\2026-HC-BBC-A-B__2026-02-15_06-45-42.mp4,0.0,118.733,122.233,30.000,TW,BBC, 5,Caesar,32.933,pound with hammerstone,food processing - tool use,arena stone,None,None,,,POINT,83.067,83.067,NA,teressa_sync_filtered_videos\HC-BBC\Deployement period 5\2026-HC-BBC-A-B__2026-02-15_06-45-42.mp4,4124,4124,,,,
2026-HC-BBC-A-B__2026-02-15_06-45-42,2026-07-31 11:24:39.391,,Media file,player #1:teressa_sync_filtered_videos\HC-BBC\Deployement period 5\2026-HC-BBC-A-B__2026-02-15_06-45-42.mp4,0.0,118.733,122.233,30.000,TW,BBC, 5,juvenile #1,35.9,eats HC,food processing,,,,,,POINT,84.667,84.667,NA,teressa_sync_filtered_videos\HC-BBC\Deployement period 5\2026-HC-BBC-A-B__2026-02-15_06-45-42.mp4,4203,4203,,,,
2026-HC-BBC-A-B__2026-02-15_06-45-42,2026-07-31 11:24:39.391,,Media file,player #1:teressa_sync_filtered_videos\HC-BBC\Deployement period 5\2026-HC-BBC-A-B__2026-02-15_06-45-42.mp4,0.0,118.733,122.233,30.000,TW,BBC, 5,Caesar,32.933,eats HC,food processing,,,,,,POINT,89.600,89.600,NA,teressa_sync_filtered_videos\HC-BBC\Deployement period 5\2026-HC-BBC-A-B__2026-02-15_06-45-42.mp4,4448,4448,,,,
2026-HC-BBC-A-B__2026-02-15_06-45-42,2026-07-31 11:24:39.391,,Media file,player #1:teressa_sync_filtered_videos\HC-BBC\Deployement period 5\2026-HC-BBC-A-B__2026-02-15_06-45-42.mp4,0.0,118.733,122.233,30.000,TW,BBC, 5,juvenile #1,35.9,eats HC,food processing,,,,,,POINT,89.667,89.667,NA,teressa_sync_filtered_videos\HC-BBC\Deployement period 5\2026-HC-BBC-A-B__2026-02-15_06-45-42.mp4,4451,4451,,,,
2026-HC-BBC-A-B__2026-02-15_06-45-42,2026-07-31 11:24:39.391,,Media file,player #1:teressa_sync_filtered_videos\HC-BBC\Deployement period 5\2026-HC-BBC-A-B__2026-02-15_06-45-42.mp4,0.0,118.733,122.233,30.000,TW,BBC, 5,Caesar,32.933,releases HC,food handling,None,success/eaten,,,,POINT,92.767,92.767,NA,teressa_sync_filtered_videos\HC-BBC\Deployement period 5\2026-HC-BBC-A-B__2026-02-15_06-45-42.mp4,4605,4605,,,,
2026-HC-BBC-A-B__2026-02-15_06-45-42,2026-07-31 11:24:39.391,,Media file,player #1:teressa_sync_filtered_videos\HC-BBC\Deployement period 5\2026-HC-BBC-A-B__2026-02-15_06-45-42.mp4,0.0,118.733,122.233,30.000,TW,BBC, 5,juvenile #1,35.9,reduced visibility,status,,,,,,POINT,93.467,93.467,NA,teressa_sync_filtered_videos\HC-BBC\Deployement period 5\2026-HC-BBC-A-B__2026-02-15_06-45-42.mp4,4640,4640,,,,
2026-HC-BBC-A-B__2026-02-15_06-45-42,2026-07-31 11:24:39.391,,Media file,player #1:teressa_sync_filtered_videos\HC-BBC\Deployement period 5\2026-HC-BBC-A-B__2026-02-15_06-45-42.mp4,0.0,118.733,122.233,30.000,TW,BBC, 5,Caesar,32.933,bucket inspection,information gain,bucket 1,,,,,STATE,98.900,100.067,1.167,teressa_sync_filtered_videos\HC-BBC\Deployement period 5\2026-HC-BBC-A-B__2026-02-15_06-45-42.mp4,4910,4967,,,,
2026-HC-BBC-A-B__2026-02-15_06-45-42,2026-07-31 11:24:39.391,,Media file,player #1:teressa_sync_filtered_videos\HC-BBC\Deployement period 5\2026-HC-BBC-A-B__2026-02-15_06-45-42.mp4,0.0,118.733,122.233,30.000,TW,BBC, 5,Caesar,32.933,handling HC,food handling,None,bucket 1,None,None,None,STATE,100.533,106.500,5.967,teressa_sync_filtered_videos\HC-BBC\Deployement period 5\2026-HC-BBC-A-B__2026-02-15_06-45-42.mp4,4991,5287,,,,
2026-HC-BBC-A-B__2026-02-15_06-45-42,2026-07-31 11:24:39.391,,Media file,player #1:teressa_sync_filtered_videos\HC-BBC\Deployement period 5\2026-HC-BBC-A-B__2026-02-15_06-45-42.mp4,0.0,118.733,122.233,30.000,TW,BBC, 5,Caesar,32.933,releases HC,food handling,arena stone anvil,unknown/other,,,,POINT,102.300,102.300,NA,teressa_sync_filtered_videos\HC-BBC\Deployement period 5\2026-HC-BBC-A-B__2026-02-15_06-45-42.mp4,5078,5078,,,,
2026-HC-BBC-A-B__2026-02-15_06-45-42,2026-07-31 11:24:39.391,,Media file,player #1:teressa_sync_filtered_videos\HC-BBC\Deployement period 5\2026-HC-BBC-A-B__2026-02-15_06-45-42.mp4,0.0,118.733,122.233,30.000,TW,BBC, 5,Caesar,32.933,hammerstone grab,food processing - tool use,medium,by/on arena stone,yes,,,POINT,103.967,103.967,NA,teressa_sync_filtered_videos\HC-BBC\Deployement period 5\2026-HC-BBC-A-B__2026-02-15_06-45-42.mp4,5161,5161,,,,
2026-HC-BBC-A-B__2026-02-15_06-45-42,2026-07-31 11:24:39.391,,Media file,player #1:teressa_sync_filtered_videos\HC-BBC\Deployement period 5\2026-HC-BBC-A-B__2026-02-15_06-45-42.mp4,0.0,118.733,122.233,30.000,TW,BBC, 5,Caesar,32.933,pound with hammerstone,food processing - tool use,arena stone,None,None,,,POINT,104.567,104.567,NA,teressa_sync_filtered_videos\HC-BBC\Deployement period 5\2026-HC-BBC-A-B__2026-02-15_06-45-42.mp4,5191,5191,,,,
2026-HC-BBC-A-B__2026-02-15_06-45-42,2026-07-31 11:24:39.391,,Media file,player #1:teressa_sync_filtered_videos\HC-BBC\Deployement period 5\2026-HC-BBC-A-B__2026-02-15_06-45-42.mp4,0.0,118.733,122.233,30.000,TW,BBC, 5,Caesar,32.933,releases HC,food handling,arena stone anvil,failure/uneaten,,,,POINT,106.500,106.500,NA,teressa_sync_filtered_videos\HC-BBC\Deployement period 5\2026-HC-BBC-A-B__2026-02-15_06-45-42.mp4,5287,5287,,,,
2026-HC-BBC-A-B__2026-02-15_06-45-42,2026-07-31 11:24:39.391,,Media file,player #1:teressa_sync_filtered_videos\HC-BBC\Deployement period 5\2026-HC-BBC-A-B__2026-02-15_06-45-42.mp4,0.0,118.733,122.233,30.000,TW,BBC, 5,Caesar,32.933,handling HC,food handling,None,bucket 1,None,None,None,STATE,109.267,110.133,0.866,teressa_sync_filtered_videos\HC-BBC\Deployement period 5\2026-HC-BBC-A-B__2026-02-15_06-45-42.mp4,5424,5467,,,,
2026-HC-BBC-A-B__2026-02-15_06-45-42,2026-07-31 11:24:39.391,,Media file,player #1:teressa_sync_filtered_videos\HC-BBC\Deployement period 5\2026-HC-BBC-A-B__2026-02-15_06-45-42.mp4,0.0,118.733,122.233,30.000,TW,BBC, 5,Caesar,32.933,releases HC,food handling,bucket 1,None,,,,POINT,110.133,110.133,NA,teressa_sync_filtered_videos\HC-BBC\Deployement period 5\2026-HC-BBC-A-B__2026-02-15_06-45-42.mp4,5467,5467,,,,
2026-HC-BBC-A-B__2026-02-15_06-45-42,2026-07-31 11:24:39.391,,Media file,player #1:teressa_sync_filtered_videos\HC-BBC\Deployement period 5\2026-HC-BBC-A-B__2026-02-15_06-45-42.mp4,0.0,118.733,122.233,30.000,TW,BBC, 5,Caesar,32.933,bucket rummaging,information gain,bucket 1,,,,,STATE,110.433,112.300,1.867,teressa_sync_filtered_videos\HC-BBC\Deployement period 5\2026-HC-BBC-A-B__2026-02-15_06-45-42.mp4,5482,5575,,,,
2026-HC-BBC-A-B__2026-02-15_06-45-42,2026-07-31 11:24:39.391,,Media file,player #1:teressa_sync_filtered_videos\HC-BBC\Deployement period 5\2026-HC-BBC-A-B__2026-02-15_06-45-42.mp4,0.0,118.733,122.233,30.000,TW,BBC, 5,Caesar,32.933,handling HC,food handling,None,bucket 1,None,None,None,STATE,112.367,122.233,9.866,teressa_sync_filtered_videos\HC-BBC\Deployement period 5\2026-HC-BBC-A-B__2026-02-15_06-45-42.mp4,5578,NA,,,,Event automatically added by the fix unpaired state events function
2026-HC-BBC-A-B__2026-02-15_06-45-42,2026-07-31 11:24:39.391,,Media file,player #1:teressa_sync_filtered_videos\HC-BBC\Deployement period 5\2026-HC-BBC-A-B__2026-02-15_06-45-42.mp4,0.0,118.733,122.233,30.000,TW,BBC, 5,Caesar,32.933,releases HC,food handling,arena stone anvil,unknown/other,,,,POINT,117.500,117.500,NA,teressa_sync_filtered_videos\HC-BBC\Deployement period 5\2026-HC-BBC-A-B__2026-02-15_06-45-42.mp4,5833,5833,,,,
2026-HC-BBC-A-B__2026-02-15_06-45-42,2026-07-31 11:24:39.391,,Media file,player #1:teressa_sync_filtered_videos\HC-BBC\Deployement period 5\2026-HC-BBC-A-B__2026-02-15_06-45-42.mp4,0.0,118.733,122.233,30.000,TW,BBC, 5,Caesar,32.933,hammerstone grab,food processing - tool use,medium,by/on arena stone,yes,,,POINT,118.067,118.067,NA,teressa_sync_filtered_videos\HC-BBC\Deployement period 5\2026-HC-BBC-A-B__2026-02-15_06-45-42.mp4,5861,5861,,,,
2026-HC-BBC-A-B__2026-02-15_06-45-42,2026-07-31 11:24:39.391,,Media file,player #1:teressa_sync_filtered_videos\HC-BBC\Deployement period 5\2026-HC-BBC-A-B__2026-02-15_06-45-42.mp4,0.0,118.733,122.233,30.000,TW,BBC, 5,Caesar,32.933,pound with hammerstone,food processing - tool use,arena stone,None,None,,,POINT,118.433,118.433,NA,teressa_sync_filtered_videos\HC-BBC\Deployement period 5\2026-HC-BBC-A-B__2026-02-15_06-45-42.mp4,5879,5879,,,,
2026-HC-BBC-A-B__2026-02-15_06-47-45,2026-07-31 11:25:12.192,,Media file,player #1:teressa_sync_filtered_videos\HC-BBC\Deployement period 5\2026-HC-BBC-A-B__2026-02-15_06-47-45.mp4,0.0,11.200,122.333,30.000,TW,BBC, 5,Caesar,10.466,handling HC,food handling,None,None,None,None,None,STATE,3.967,12.800,8.833,teressa_sync_filtered_videos\HC-BBC\Deployement period 5\2026-HC-BBC-A-B__2026-02-15_06-47-45.mp4,197,635,,,,
2026-HC-BBC-A-B__2026-02-15_06-47-45,2026-07-31 11:25:12.192,,Media file,player #1:teressa_sync_filtered_videos\HC-BBC\Deployement period 5\2026-HC-BBC-A-B__2026-02-15_06-47-45.mp4,0.0,11.200,122.333,30.000,TW,BBC, 5,Caesar,10.466,hit/pound on surface,food processing,arena stone anvil,,,,,POINT,6.200,6.200,NA,teressa_sync_filtered_videos\HC-BBC\Deployement period 5\2026-HC-BBC-A-B__2026-02-15_06-47-45.mp4,308,308,,,,
2026-HC-BBC-A-B__2026-02-15_06-47-45,2026-07-31 11:25:12.192,,Media file,player #1:teressa_sync_filtered_videos\HC-BBC\Deployement period 5\2026-HC-BBC-A-B__2026-02-15_06-47-45.mp4,0.0,11.200,122.333,30.000,TW,BBC, 5,Caesar,10.466,roll/scrub on surface,food processing - non-tool use,None,None,,,,STATE,6.867,8.500,1.633,teressa_sync_filtered_videos\HC-BBC\Deployement period 5\2026-HC-BBC-A-B__2026-02-15_06-47-45.mp4,341,422,,,,
2026-HC-BBC-A-B__2026-02-15_06-47-45,2026-07-31 11:25:12.192,,Media file,player #1:teressa_sync_filtered_videos\HC-BBC\Deployement period 5\2026-HC-BBC-A-B__2026-02-15_06-47-45.mp4,0.0,11.200,122.333,30.000,TW,BBC, 5,Caesar,10.466,releases HC,food handling,arena stone anvil,unknown/other,,,,POINT,8.600,8.600,NA,teressa_sync_filtered_videos\HC-BBC\Deployement period 5\2026-HC-BBC-A-B__2026-02-15_06-47-45.mp4,427,427,,,,
2026-HC-BBC-A-B__2026-02-15_06-47-45,2026-07-31 11:25:12.192,,Media file,player #1:teressa_sync_filtered_videos\HC-BBC\Deployement period 5\2026-HC-BBC-A-B__2026-02-15_06-47-45.mp4,0.0,11.200,122.333,30.000,TW,BBC, 5,Caesar,10.466,hammerstone grab,food processing - tool use,medium,by/on arena stone,yes,,,POINT,8.933,8.933,NA,teressa_sync_filtered_videos\HC-BBC\Deployement period 5\2026-HC-BBC-A-B__2026-02-15_06-47-45.mp4,443,443,,,,
2026-HC-BBC-A-B__2026-02-15_06-47-45,2026-07-31 11:25:12.192,,Media file,player #1:teressa_sync_filtered_videos\HC-BBC\Deployement period 5\2026-HC-BBC-A-B__2026-02-15_06-47-45.mp4,0.0,11.200,122.333,30.000,TW,BBC, 5,Caesar,10.466,pound with hammerstone,food processing - tool use,arena stone,None,None,,,POINT,9.300,9.300,NA,teressa_sync_filtered_videos\HC-BBC\Deployement period 5\2026-HC-BBC-A-B__2026-02-15_06-47-45.mp4,462,462,,,,
2026-HC-BBC-A-B__2026-02-15_06-47-45,2026-07-31 11:25:12.192,,Media file,player #1:teressa_sync_filtered_videos\HC-BBC\Deployement period 5\2026-HC-BBC-A-B__2026-02-15_06-47-45.mp4,0.0,11.200,122.333,30.000,TW,BBC, 5,Caesar,10.466,eats HC,food processing,,,,,,POINT,11.567,11.567,NA,teressa_sync_filtered_videos\HC-BBC\Deployement period 5\2026-HC-BBC-A-B__2026-02-15_06-47-45.mp4,574,574,,,,
2026-HC-BBC-A-B__2026-02-15_06-47-45,2026-07-31 11:25:12.192,,Media file,player #1:teressa_sync_filtered_videos\HC-BBC\Deployement period 5\2026-HC-BBC-A-B__2026-02-15_06-47-45.mp4,0.0,11.200,122.333,30.000,TW,BBC, 5,Caesar,10.466,releases HC,food handling,arena stone anvil,success/eaten,,,,POINT,12.800,12.800,NA,teressa_sync_filtered_videos\HC-BBC\Deployement period 5\2026-HC-BBC-A-B__2026-02-15_06-47-45.mp4,635,635,,,,
2026-HC-BBC-A-B__2026-02-15_06-47-45,2026-07-31 11:25:12.192,,Media file,player #1:teressa_sync_filtered_videos\HC-BBC\Deployement period 5\2026-HC-BBC-A-B__2026-02-15_06-47-45.mp4,0.0,11.200,122.333,30.000,TW,BBC, 5,Caesar,10.466,reduced visibility,status,,,,,,POINT,15.167,15.167,NA,teressa_sync_filtered_videos\HC-BBC\Deployement period 5\2026-HC-BBC-A-B__2026-02-15_06-47-45.mp4,753,753,,,,
2026-HC-BBC-A-B__2026-02-15_13-55-57,2026-07-31 11:25:32.412,,Media file,player #1:teressa_sync_filtered_videos\HC-BBC\Deployement period 5\2026-HC-BBC-A-B__2026-02-15_13-55-57.mp4,0.0,0.000,122.633,30.000,TW,BBC, 5,unknown #1,0.0,point of interest/general comment,user notes,other - comment,,,,,POINT,0.467,0.467,NA,teressa_sync_filtered_videos\HC-BBC\Deployement period 5\2026-HC-BBC-A-B__2026-02-15_13-55-57.mp4,23,23,,,nca,
2026-HC-BBC-A-B__2026-02-15_14-12-27,2026-07-31 11:25:55.491,,Media file,player #1:teressa_sync_filtered_videos\HC-BBC\Deployement period 5\2026-HC-BBC-A-B__2026-02-15_14-12-27.mp4,0.0,1.833,125.933,30.000,TW,BBC, 5,juvenile #1,1.833,bucket inspection,information gain,bucket 2,,,,,STATE,121.000,122.833,1.833,teressa_sync_filtered_videos\HC-BBC\Deployement period 5\2026-HC-BBC-A-B__2026-02-15_14-12-27.mp4,5936,6026,,,,
2026-HC-BBC-A-B__2026-02-15_14-15-17,2026-07-31 11:26:21.458,,Media file,player #1:teressa_sync_filtered_videos\HC-BBC\Deployement period 5\2026-HC-BBC-A-B__2026-02-15_14-15-17.mp4,0.0,0.000,170.167,30.000,TW,BBC, 5,unknown #1,0.0,point of interest/general comment,user notes,other - comment,,,,,POINT,1.100,1.100,NA,teressa_sync_filtered_videos\HC-BBC\Deployement period 5\2026-HC-BBC-A-B__2026-02-15_14-15-17.mp4,33,33,,,nca,
2026-HC-BBC-A-B__2026-02-15_14-22-20,2026-07-31 11:26:50.552,,Media file,player #1:teressa_sync_filtered_videos\HC-BBC\Deployement period 5\2026-HC-BBC-A-B__2026-02-15_14-22-20.mp4,0.0,6.367,122.367,30.000,TW,BBC, 5,juvenile #1,3.134,bucket inspection,information gain,bucket 2,,,,,STATE,3.900,5.867,1.967,teressa_sync_filtered_videos\HC-BBC\Deployement period 5\2026-HC-BBC-A-B__2026-02-15_14-22-20.mp4,117,176,,,,
2026-HC-BBC-A-B__2026-02-15_14-22-20,2026-07-31 11:26:50.552,,Media file,player #1:teressa_sync_filtered_videos\HC-BBC\Deployement period 5\2026-HC-BBC-A-B__2026-02-15_14-22-20.mp4,0.0,6.367,122.367,30.000,TW,BBC, 5,juvenile #1,3.134,bucket inspection,information gain,bucket 1,,,,,STATE,9.100,10.267,1.167,teressa_sync_filtered_videos\HC-BBC\Deployement period 5\2026-HC-BBC-A-B__2026-02-15_14-22-20.mp4,273,308,,,,
2026-HC-BBC-A-B__2026-02-17_15-33-21,2026-07-31 11:27:13.045,,Media file,player #1:teressa_sync_filtered_videos\HC-BBC\Deployement period 5\2026-HC-BBC-A-B__2026-02-17_15-33-21.mp4,0.0,0.000,122.300,30.000,TW,BBC, 5,unknown #1,0.0,point of interest/general comment,user notes,other - comment,,,,,POINT,0.800,0.800,NA,teressa_sync_filtered_videos\HC-BBC\Deployement period 5\2026-HC-BBC-A-B__2026-02-17_15-33-21.mp4,32,32,,,nca,
2026-HC-BBC-A-B__2026-02-17_15-57-05,2026-07-31 11:28:51.285,,Media file,player #1:teressa_sync_filtered_videos\HC-BBC\Deployement period 5\2026-HC-BBC-A-B__2026-02-17_15-57-05.mp4,0.0,0.000,121.167,30.000,TW,BBC, 5,unknown #1,0.0,point of interest/general comment,user notes,other - comment,,,,,POINT,0.267,0.267,NA,teressa_sync_filtered_videos\HC-BBC\Deployement period 5\2026-HC-BBC-A-B__2026-02-17_15-57-05.mp4,8,8,,,nca,
2026-HC-BBC-A-B__2026-02-17_16-00-36,2026-07-31 11:29:14.130,,Media file,player #1:teressa_sync_filtered_videos\HC-BBC\Deployement period 5\2026-HC-BBC-A-B__2026-02-17_16-00-36.mp4,0.0,0.000,120.167,30.000,TW,BBC, 5,unknown #1,0.0,point of interest/general comment,user notes,other - comment,,,,,POINT,0.400,0.400,NA,teressa_sync_filtered_videos\HC-BBC\Deployement period 5\2026-HC-BBC-A-B__2026-02-17_16-00-36.mp4,12,12,,,nca,
2026-HC-BBC-A-B__2026-02-17_16-02-40,2026-07-31 11:29:36.804,,Media file,player #1:teressa_sync_filtered_videos\HC-BBC\Deployement period 5\2026-HC-BBC-A-B__2026-02-17_16-02-40.mp4,0.0,0.000,124.467,30.000,TW,BBC, 5,unknown #1,0.0,point of interest/general comment,user notes,other - comment,,,,,POINT,0.100,0.100,NA,teressa_sync_filtered_videos\HC-BBC\Deployement period 5\2026-HC-BBC-A-B__2026-02-17_16-02-40.mp4,3,3,,,nca,
2026-HC-BBC-A-B__2026-02-17_16-05-02,2026-07-31 11:30:00.805,,Media file,player #1:teressa_sync_filtered_videos\HC-BBC\Deployement period 5\2026-HC-BBC-A-B__2026-02-17_16-05-02.mp4,0.0,0.000,120.133,60.000,TW,BBC, 5,unknown #1,0.0,point of interest/general comment,user notes,other - comment,,,,,POINT,0.433,0.433,NA,teressa_sync_filtered_videos\HC-BBC\Deployement period 5\2026-HC-BBC-A-B__2026-02-17_16-05-02.mp4,22,22,,,nca,
2026-HC-BBC-A-B__2026-02-17_16-07-05,2026-07-31 11:30:22.167,,Media file,player #1:teressa_sync_filtered_videos\HC-BBC\Deployement period 5\2026-HC-BBC-A-B__2026-02-17_16-07-05.mp4,0.0,0.000,157.333,30.000,TW,BBC, 5,unknown #1,0.0,point of interest/general comment,user notes,other - comment,,,,,POINT,0.400,0.400,NA,teressa_sync_filtered_videos\HC-BBC\Deployement period 5\2026-HC-BBC-A-B__2026-02-17_16-07-05.mp4,18,18,,,nca,
2026-HC-BBC-A-B__2026-02-17_16-09-48,2026-07-31 11:30:50.936,,Media file,player #1:teressa_sync_filtered_videos\HC-BBC\Deployement period 5\2026-HC-BBC-A-B__2026-02-17_16-09-48.mp4,0.0,0.000,120.667,30.000,TW,BBC, 5,unknown #1,0.0,point of interest/general comment,user notes,other - comment,,,,,POINT,0.367,0.367,NA,teressa_sync_filtered_videos\HC-BBC\Deployement period 5\2026-HC-BBC-A-B__2026-02-17_16-09-48.mp4,11,11,,,nca,
2026-HC-BBC-A-B__2026-02-17_16-11-51,2026-07-31 11:31:20.762,,Media file,player #1:teressa_sync_filtered_videos\HC-BBC\Deployement period 5\2026-HC-BBC-A-B__2026-02-17_16-11-51.mp4,0.0,24.467,122.067,30.000,TW,BBC, 5,juvenile #1,10.567,bucket inspection,information gain,bucket 1,,,,,STATE,7.533,8.900,1.367,teressa_sync_filtered_videos\HC-BBC\Deployement period 5\2026-HC-BBC-A-B__2026-02-17_16-11-51.mp4,226,267,,,,
2026-HC-BBC-A-B__2026-02-17_16-11-51,2026-07-31 11:31:20.762,,Media file,player #1:teressa_sync_filtered_videos\HC-BBC\Deployement period 5\2026-HC-BBC-A-B__2026-02-17_16-11-51.mp4,0.0,24.467,122.067,30.000,TW,BBC, 5,juvenile #1,10.567,bucket inspection,information gain,bucket 2,,,,,STATE,11.233,13.533,2.300,teressa_sync_filtered_videos\HC-BBC\Deployement period 5\2026-HC-BBC-A-B__2026-02-17_16-11-51.mp4,337,406,,,,
2026-HC-BBC-A-B__2026-02-17_16-11-51,2026-07-31 11:31:20.762,,Media file,player #1:teressa_sync_filtered_videos\HC-BBC\Deployement period 5\2026-HC-BBC-A-B__2026-02-17_16-11-51.mp4,0.0,24.467,122.067,30.000,TW,BBC, 5,juvenile #1,10.567,bucket rummaging,information gain,bucket 2,,,,,STATE,17.700,23.100,5.400,teressa_sync_filtered_videos\HC-BBC\Deployement period 5\2026-HC-BBC-A-B__2026-02-17_16-11-51.mp4,531,693,,,,
2026-HC-BBC-A-B__2026-02-17_16-11-51,2026-07-31 11:31:20.762,,Media file,player #1:teressa_sync_filtered_videos\HC-BBC\Deployement period 5\2026-HC-BBC-A-B__2026-02-17_16-11-51.mp4,0.0,24.467,122.067,30.000,TW,BBC, 5,juvenile #1,10.567,bucket inspection,information gain,bucket 2,,,,,STATE,30.500,32.000,1.500,teressa_sync_filtered_videos\HC-BBC\Deployement period 5\2026-HC-BBC-A-B__2026-02-17_16-11-51.mp4,915,960,,,,
2026-HC-BBC-A-B__2026-02-17_16-13-54,2026-07-31 11:31:41.671,,Media file,player #1:teressa_sync_filtered_videos\HC-BBC\Deployement period 5\2026-HC-BBC-A-B__2026-02-17_16-13-54.mp4,0.0,21.266,125.933,30.000,TW,BBC, 5,juvenile #1,12.932,bucket inspection,information gain,bucket 1,,,,,STATE,25.267,26.767,1.500,teressa_sync_filtered_videos\HC-BBC\Deployement period 5\2026-HC-BBC-A-B__2026-02-17_16-13-54.mp4,1240,1313,,,,
2026-HC-BBC-A-B__2026-02-17_16-13-54,2026-07-31 11:31:41.671,,Media file,player #1:teressa_sync_filtered_videos\HC-BBC\Deployement period 5\2026-HC-BBC-A-B__2026-02-17_16-13-54.mp4,0.0,21.266,125.933,30.000,TW,BBC, 5,juvenile #1,12.932,bucket rummaging,information gain,bucket 1,,,,,STATE,26.867,34.800,7.933,teressa_sync_filtered_videos\HC-BBC\Deployement period 5\2026-HC-BBC-A-B__2026-02-17_16-13-54.mp4,1318,1707,,,,
2026-HC-BBC-A-B__2026-02-17_16-13-54,2026-07-31 11:31:41.671,,Media file,player #1:teressa_sync_filtered_videos\HC-BBC\Deployement period 5\2026-HC-BBC-A-B__2026-02-17_16-13-54.mp4,0.0,21.266,125.933,30.000,TW,BBC, 5,juvenile #1,12.932,bucket inspection,information gain,bucket 1,,,,,STATE,37.967,38.733,0.766,teressa_sync_filtered_videos\HC-BBC\Deployement period 5\2026-HC-BBC-A-B__2026-02-17_16-13-54.mp4,1863,1900,,,,
2026-HC-BBC-A-B__2026-02-17_16-13-54,2026-07-31 11:31:41.671,,Media file,player #1:teressa_sync_filtered_videos\HC-BBC\Deployement period 5\2026-HC-BBC-A-B__2026-02-17_16-13-54.mp4,0.0,21.266,125.933,30.000,TW,BBC, 5,juvenile #1,12.932,bucket rummaging,information gain,bucket 1,,,,,STATE,38.867,40.267,1.400,teressa_sync_filtered_videos\HC-BBC\Deployement period 5\2026-HC-BBC-A-B__2026-02-17_16-13-54.mp4,1907,1976,,,,
2026-HC-BBC-A-B__2026-02-17_16-13-54,2026-07-31 11:31:41.671,,Media file,player #1:teressa_sync_filtered_videos\HC-BBC\Deployement period 5\2026-HC-BBC-A-B__2026-02-17_16-13-54.mp4,0.0,21.266,125.933,30.000,TW,BBC, 5,juvenile #1,12.932,bucket inspection,information gain,bucket 2,,,,,STATE,45.200,46.533,1.333,teressa_sync_filtered_videos\HC-BBC\Deployement period 5\2026-HC-BBC-A-B__2026-02-17_16-13-54.mp4,2218,2283,,,,
2026-HC-BBC-A-B__2026-02-17_16-17-10,2026-07-31 11:32:01.620,,Media file,player #1:teressa_sync_filtered_videos\HC-BBC\Deployement period 5\2026-HC-BBC-A-B__2026-02-17_16-17-10.mp4,0.0,0.000,156.067,30.000,TW,BBC, 5,unknown #1,0.0,point of interest/general comment,user notes,other - comment,,,,,POINT,0.567,0.567,NA,teressa_sync_filtered_videos\HC-BBC\Deployement period 5\2026-HC-BBC-A-B__2026-02-17_16-17-10.mp4,17,17,,,nca,
2026-HC-BBC-A-B__2026-02-17_16-31-57,2026-07-31 11:32:23.777,,Media file,player #1:teressa_sync_filtered_videos\HC-BBC\Deployement period 5\2026-HC-BBC-A-B__2026-02-17_16-31-57.mp4,0.0,0.000,150.400,30.000,TW,BBC, 5,unknown #1,0.0,point of interest/general comment,user notes,other - comment,,,,,POINT,0.467,0.467,NA,teressa_sync_filtered_videos\HC-BBC\Deployement period 5\2026-HC-BBC-A-B__2026-02-17_16-31-57.mp4,18,18,,,nca,
2026-HC-BBC-A-B__2026-02-18_07-27-20,2026-07-31 11:32:44.876,,Media file,player #1:teressa_sync_filtered_videos\HC-BBC\Deployement period 5\2026-HC-BBC-A-B__2026-02-18_07-27-20.mp4,0.0,26.367,237.967,30.000,TW,BBC, 5,juvenile #1,0.967,bucket inspection,information gain,bucket 1,,,,,STATE,120.100,121.067,0.967,teressa_sync_filtered_videos\HC-BBC\Deployement period 5\2026-HC-BBC-A-B__2026-02-18_07-27-20.mp4,3604,3633,,,,
2026-HC-BBC-A-B__2026-02-18_07-27-20,2026-07-31 11:32:44.876,,Media file,player #1:teressa_sync_filtered_videos\HC-BBC\Deployement period 5\2026-HC-BBC-A-B__2026-02-18_07-27-20.mp4,0.0,26.367,237.967,30.000,TW,BBC, 5,juvenile #2,2.6,bucket inspection,information gain,bucket 1,,,,,STATE,137.600,140.200,2.600,teressa_sync_filtered_videos\HC-BBC\Deployement period 5\2026-HC-BBC-A-B__2026-02-18_07-27-20.mp4,4129,4207,,,,
2026-HC-BBC-A-B__2026-02-18_07-27-20,2026-07-31 11:32:44.876,,Media file,player #1:teressa_sync_filtered_videos\HC-BBC\Deployement period 5\2026-HC-BBC-A-B__2026-02-18_07-27-20.mp4,0.0,26.367,237.967,30.000,TW,BBC, 5,juvenile #3,1.434,bucket inspection,information gain,bucket 2,,,,,STATE,138.333,139.767,1.434,teressa_sync_filtered_videos\HC-BBC\Deployement period 5\2026-HC-BBC-A-B__2026-02-18_07-27-20.mp4,4151,4194,,,,
2026-HC-BBC-A-B__2026-02-18_07-27-20,2026-07-31 11:32:44.876,,Media file,player #1:teressa_sync_filtered_videos\HC-BBC\Deployement period 5\2026-HC-BBC-A-B__2026-02-18_07-27-20.mp4,0.0,26.367,237.967,30.000,TW,BBC, 5,juvenile #3,1.434,other behavior/modifier,user notes,None,,,,,POINT,142.667,142.667,NA,teressa_sync_filtered_videos\HC-BBC\Deployement period 5\2026-HC-BBC-A-B__2026-02-18_07-27-20.mp4,4281,4281,,,halloween crab,
2026-HC-BBC-A-B__2026-02-18_07-27-20,2026-07-31 11:32:44.876,,Media file,player #1:teressa_sync_filtered_videos\HC-BBC\Deployement period 5\2026-HC-BBC-A-B__2026-02-18_07-27-20.mp4,0.0,26.367,237.967,30.000,TW,BBC, 5,juvenile #3,1.434,point of interest/general comment,user notes,other - comment,,,,,POINT,143.067,143.067,NA,teressa_sync_filtered_videos\HC-BBC\Deployement period 5\2026-HC-BBC-A-B__2026-02-18_07-27-20.mp4,4293,4293,,,halloween crab - stopped coding for bucket 1,
2026-HC-BBC-A-B__2026-02-18_07-27-20,2026-07-31 11:32:44.876,,Media file,player #1:teressa_sync_filtered_videos\HC-BBC\Deployement period 5\2026-HC-BBC-A-B__2026-02-18_07-27-20.mp4,0.0,26.367,237.967,30.000,TW,BBC, 5,juvenile #4,1.534,bucket inspection,information gain,bucket 1,,,,,STATE,144.933,146.467,1.534,teressa_sync_filtered_videos\HC-BBC\Deployement period 5\2026-HC-BBC-A-B__2026-02-18_07-27-20.mp4,4349,4395,,,,
2026-HC-BBC-A-B__2026-02-18_16-10-03,2026-07-31 11:33:08.644,,Media file,player #1:teressa_sync_filtered_videos\HC-BBC\Deployement period 5\2026-HC-BBC-A-B__2026-02-18_16-10-03.mp4,0.0,0.933,121.233,60.000,TW,BBC, 5,Wayne,1.4,handling HC,food handling,None,None,None,None,None,STATE,8.067,9.000,0.933,teressa_sync_filtered_videos\HC-BBC\Deployement period 5\2026-HC-BBC-A-B__2026-02-18_16-10-03.mp4,402,448,,,,
2026-HC-BBC-A-B__2026-02-18_16-10-03,2026-07-31 11:33:08.644,,Media file,player #1:teressa_sync_filtered_videos\HC-BBC\Deployement period 5\2026-HC-BBC-A-B__2026-02-18_16-10-03.mp4,0.0,0.933,121.233,60.000,TW,BBC, 5,Wayne,1.4,smells held HC,information gain,None,,,,,STATE,8.333,8.800,0.467,teressa_sync_filtered_videos\HC-BBC\Deployement period 5\2026-HC-BBC-A-B__2026-02-18_16-10-03.mp4,415,438,,,,
2026-HC-BBC-A-B__2026-02-18_16-10-03,2026-07-31 11:33:08.644,,Media file,player #1:teressa_sync_filtered_videos\HC-BBC\Deployement period 5\2026-HC-BBC-A-B__2026-02-18_16-10-03.mp4,0.0,0.933,121.233,60.000,TW,BBC, 5,Wayne,1.4,releases HC,food handling,None,None,,,,POINT,9.000,9.000,NA,teressa_sync_filtered_videos\HC-BBC\Deployement period 5\2026-HC-BBC-A-B__2026-02-18_16-10-03.mp4,448,448,,,,
2026-HC-BBC-A-B__2026-02-18_17-16-33,2026-07-31 11:33:27.078,,Media file,player #1:teressa_sync_filtered_videos\HC-BBC\Deployement period 5\2026-HC-BBC-A-B__2026-02-18_17-16-33.mp4,0.0,0.000,121.467,30.000,TW,BBC, 5,unknown #1,0.0,point of interest/general comment,user notes,other - comment,,,,,POINT,0.233,0.233,NA,teressa_sync_filtered_videos\HC-BBC\Deployement period 5\2026-HC-BBC-A-B__2026-02-18_17-16-33.mp4,7,7,,,nca,
